CASE_ID,ACCIDENT_YEAR,PROC_DATE,JURIS,COLLISION_DATE,COLLISION_TIME,OFFICER_ID,REPORTING_DISTRICT,DAY_OF_WEEK,CHP_SHIFT,POPULATION,CNTY_CITY_LOC,SPECIAL_COND,BEAT_TYPE,CHP_BEAT_TYPE,CITY_DIVISION_LAPD,CHP_BEAT_CLASS,BEAT_NUMBER,PRIMARY_RD,SECONDARY_RD,DISTANCE,DIRECTION,INTERSECTION,WEATHER_1,WEATHER_2,STATE_HWY_IND,CALTRANS_COUNTY,CALTRANS_DISTRICT,STATE_ROUTE,ROUTE_SUFFIX,POSTMILE_PREFIX,POSTMILE,LOCATION_TYPE,RAMP_INTERSECTION,SIDE_OF_HWY,TOW_AWAY,COLLISION_SEVERITY,NUMBER_KILLED,NUMBER_INJURED,PARTY_COUNT,PRIMARY_COLL_FACTOR,PCF_CODE_OF_VIOL,PCF_VIOL_CATEGORY,PCF_VIOLATION,PCF_VIOL_SUBSECTION,HIT_AND_RUN,TYPE_OF_COLLISION,MVIW,PED_ACTION,ROAD_SURFACE,ROAD_COND_1,ROAD_COND_2,LIGHTING,CONTROL_DEVICE,CHP_ROAD_TYPE,PEDESTRIAN_ACCIDENT,BICYCLE_ACCIDENT,MOTORCYCLE_ACCIDENT,TRUCK_ACCIDENT,NOT_PRIVATE_PROPERTY,ALCOHOL_INVOLVED,STWD_VEHTYPE_AT_FAULT,CHP_VEHTYPE_AT_FAULT,COUNT_SEVERE_INJ,COUNT_VISIBLE_INJ,COUNT_COMPLAINT_PAIN,COUNT_PED_KILLED,COUNT_PED_INJURED,COUNT_BICYCLIST_KILLED,COUNT_BICYCLIST_INJURED,COUNT_MC_KILLED,COUNT_MC_INJURED,PRIMARY_RAMP,SECONDARY_RAMP,LATITUDE,LONGITUDE,COUNTY,CITY,POINT_X,POINT_Y
6824871,2015,2015-03-03,9755,2015-01-06,2000,18264,,2,2,9,4200,0,3,5,,2,050,"SAN MIGUELITO RD","WILLOW ST",22704.00,S,N,A,-,N,,,,,,,,,,Y,2,0,2,1,A,-,08,22107,,N,F,-,A,A,H,-,D,D,0,,,,,Y,,A,01,1,0,1,0,0,0,0,0,0,"- ","- ",34.588880000000003,-120.4919,"SANTA BARBARA",UNINCORPORATED,-120.49097630999999,34.588472920000001
8151463,2016,2016-10-26,4200,2016-08-30,1811,4951,14,2,5,3,4205,0,0,0,,0,040,"LIMU DR","MALIBU DR",0.00,,Y,A,-,N,,,,,,,,,,N,2,0,1,2,A,-,09,21801,A,N,D,G,A,A,H,-,A,D,0,,Y,,,Y,,A,01,1,0,0,0,0,0,1,0,0,"- ","- ",,,"SANTA BARBARA",CARPINTERIA,-119.51760994,34.404620029999997
8688125,2018,2018-09-11,4202,2018-07-11,0844,239,LOMPO,3,5,4,4202,0,0,0,,0,,"GEORGE MILLER DR","RT 1",2132.00,W,N,A,-,N,,,,,,,,,,N,2,0,1,2,C,-,18,,,N,G,B,F,A,H,-,A,D,0,Y,,,,Y,,-,"- ",1,0,0,0,1,0,0,0,0,"- ","- ",,,"SANTA BARBARA",LOMPOC,,
9268467,2021,2021-07-13,4203,2021-06-01,1955,24321,22,2,5,5,4203,0,0,0,,0,006,"CHINO ST","W SOLA ST",28.00,N,N,A,-,N,,,,,,,,,,Y,2,0,1,3,D,-,00,,,F,B,E,A,A,H,-,B,D,0,,,,,Y,,-,"- ",1,0,0,0,0,0,0,0,0,"- ","- ",34.416900634765625,-119.71607971191406,"SANTA BARBARA","SANTA BARBARA",-119.71604156494141,34.416893005371094
90046858,2015,2015-11-09,9755,2015-10-29,2040,020202,,4,2,9,4200,0,3,5,,2,040,"FOXEN CANYON RD",SR-154,7920.00,N,N,A,-,Y,,,,,,,,,,Y,2,0,1,1,A,-,01,23152,A,N,F,A,A,A,H,-,D,D,0,,,,,Y,Y,D,22,1,0,0,0,0,0,0,0,0,"- ","- ",34.68976,-120.12899,"SANTA BARBARA",UNINCORPORATED,-120.12952856,34.688353800000002
6589802,2014,2016-05-07,9750,2014-08-05,1514,014358,,2,2,9,4200,0,1,3,,1,021,"RT 135","RICE RANCH RD",92.00,S,N,A,-,Y,SB,5,135,-,R,9.980,H,-,S,Y,2,0,1,1,A,-,03,22350,,N,E,J,A,A,H,-,A,D,5,,,Y,,Y,,C,02,1,0,0,0,0,0,0,0,1,"- ","- ",34.859119999999997,-120.43929,"SANTA BARBARA",UNINCORPORATED,-120.43917620000001,34.859217229999999
90869122,2018,2018-11-28,9755,2018-11-17,0902,018514,,6,1,9,4200,0,1,2,,2,004,SR-1,"CONSTELLATION RD",3696.00,S,N,A,-,Y,,,1,,,,,,,Y,2,0,1,1,A,-,08,22107,,N,F,A,A,A,H,-,A,D,0,,,,,Y,,A,01,1,0,0,0,0,0,0,0,0,"- ","- ",34.692779541015625,-120.45841217041016,"SANTA BARBARA",UNINCORPORATED,-120.45848846435547,34.692756652832031
91674430,2022,2022-01-10,9760,2022-01-04,2320,021531,,2,3,9,4200,0,3,5,,2,005,"DEL PLAYA DRIVE","EL EMBARCADERO RD",301.00,W,N,A,-,N,,,,,,,,,,N,2,0,1,2,A,-,00,21221,,N,B,E,A,A,H,-,C,D,0,,,,,Y,Y,M,94,1,0,0,0,0,0,0,0,0,"- ","- ",34.409591674804688,-119.85729217529297,"SANTA BARBARA",UNINCORPORATED,-119.85722351074219,34.4095458984375
94675098,2025,2025-05-05,9760,2025-04-14,2130,022912,,1,2,9,4200,0,1,3,,1,014,SR-192,"PARK LN",540.00,W,N,A,-,N,,,,,,,,,,Y,2,0,1,1,A,-,03,22350,,N,E,I,A,A,H,-,D,D,0,,,Y,,Y,,C,02,1,0,0,0,0,0,0,0,1,"- ","- ",34.439521789550781,-119.62033081054688,"SANTA BARBARA",UNINCORPORATED,-119.62033843994141,34.439311981201172
7032519,2015,2015-08-21,4200,2015-06-30,1529,3683,14,2,5,4,4214,0,0,0,,0,060,"PATTERSON AV","OVERPASS RD",0.00,,Y,A,-,N,,,,,,,,,,Y,2,0,2,2,A,-,12,21453,A,N,D,C,A,A,H,-,A,A,0,,,,,Y,,A,07,1,1,0,0,0,0,0,0,0,"- ","- ",,,"SANTA BARBARA",GOLETA,-119.80864993,34.439080019999999
8527092,2017,2018-01-10,4200,2017-11-20,0718,3683,14,1,5,4,4214,0,0,0,,0,050,"LOS CARNEROS RD","CALLE REAL",0.00,,Y,A,-,N,,,,,,,,,,N,2,0,1,1,A,-,08,22107,,N,E,I,A,A,H,-,A,D,0,,Y,,,Y,,L,04,1,0,0,0,0,0,1,0,0,"- ","- ",,,"SANTA BARBARA",GOLETA,-119.852726,34.440130000000003
9211695,2020,2021-03-11,4200,2020-02-09,1720,4608,14,7,5,4,4214,0,0,0,,0,080,"CATHEDRAL OAKS RD","ELLWOOD RIDGE RD",740.00,E,N,A,-,N,,,,,,,,,,Y,1,2,0,3,A,-,01,23152,A,F,G,B,F,A,H,-,A,D,0,Y,,,,Y,Y,A,01,0,0,0,2,0,0,0,0,0,"- ","- ",,,"SANTA BARBARA",GOLETA,-119.896215,34.441141000000002
90605790,2017,2017-11-30,9760,2017-11-21,0750,015669,,2,1,9,4200,0,1,2,,1,030,"US-101 S/B","SIGNAL OIL",1056.00,S,N,A,-,Y,,,101,,,,,,S,Y,2,0,1,1,A,-,08,22107,,N,E,I,A,A,H,-,A,D,0,,,,,Y,,D,22,1,0,0,0,0,0,0,0,0,"- ","- ",34.438490000000002,-119.92923999999999,"SANTA BARBARA",UNINCORPORATED,-119.92923595000001,34.438522419999998
90746426,2018,2018-06-12,9760,2018-06-01,0203,021476,,5,3,9,4200,0,3,5,,2,001,"LILLIE AVENUE","HOLLISTER STREET",6.00,W,N,B,-,N,,,,,,,,,,Y,2,0,1,1,A,-,01,23152,F,N,E,I,A,A,H,-,C,D,0,,,,,Y,,D,22,1,0,0,0,0,0,0,0,0,"- ","- ",34.421760559082031,-119.60014343261719,"SANTA BARBARA",UNINCORPORATED,-119.60002899169922,34.421745300292969
90836910,2018,2018-11-13,9755,2018-09-24,1420,021011,,1,2,9,4200,0,1,3,,1,051,"RT 1","JALAMA ROAD",21648.00,S,N,A,-,Y,,,1,,,,,,,Y,1,1,2,2,A,-,05,21460,A,N,B,C,A,A,H,-,A,D,0,,,,,Y,,A,01,0,0,2,0,0,0,0,0,0,"- ","- ",34.556018829345703,-120.36202239990234,"SANTA BARBARA",UNINCORPORATED,-120.36204528808594,34.556011199951172
90964660,2019,2019-04-09,9750,2019-04-04,1938,018009,,4,2,9,4200,0,3,5,,2,020,"RICE RANCH ROAD","DYER ST",1056.00,W,N,B,-,N,,,,,,,,,,N,2,0,3,3,A,-,08,22107,,N,B,G,A,A,H,-,B,D,0,,Y,,,Y,,-,"- ",1,0,2,0,0,0,3,0,0,"- ","- ",34.861148834228516,-120.44686126708984,"SANTA BARBARA",UNINCORPORATED,-120.44570159912109,34.860256195068359
8389685,2017,2017-08-15,4203,2017-06-03,0907,3849,66,6,5,5,4203,0,0,0,,0,001,"ALPHONSE ST","N ALISOS ST",0.00,,Y,B,-,N,,,,,,,,,,N,2,0,1,2,D,-,00,,,N,D,G,A,A,H,-,A,A,0,,Y,,,Y,,-,"- ",1,0,0,0,0,0,1,0,0,"- ","- ",34.428800000000003,-119.6861,"SANTA BARBARA","SANTA BARBARA",-119.68611988000001,34.428810030000001
9596603,2023,2023-07-31,4203,2023-06-24,"300 ",26677,27,6,5,5,4203,0,0,0,,0,006,"CLIFF DR","SEA LEDGE LN",172.00,W,N,A,-,N,,,,,,,,,,Y,2,0,1,1,A,-,01,23152,A,N,F,A,A,A,H,-,D,D,0,,,Y,,Y,Y,C,02,1,0,0,0,0,0,0,0,1,"- ","- ",34.406509399414062,-119.75273895263672,"SANTA BARBARA","SANTA BARBARA",-119.75379180908203,34.406818389892578
90433582,2017,2017-04-13,9760,2017-04-06,1545,021061,,4,2,9,4200,0,3,5,,2,001,"GIBRALTAR RD","E. CAMINO CIELO",11880.00,S,N,A,-,N,,,,,,,,,,N,2,0,1,2,A,-,05,21650,,N,H,G,A,A,H,-,A,D,0,,Y,,,Y,,A,01,1,0,0,0,0,0,1,0,0,"- ","- ",34.472369999999998,-119.67846,"SANTA BARBARA",UNINCORPORATED,-119.68118462,34.480040500000001
90769009,2018,2018-07-13,9760,2018-02-10,0158,021431,,6,3,5,4203,0,1,2,,2,020,"US-101 SB (EL CAMINO REAL)","HOPE AVENUE",1216.00,S,N,B,-,Y,,,101,,,,,,S,Y,1,1,0,1,A,-,01,23152,A,N,E,I,A,A,D,-,D,D,0,,,,,Y,Y,A,01,0,0,0,0,0,0,0,0,0,"- ","- ",34.431449890136719,-119.74484252929688,"SANTA BARBARA","SANTA BARBARA",-119.744873046875,34.431388854980469
91691002,2022,2022-02-01,9750,2022-01-25,0805,015514,,2,1,9,4200,0,2,4,,1,024,"CLARK AVENUE","ORCUTT ROAD",0.00,,Y,A,-,N,,,,,,,,,,Y,2,0,2,2,A,-,12,21453,A,N,D,C,A,A,H,-,A,A,0,,,,,Y,,A,08,1,1,0,0,0,0,0,0,0,"- ","- ",34.865020751953125,-120.43543243408203,"SANTA BARBARA",UNINCORPORATED,-120.43531799316406,34.865062713623047
91696857,2022,2022-02-09,9760,2022-01-29,1115,018418,,6,1,9,4200,0,1,3,,1,014,"SR-192 (EAST VALLEY ROAD)","SAN YSIDRO ROAD",1000.00,W,N,A,-,N,,,,,,,,,,N,2,0,1,2,A,-,09,21804,A,N,D,G,A,A,H,-,A,D,0,,Y,,,Y,,A,07,1,0,0,0,0,0,1,0,0,"- ","- ",34.436981201171875,-119.63378143310547,"SANTA BARBARA",UNINCORPORATED,-119.63378143310547,34.436969757080078
9282813,2021,2021-07-19,4203,2021-06-06,1805,1959,20,7,5,5,4203,0,0,0,,0,002,"W CANON PERDIDO ST","MARILLA AV",76.00,W,N,A,-,N,,,,,,,,,,N,2,0,1,1,A,-,08,22107,,N,F,A,A,A,H,-,A,D,0,,,Y,,Y,,C,02,1,0,0,0,0,0,0,0,1,"- ","- ",34.412700653076172,-119.70890045166016,"SANTA BARBARA","SANTA BARBARA",-119.70879364013672,34.412834167480469
9380129,2021,2022-02-14,4202,2021-12-09,1028,80714,,4,5,4,4202,0,0,0,,0,,"RT 1","HANCOCK DR",1337.00,N,N,B,C,Y,SB,5,1,-,R,23.760,H,-,N,N,2,0,1,2,A,-,08,22107,,F,G,B,E,B,-,-,A,D,0,Y,,,,Y,,N,60,1,0,0,0,1,0,0,0,0,"- ","- ",,,"SANTA BARBARA",LOMPOC,-120.45943450927734,34.684490203857422
9818348,2024,2025-07-28,4201,2024-10-20,2108,3552,51,7,5,2,4201,0,0,0,,0,,"11TH ST","SIMAS RD",100.00,E,N,A,-,N,,,,,,,,,,Y,2,0,2,1,A,-,01,23152,A,N,F,-,A,A,H,-,D,D,0,,,,,Y,Y,A,01,1,1,0,0,0,0,0,0,0,"- ","- ",,,"SANTA BARBARA",GUADALUPE,-120.55837249755859,34.966861724853516
90581829,2017,2017-10-30,9750,2017-10-15,2216,019656,,7,3,5,4204,0,1,2,,2,001,"US-101 S/B","STOWELL RD.",99.00,S,N,A,-,Y,,,101,,,,,,S,Y,2,0,1,3,A,-,01,23152,A,N,C,C,A,A,H,-,C,D,0,,,Y,,Y,Y,A,01,1,0,0,0,0,0,0,0,1,"- ","- ",34.937640000000002,-120.41795,"SANTA BARBARA","SANTA MARIA",-120.41791016000001,34.937639410000003
90785922,2018,2018-08-07,9755,2018-08-01,0305,021125,,3,3,9,4200,0,1,2,,2,004,"US-1 N/B","OLD COAST HWY",2480.00,N,N,A,-,Y,,,,,,,,,,Y,2,0,1,1,A,-,08,22107,,N,E,I,A,A,H,-,D,D,0,,,,,Y,,A,01,1,0,0,0,0,0,0,0,0,"- ","- ",34.552711486816406,-120.191162109375,"SANTA BARBARA",UNINCORPORATED,,
91079392,2019,2019-09-20,9750,2019-09-13,1810,017884,,5,2,9,4200,0,3,5,,2,020,"HARRIS GRADE ROAD",SR-135,3696.00,S,N,A,-,N,,,,,,,,,,Y,2,0,1,1,A,-,03,22350,,N,F,A,A,A,H,-,A,D,0,,,,,Y,,A,07,1,0,0,0,0,0,0,0,0,"- ","- ",34.757289886474609,-120.42678833007812,"SANTA BARBARA",UNINCORPORATED,-120.42745971679688,34.756885528564453
91510401,2021,2021-07-01,9755,2021-06-19,1622,017378,,6,2,9,4200,0,3,5,,2,050,"HARRIS GRADE RD","BURTON MESA BLVD",600.00,N,N,A,-,N,,,,,,,,,,Y,2,0,1,2,A,-,01,23152,A,N,C,C,A,A,H,-,A,D,0,,,Y,,Y,Y,C,02,1,0,0,0,0,0,0,0,1,"- ","- ",34.692100524902344,-120.44692993164062,"SANTA BARBARA",UNINCORPORATED,-120.447021484375,34.692001342773438
91739056,2021,2022-04-01,9755,2021-08-15,2500,017255,,7,4,9,4200,0,1,2,,2,004,"US-101 N/B","GAVIOTA TUNNEL",2112.00,N,N,F,-,Y,,,101,,,,,,N,Y,1,1,0,1,A,-,08,22107,,N,E,I,A,A,G,-,D,D,0,,,Y,,Y,,C,02,0,0,0,0,0,0,0,1,0,"- ","- ",34.494068145751953,-120.22859954833984,"SANTA BARBARA",UNINCORPORATED,-120.22858428955078,34.494113922119141
91762414,2021,2022-05-02,9760,2021-10-20,1810,020964,,3,2,5,4203,0,1,2,,2,011,"US-101 S/B FROM GARDEN STREET","GARDEN ST",2.00,S,N,A,-,Y,,,101,,,,R,,S,Y,1,2,0,1,A,-,03,22350,,N,E,I,A,A,H,-,A,D,0,,,,,Y,,A,01,0,0,0,0,0,0,0,0,0,"- ","- ",34.418048858642578,-119.68923187255859,"SANTA BARBARA","SANTA BARBARA",-119.68923187255859,34.418048858642578
92229352,2023,2023-11-06,9755,2023-10-30,"230 ",022601,,1,3,9,4200,0,3,5,,2,040,"BALLARD CANYON RD",SR-154,820.00,S,N,A,-,N,,,,,,,,,,N,2,0,1,1,A,-,08,22107,,N,F,A,A,A,H,-,A,D,0,,Y,,,Y,,L,04,1,0,0,0,0,0,1,0,0,"- ","- ",34.667148590087891,-120.12716674804688,"SANTA BARBARA",UNINCORPORATED,-120.12376403808594,34.668071746826172
8640835,2018,2018-07-06,4204,2018-06-06,0005,22076,69,3,5,5,4204,0,0,0,,0,003,"BATTLES RD","SHEPARD DR",0.00,,Y,A,-,N,,,,,,,,,,Y,2,0,6,2,A,-,12,22450,A,N,D,C,A,A,H,-,C,A,0,,,,,Y,,A,07,3,0,3,0,0,0,0,0,0,"- ","- ",34.931259155273438,-120.42144012451172,"SANTA BARBARA","SANTA MARIA",-120.42119,34.931260000000002
8815606,2019,2019-03-12,4203,2019-02-24,2334,3843,62,7,5,5,4203,0,0,0,,0,001,"MILPAS ST","CARPINTERIA ST",0.00,,Y,A,-,N,,,,,,,,,,Y,2,0,5,1,A,-,01,23152,,N,E,I,A,A,H,-,C,D,0,,,,,Y,Y,A,01,3,2,0,0,0,0,0,0,0,"- ","- ",34.420848846435547,-119.67799377441406,"SANTA BARBARA","SANTA BARBARA",-119.677699,34.420859
90491283,2017,2017-06-30,9755,2017-06-10,1338,017378,,6,1,9,4200,0,1,3,,1,042,"RT 154","ST. FRANCIS RANCH",300.00,E,N,A,-,Y,,,154,,,,,,,Y,2,0,1,1,A,-,08,22107,,N,F,A,A,A,H,-,A,D,0,,,Y,,Y,,C,02,1,0,0,0,0,0,0,0,1,"- ","- ",34.561489999999999,-119.92343,"SANTA BARBARA",UNINCORPORATED,-119.92343592,34.561544429999998
91489067,2021,2021-06-03,9750,2021-05-24,0850,016170,,1,1,9,4200,0,3,5,,2,020,"BLACK RD","POINT SAL RD.",1056.00,N,N,A,-,N,,,,,,,,,,Y,2,0,1,1,A,-,01,23152,A,N,F,A,A,A,H,-,A,D,0,,,,,Y,Y,A,01,1,0,0,0,0,0,0,0,0,"- ","- ",34.844619750976562,-120.52507019042969,"SANTA BARBARA",UNINCORPORATED,-120.52509307861328,34.844482421875
92169475,2023,2024-09-17,9760,2023-08-31,1600,023358,,4,2,9,4200,0,3,5,,2,002,"CAMINO DEL REMEDIO","CALLE REAL",12.00,N,N,A,-,N,,,,,,,,,,N,2,0,1,1,A,-,03,22350,,N,F,A,A,A,H,-,A,A,0,,Y,,,Y,,L,04,1,0,0,0,0,0,1,0,0,"- ","- ",34.442539215087891,-119.77945709228516,"SANTA BARBARA",UNINCORPORATED,-119.77950286865234,34.442451477050781
92228835,2023,2023-11-06,9760,2023-10-28,1643,022485,,6,2,9,4200,0,1,3,,1,014,"SR-192 (FOOTHILL ROAD) W/B","TORO CANYON RD",300.00,E,N,A,-,N,,,,,,,,,,N,2,0,1,2,A,-,03,22350,,N,F,0,A,A,H,-,A,D,0,,,Y,,Y,,C,02,1,0,0,0,0,0,0,0,1,"- ","- ",34.426540374755859,-119.57376098632812,"SANTA BARBARA",UNINCORPORATED,-119.57376098632812,34.426525115966797
92444371,2024,2024-07-22,9750,2024-07-13,"442 ",023495,,6,3,9,4200,0,1,3,,1,063,SR-166,"COTTONWOOD ROAD",2112.00,W,N,B,-,Y,SLO,,166," "," ",50.566,H,,R,Y,2,0,4,2,A,-,08,22107,,N,A,C,A,A,H,-,D,D,0,,,,,Y,,A,01,1,0,3,0,0,0,0,0,0,"- ","- ",35.044319152832031,-119.89517974853516,"SANTA BARBARA",UNINCORPORATED,-119.89517974853516,35.044322967529297
6291492,2014,2014-10-31,9760,2014-08-23,2344,17674,,6,3,9,4200,0,1,3,,1,022,"RT 154","WEST CAMINO CIELO RD",1527.00,W,N,A,-,Y,SB,5,154,-,-,24.150,H,-,E,Y,1,1,0,1,A,-,01,23152,A,N,E,I,A,A,H,-,D,A,0,,,,,Y,Y,A,08,0,0,0,0,0,0,0,0,0,"- ","- ",34.505710000000001,-119.81676,"SANTA BARBARA",UNINCORPORATED,-119.82480549,34.513695810000002
6941429,2015,2017-01-09,9750,2015-05-17,2225,16874,,7,3,9,4200,0,1,3,,1,021,"RT 135","GOODWIN RD",65.00,S,N,A,-,Y,SB,5,135,-,-,12.060,H,-,N,Y,2,0,2,2,A,-,03,22350,,N,C,C,A,A,H,-,C,A,5,,,,,Y,,A,01,1,0,1,0,0,0,0,0,0,"- ","- ",34.899340000000002,-120.43601,"SANTA BARBARA",UNINCORPORATED,-120.43600933,34.899313319999997
9121047,2020,2020-08-11,4202,2020-05-24,2208,239,LOMPO,7,5,4,4202,0,0,0,,0,,"CYPRESS AV","3RD ST",0.00,,Y,A,-,N,,,,,,,,,,N,2,0,1,2,A,-,12,22450,,F,G,B,B,A,H,-,C,A,0,Y,,,,Y,,-,99,1,0,0,0,1,0,0,0,0,"- ","- ",,,"SANTA BARBARA",LOMPOC,-120.44525909423828,34.637191772460938
91723922,2022,2022-03-16,9755,2022-03-08,2500,022749,,2,4,9,4200,0,1,3,,1,055,"HARRIS GRADE RD","RUCKER RD",7392.00,N,N,A,-,N,,,,,,,,,,N,2,0,1,1,A,-,03,22350,,N,E,I,A,A,H,-,A,D,0,,,,,Y,,-,"- ",1,0,0,0,0,0,0,0,0,"- ","- ",34.728481292724609,-120.44180297851562,"SANTA BARBARA",UNINCORPORATED,-120.44159698486328,34.728134155273438
92281304,2023,2024-01-08,9750,2023-04-24,"627 ",015915,,1,1,9,4200,0,1,3,,1,062,"SR-166 (CUYAMA HIGHWAY)","SIERRA MADRE ROAD",4752.00,W,N,A,-,Y,SB,,166," ",R,33.600,H,,R,Y,1,1,0,1,A,-,08,22107,,N,E,8,A,A,H,-,A,D,0,,,,,Y,,A,07,0,0,0,0,0,0,0,0,0,"- ","- ",35.107070922851562,-120.10630035400391,"SANTA BARBARA",UNINCORPORATED,-120.10631561279297,35.107078552246094
6292135,2015,2015-05-15,9755,2015-02-21,2155,17378,,6,2,9,4200,0,1,3,,1,042,"RT 154","ROBLAR AV",0.00,,Y,A,-,Y,SB,5,154,-,R,4.502,I,5,W,Y,1,1,10,2,A,-,01,23152,A,N,A,C,A,A,H,-,D,D,0,,,,,Y,Y,A,01,0,3,7,0,0,0,0,0,0,"- ","- ",34.650599999999997,-120.0954,"SANTA BARBARA",UNINCORPORATED,-120.09531349,34.650552150000003
6976598,2015,2015-07-13,9750,2015-06-21,1240,015915,,7,1,9,4200,0,3,5,,2,010,"LOMPOC CASMALIA RD","SAN ANTONIO RD",1.50,N,N,A,-,N,,,,,,,,,,Y,2,0,1,1,A,-,08,22107,,N,F,A,A,A,H,-,A,D,0,,,,,Y,,A,07,1,0,0,0,0,0,0,0,0,"- ","- ",,,"SANTA BARBARA",UNINCORPORATED,-120.54252611,34.78371259
7119111,2015,2015-12-01,4203,2015-11-16,1723,6377,,1,5,5,4203,0,0,0,,0,006,"CLIFF DR","MEIGS RD",18.00,E,N,A,-,N,,,225,,,,,,,Y,2,0,1,2,A,-,11,21954,,N,-,B,B,-,H,-,C,A,0,Y,,,,Y,,N,60,1,0,0,0,1,0,0,0,0,"- ","- ",34.401499999999999,-119.72199999999999,"SANTA BARBARA","SANTA BARBARA",-119.72199411,34.40152801
8669213,2018,2018-08-17,4203,2018-07-12,0857,6700,32,4,5,5,4203,0,0,0,,0,004,"DE LA VINA ST","VICTORIA ST",0.00,,Y,B,-,N,,,,,,,,,,N,2,0,1,2,A,-,06,21951,,N,H,G,A,A,G,-,A,A,0,,Y,,,Y,,L,04,1,0,0,0,0,0,1,0,0,"- ","- ",34.422138214111328,-119.70813751220703,"SANTA BARBARA","SANTA BARBARA",-119.7080078125,34.42218017578125
8778836,2018,2019-02-01,4200,2018-09-26,2329,5104,14,3,5,4,4214,0,0,0,,0,080,"STORKE RD","WHITTIER DR",192.00,S,N,A,-,N,,,,,,,,,,N,2,0,1,1,A,-,01,21200,5,F,H,A,A,A,H,-,C,A,0,,Y,,,Y,Y,L,04,1,0,0,0,0,0,1,0,0,"- ","- ",,,"SANTA BARBARA",GOLETA,-119.86976623535156,34.421932220458984
9463892,2022,2022-09-21,4202,2022-07-21,0312,239,LOMPO,4,5,4,4202,0,0,0,,0,,"RT 1","GEORGE MILLER DR",166.00,N,N,B,-,Y,SB,5,1,-,-,22.500,H,-,N,Y,2,0,1,1,A,-,01,23152,A,N,F,I,A,A,A,G,C,D,0,,,,,Y,Y,A,01,1,0,0,0,0,0,0,0,0,"- ","- ",,,"SANTA BARBARA",LOMPOC,-120.45758819580078,34.667022705078125
82103912,2023,2023-06-28,4204,2023-06-10,1013,91318,4204,6,5,5,4204,0,0,0,,0,003,"NEWLOVE DR","MCCLELLAND ST",0.00,,Y,A,-,N,,,,,,,,,,N,2,0,1,2,A,-,12,22450,A,F,D,C,A,A,H,-,A,A,0,,,,,Y,,-,99,1,0,0,0,0,0,0,0,0,"- ","- ",34.928749084472656,-120.43524932861328,"SANTA BARBARA","SANTA MARIA",-120.43492126464844,34.929862976074219
90095360,2016,2016-01-14,9760,2016-01-06,0640,015669,,3,1,5,4203,0,1,2,,2,020,"U.S. 101 NORTHBOUND","LAS POSITAS ROAD",1056.00,N,N,B,C,Y,,,,,,,,,,Y,2,0,1,2,A,-,03,22350,,N,E,I,A,B,H,-,C,D,0,,,,,Y,,A,08,1,0,0,0,0,0,0,0,0,"- ","- ",34.428240000000002,-119.73609999999999,"SANTA BARBARA","SANTA BARBARA",-119.73722908000001,34.428413200000001
90751004,2018,2018-06-19,9760,2018-06-08,0125,021431,,5,3,4,4214,0,1,3,,2,027,"SR-217 EASTBOUND (WARD MEMORIAL BLVD)","PATTERSON AVENUE",1525.00,W,N,A,-,Y,,,217,,,,,,E,Y,2,0,2,2,A,-,01,23152,A,N,A,C,A,A,H,-,D,D,0,,,,,Y,Y,A,01,2,0,0,0,0,0,0,0,0,"- ","- ",34.440578460693359,-119.81356048583984,"SANTA BARBARA",GOLETA,-119.81355285644531,34.440574645996094
92208587,2023,2023-10-25,9750,2023-10-13,2314,020907,,5,3,5,4204,0,1,2,,2,001,"US-101 N/B","BETTERAVIA RD",2290.00,S,N,A,-,Y,SB,,101," "," ",86.141,H,,R,Y,2,0,2,2,A,-,03,22350,,F,C,C,A,A,H,-,A,D,0,,,,,Y,,A,01,1,0,1,0,0,0,0,0,0,"- ","- ",34.917110443115234,-120.41783142089844,"SANTA BARBARA","SANTA MARIA",-120.41789245605469,34.917110443115234
9144784,2020,2020-10-16,4204,2020-08-17,2012,90718,10,1,5,5,4204,0,0,0,,0,003,"WESTERN AV","CHURCH ST",0.00,,Y,A,-,N,,,,,,,,,,,2,0,1,2,-,-,"- ",,A,N,G,B,B,A,H,-,D,D,0,Y,,,,Y,Y,A,01,1,0,0,0,1,0,0,0,0,"- ","- ",34.951988220214844,-120.44940185546875,"SANTA BARBARA","SANTA MARIA",-120.44933319091797,34.952220916748047
82177650,2023,2023-09-25,4204,2023-09-03,1546,91313,4204,7,5,5,4204,0,0,0,,0,003,"MAHONEY RD","BETTERAVIA RD",2112.00,S,N,A,-,N,,,,,,,,,,N,2,0,1,1,A,-,03,22350,,N,F,A,A,A,H,-,A,D,0,,,Y,,Y,,C,02,1,0,0,0,0,0,0,0,1,"- ","- ",34.921001434326172,-120.47487640380859,"SANTA BARBARA","SANTA MARIA",-120.48035430908203,34.917163848876953
90195720,2016,2016-06-07,9755,2016-06-03,1515,013618,,5,2,9,4200,0,3,5,,2,050,"WEST OCEAN AVENUE","UNION SUGAR AVENUE",175.00,W,N,A,-,N,,,,,,,,,,Y,2,0,1,1,A,-,08,22107,,N,F,A,A,A,H,-,A,D,0,,,,,Y,,A,07,1,0,0,0,0,0,0,0,0,"- ","- ",34.654710000000001,-120.53733,"SANTA BARBARA",UNINCORPORATED,-120.53753082999999,34.654883810000001