CASE_ID,ACCIDENT_YEAR,PROC_DATE,JURIS,COLLISION_DATE,COLLISION_TIME,OFFICER_ID,REPORTING_DISTRICT,DAY_OF_WEEK,CHP_SHIFT,POPULATION,CNTY_CITY_LOC,SPECIAL_COND,BEAT_TYPE,CHP_BEAT_TYPE,CITY_DIVISION_LAPD,CHP_BEAT_CLASS,BEAT_NUMBER,PRIMARY_RD,SECONDARY_RD,DISTANCE,DIRECTION,INTERSECTION,WEATHER_1,WEATHER_2,STATE_HWY_IND,CALTRANS_COUNTY,CALTRANS_DISTRICT,STATE_ROUTE,ROUTE_SUFFIX,POSTMILE_PREFIX,POSTMILE,LOCATION_TYPE,RAMP_INTERSECTION,SIDE_OF_HWY,TOW_AWAY,COLLISION_SEVERITY,NUMBER_KILLED,NUMBER_INJURED,PARTY_COUNT,PRIMARY_COLL_FACTOR,PCF_CODE_OF_VIOL,PCF_VIOL_CATEGORY,PCF_VIOLATION,PCF_VIOL_SUBSECTION,HIT_AND_RUN,TYPE_OF_COLLISION,MVIW,PED_ACTION,ROAD_SURFACE,ROAD_COND_1,ROAD_COND_2,LIGHTING,CONTROL_DEVICE,CHP_ROAD_TYPE,PEDESTRIAN_ACCIDENT,BICYCLE_ACCIDENT,MOTORCYCLE_ACCIDENT,TRUCK_ACCIDENT,NOT_PRIVATE_PROPERTY,ALCOHOL_INVOLVED,STWD_VEHTYPE_AT_FAULT,CHP_VEHTYPE_AT_FAULT,COUNT_SEVERE_INJ,COUNT_VISIBLE_INJ,COUNT_COMPLAINT_PAIN,COUNT_PED_KILLED,COUNT_PED_INJURED,COUNT_BICYCLIST_KILLED,COUNT_BICYCLIST_INJURED,COUNT_MC_KILLED,COUNT_MC_INJURED,PRIMARY_RAMP,SECONDARY_RAMP,LATITUDE,LONGITUDE,COUNTY,CITY,POINT_X,POINT_Y
91658573,2021,2021-12-22,9760,2021-12-12,2358,020528,,7,3,9,4200,0,3,5,,2,002,"DEL MONACO DRIVE","WALNUT LANE",154.00,E,N,A,-,N,,,,,,,,,,Y,2,0,1,4,A,-,01,23152,A,N,B,E,A,A,H,-,C,D,0,,,,,Y,Y,D,22,1,0,0,0,0,0,0,0,0,"- ","- ",34.431991577148438,-119.80174255371094,"SANTA BARBARA",UNINCORPORATED,-119.80178833007812,34.431938171386719
91929631,2022,2022-11-29,9755,2022-11-20,1830,020226,,7,2,9,4200,0,1,3,,1,042,SR-154,"FOXEN CANYON ROAD",0.00,,Y,A,-,Y,SB,,154,,R,2.389,H,,R,Y,2,0,4,2,A,-,09,21802,A,N,D,C,A,A,H,-,D,A,0,,,,,Y,Y,A,07,4,0,0,0,0,0,0,0,0,"- ","- ",34.668041229248047,-120.12288665771484,"SANTA BARBARA",UNINCORPORATED,-120.12289428710938,34.668037414550781
92237931,2023,2023-11-16,9755,2023-11-04,2321,023112,,6,3,9,4200,0,1,3,,1,055,"SR-1 S/B","CONSTELLATION RD",3960.00,S,N,E,-,Y,SB,,1," ",R,24.521,H,,L,Y,2,0,1,1,A,-,01,23152,A,N,F,0,A,A,H,-,D,D,0,,,,,Y,Y,D,22,1,0,0,0,0,0,0,0,0,"- ","- ",34.694351196289062,-120.45983123779297,"SANTA BARBARA",UNINCORPORATED,-120.45978546142578,34.694381713867188
6373983,2014,2016-03-05,9750,2014-01-07,1930,013267,,2,2,9,4200,0,1,2,,2,003,"RT 101","ALISOS CANYON RD",1056.00,N,N,A,-,Y,SB,5,101,-,-,69.180,H,-,N,Y,2,0,2,2,A,-,08,22107,,N,A,D,A,A,H,-,D,D,1,,,,,Y,,A,01,1,0,1,0,0,0,0,0,0,"- ","- ",34.73413,-120.24205000000001,"SANTA BARBARA",UNINCORPORATED,-120.24262803000001,34.734345249999997
6429636,2014,2016-03-05,9760,2014-01-31,0605,018803,,5,1,5,4203,0,1,2,,2,011,"RT 101","JUNIPERO ST",593.00,S,N,A,-,Y,SB,5,101,-,-,16.120,H,-,N,Y,2,0,3,3,A,-,01,23152,A,N,A,C,A,A,H,-,D,D,1,,,,,Y,Y,A,08,1,2,0,0,0,0,0,0,0,"- ","- ",34.426870000000001,-119.72651,"SANTA BARBARA","SANTA BARBARA",-119.72623000999999,34.42679425
8055396,2016,2016-06-02,4203,2016-05-24,1952,23515,,2,5,5,4203,0,0,0,,0,001,"E GUTIERREZ ST","NOPAL ST",120.00,W,N,A,-,N,,,,,,,,,,N,2,0,1,2,D,-,00,,,F,B,C,A,A,H,-,B,D,0,,,,,Y,,-,"- ",1,0,0,0,0,0,0,0,0,"- ","- ",34.252600000000001,-119.41800000000001,"SANTA BARBARA","SANTA BARBARA",-119.68543207,34.424092219999999
8465936,2019,2019-07-19,4202,2019-02-17,0957,,4202,7,5,4,4202,0,0,0,,0,,"COLLEGE AV","7TH ST",3.00,W,N,C,-,N,,,,,,,,,,N,1,1,0,2,A,-,10,21950,A,N,G,B,B,B,H,-,A,A,0,Y,,,,Y,,D,22,0,0,0,1,0,0,0,0,0,"- ","- ",,,"SANTA BARBARA",LOMPOC,-120.44022369384766,34.646869659423828
8658568,2018,2018-07-13,4203,2018-06-25,1334,6700,41,1,5,5,4203,0,0,0,,0,003,"DE LA GUERRA PLZ","STATE ST",229.00,W,N,A,-,N,,,,,,,,,,N,2,0,2,2,A,-,"- ",,,N,F,A,A,A,H,-,A,D,0,,,Y,,Y,Y,C,03,2,0,0,0,0,0,0,0,2,"- ","- ",34.419708251953125,-119.69824981689453,"SANTA BARBARA","SANTA BARBARA",-119.69983673095703,34.419120788574219
8675255,2018,2018-09-17,4204,2018-08-02,1538,90276,21,4,5,5,4204,0,0,0,,0,B01,"ALVIN AV","PALISADES DR W",20.00,W,N,A,-,N,,,,,,,,,,N,2,0,1,2,A,-,11,21950,B,N,G,B,D,A,H,-,A,A,0,Y,,,,Y,,N,60,1,0,0,0,1,0,0,0,0,"- ","- ",34.960269927978516,-120.41224670410156,"SANTA BARBARA","SANTA MARIA",-120.41249847412109,34.960193634033203
82263688,2023,2023-12-18,4200,2023-12-04,1535,4615,14,1,5,4,4214,0,0,0,,0,060,"HOLLISTER AVE","KINMAN AVE",30.00,W,N,A,-,N,,,,,,,,,,N,2,0,1,1,A,-,01,21200,5,N,F,A,A,A,H,-,A,A,0,,Y,,,Y,Y,L,04,1,0,0,0,0,0,1,0,0,"- ","- ",,,"SANTA BARBARA",GOLETA,-119.82241058349609,34.435615539550781
84413998,2024,2024-10-01,4204,2024-09-15,2200,91364,,7,5,5,4204,0,0,0,,0,003,"BATTLES RD","DEPOT ST",549.00,W,N,B,-,N,,,,,,,,,,Y,2,0,5,2,A,-,01,23153,A,N,A,C,A,A,H,-,C,D,0,,,,,Y,Y,A,01,1,2,2,0,0,0,0,0,0,"- ","- ",34.930850982666016,-120.44483184814453,"SANTA BARBARA","SANTA MARIA",-120.44636535644531,34.931591033935547
90380827,2017,2017-01-30,9755,2017-01-09,2150,020323,,1,2,9,4200,0,1,3,,2,041,SR-246,"REFUGIO RD",67.00,W,N,A,-,Y,,,246,,,,,,,Y,2,0,1,1,A,-,08,22107,,N,E,I,A,A,H,-,C,D,0,,,,,Y,,A,01,1,0,0,0,0,0,0,0,0,"- ","- ",34.606580000000001,-120.09846,"SANTA BARBARA",UNINCORPORATED,-120.09845966,34.606620399999997
91272007,2020,2020-07-21,9760,2020-07-15,0525,019464,,3,3,9,4200,0,1,2,,1,040,"US-101 SOUTHBOUND","ARROYO QUEMADA LANE",3696.00,N,N,B,-,Y,,,101,,,,,,S,Y,2,0,2,1,A,-,08,22107,,N,E,I,A,A,H,-,B,D,0,,,,,Y,,A,07,2,0,0,0,0,0,0,0,0,"- ","- ",34.474151611328125,-120.15249633789062,"SANTA BARBARA",UNINCORPORATED,-120.15250396728516,34.474163055419922
91281687,2020,2020-08-06,9760,2020-04-16,1005,018431,,4,1,3,4205,0,1,2,,2,010,"US-101 N/B","LINDEN AVE.",340.00,N,N,A,-,Y,,,101,,,,,,N,Y,1,1,0,3,A,-,03,22350,,N,C,C,A,A,D,-,A,D,0,,,Y,,Y,,C,02,0,0,0,0,0,0,0,1,0,"- ","- ",34.401630401611328,-119.51759338378906,"SANTA BARBARA",CARPINTERIA,-119.51759338378906,34.401622772216797
91920509,2022,2022-11-17,9755,2022-10-09,1025,018483,,7,1,9,4200,0,1,3,,1,042,"STATE ROUTE 154","MEADOWVALE ROAD",40.00,W,N,A,-,Y,SB,,154,,R,6.938,H,,R,Y,1,1,4,3,A,-,05,21460,A,N,B,C,A,A,H,-,A,D,0,,,,,Y,,A,01,1,1,2,0,0,0,0,0,0,"- ","- ",34.623828887939453,-120.07095336914062,"SANTA BARBARA",UNINCORPORATED,-120.07093048095703,34.623847961425781
6835758,2014,2015-03-09,9760,2014-11-10,1500,16739,,1,2,9,4200,0,1,3,,1,022,"RT 192","RT 154",9.00,E,N,A,-,Y,,,192,,,,,,,Y,2,0,1,2,A,-,09,21802,A,N,D,C,A,A,H,-,A,A,0,,,Y,,Y,,A,07,1,0,0,0,0,0,0,0,1,"- ","- ",34.450920000000004,-119.76272,"SANTA BARBARA",UNINCORPORATED,-119.76242027000001,34.451394440000001
8440487,2017,2017-09-11,4203,2017-08-23,2253,24080,,3,5,5,4203,0,0,0,,0,004,"GUTIERREZ STREET","DE LA VINA ST",209.00,E,N,A,-,N,,,,,,,,,,Y,2,0,1,1,A,-,01,23152,A,N,F,J,A,A,H,-,C,D,0,,,,,Y,Y,-,,1,0,0,0,0,0,0,0,0,"- ","- ",34.414200000000001,-119.69595,"SANTA BARBARA","SANTA BARBARA",-119.69599384999999,34.414171719999999
9148891,2020,2020-10-09,4201,2020-08-13,1930,9962,GUADA,4,5,2,4201,0,0,0,,0,,"GUADALUPE ST","GUADALUPE ST 750",0.00,,Y,A,-,N,,,,,,,,,,N,2,0,1,2,A,-,21,22106,,N,G,B,E,A,H,-,A,D,0,Y,,,,Y,,-,,1,0,0,0,1,0,0,0,0,"- ","- ",,,"SANTA BARBARA",GUADALUPE,-120.573868,34.96752
9256229,2020,2021-06-10,4200,2020-09-04,1554,3077,14,5,5,4,4214,0,0,0,,0,080,"CATHEDRAL OAKS RD","KING DANIEL LN",0.00,,Y,A,-,N,,,,,,,,,,Y,1,1,0,2,A,-,09,21801,A,N,A,C,A,A,H,-,A,D,0,,,Y,,Y,,D,22,0,0,0,0,0,0,0,1,0,"- ","- ",,,"SANTA BARBARA",GOLETA,-119.88575744628906,34.441619873046875
90219112,2016,2016-10-06,9760,2016-05-29,1002,019831,,7,1,9,4200,0,1,3,,1,022,"SR-154 (SAN MARCOS PASS ROAD)","SAN ANTONIO CREEK ROAD",5130.00,W,N,C,-,Y,,,154,,,,,,,Y,2,0,7,3,A,-,05,21460,A,N,A,C,A,B,H,-,A,D,0,,,,,Y,,A,07,1,3,3,0,0,0,0,0,0,"- ","- ",34.476779999999998,-119.76927000000001,"SANTA BARBARA",UNINCORPORATED,-119.76923257,34.476749750000003
90267137,2016,2016-09-13,9750,2016-09-08,0730,018209,,4,1,9,4200,0,3,5,,2,010,"BONITA SCHOOL RD","DIVISION ST",8976.00,S,N,A,-,N,,,,,,,,,,Y,2,0,2,1,A,-,08,22107,,N,E,I,A,A,H,-,A,D,0,,,,,Y,,A,01,1,1,0,0,0,0,0,0,0,"- ","- ",34.979390000000002,-120.51242999999999,"SANTA BARBARA",UNINCORPORATED,,
91302434,2020,2021-02-03,9755,2020-07-04,2208,020323,,6,3,9,4200,0,1,2,,2,004,"US-101 N/B",SR-154,6600.00,N,N,A,-,Y,,,101,,,,,,N,Y,1,1,0,1,A,-,01,23152,A,N,F,A,A,A,H,-,D,D,0,,,,,Y,Y,D,22,0,0,0,0,0,0,0,0,0,"- ","- ",34.703449249267578,-120.16911315917969,"SANTA BARBARA",UNINCORPORATED,-120.16892242431641,34.703533172607422
91305781,2020,2020-09-16,9755,2020-08-22,0635,013618,,6,1,9,4200,0,3,5,,2,050,"HARRIS GRADE ROAD","BURTON MESA BOULEVARD",0.00,,N,A,-,N,,,,,,,,,,Y,1,1,1,2,A,-,01,23152,A,N,A,C,A,A,H,-,B,D,0,,,,,Y,Y,A,01,0,1,0,0,0,0,0,0,0,"- ","- ",34.6875,-120.44963073730469,"SANTA BARBARA",UNINCORPORATED,-120.44786834716797,34.690509796142578
91422365,2021,2021-03-08,9760,2021-02-27,1240,018019,,6,1,9,4200,0,3,5,,2,001,"SR-150 (RINCON RD.)","RINCON HILL RD.",1514.00,E,N,A,-,Y,,,150,,,,,,,Y,2,0,1,2,A,-,21,22106,,F,F,A,A,A,H,-,A,D,0,,,Y,,Y,,A,07,1,0,0,0,0,0,0,0,1,"- ","- ",34.385719299316406,-119.47154235839844,"SANTA BARBARA",UNINCORPORATED,-119.47154998779297,34.385746002197266
91646414,2021,2021-12-08,9750,2021-06-27,0040,016874,,7,3,9,4200,0,1,2,,2,003,"US-101 NORTHBOUND","ALISOS CANYON ROAD",2112.00,N,N,A,-,Y,,,101,,,,,,N,Y,1,1,0,1,A,-,01,23152,A,N,F,A,A,A,H,-,D,D,0,,,,,Y,Y,A,07,0,0,0,0,0,0,0,0,0,"- ","- ",34.734550476074219,-120.242431640625,"SANTA BARBARA",UNINCORPORATED,-120.24253082275391,34.734306335449219
92103570,2023,2023-06-27,9760,2023-06-17,1342,022726,,6,1,9,4200,0,3,5,,2,001,"BUENA VISTA DR","SR-192 (EAST VALLEY ROAD)",820.00,N,N,A,-,N,,,,,,,,,,Y,2,0,1,1,A,-,08,22107,,N,E,8,A,A,H,-,A,D,0,,,,,Y,,A,01,1,0,0,0,0,0,0,0,0,"- ","- ",34.441650390625,-119.61454010009766,"SANTA BARBARA",UNINCORPORATED,-119.61452484130859,34.44158935546875
92295511,2024,2024-01-24,9760,2024-01-22,2355,022912,,1,3,9,4200,0,2,4,,1,021,"HOLLISTER AVE","AUHAY DR",1080.00,W,N,A,-,N,,,,,,,,,,N,2,0,1,2,A,-,08,22107,,F,G,B,E,B,H,-,D,D,0,Y,,,,Y,,A,01,1,0,0,0,1,0,0,0,0,"- ","- ",34.438640594482422,-119.77809143066406,"SANTA BARBARA",UNINCORPORATED,-119.78516387939453,34.437313079833984
6919917,2015,2016-09-29,9750,2015-05-01,0200,017616,,5,3,9,4200,0,1,3,,1,012,"RT 1","BROWN RD",10560.00,S,N,E,-,Y,SB,5,1,-,-,47.210,H,-,N,Y,2,0,2,1,A,-,08,22107,,N,E,I,A,B,H,-,D,D,0,,,,,Y,,D,22,1,1,0,0,0,0,0,0,0,"- ","- ",34.909080000000003,-120.54343,"SANTA BARBARA",UNINCORPORATED,-120.56838448000001,34.932542750000003
8801170,2019,2019-02-22,4200,2019-02-01,0803,3116,14,5,5,4,4214,0,0,0,,0,080,"CATHEDRAL OAKS RD","ALAMEDA AV",438.00,E,N,A,-,N,,,,,,,,,,N,2,0,1,2,A,-,09,21801,A,N,H,G,A,A,H,-,A,D,0,,Y,,,Y,,A,01,1,0,0,0,0,0,1,0,0,"- ","- ",,,"SANTA BARBARA",GOLETA,-119.87905883789062,34.440742492675781
91038054,2019,2019-07-25,9755,2019-06-18,1735,017560,,2,2,9,4200,0,3,5,,2,040,"FIGUEROA MOUNTAIN ROAD",SR-154,16896.00,N,N,A,-,N,,,,,,,,,,Y,1,1,1,1,A,-,01,23152,A,N,F,A,A,A,H,-,A,D,0,,,,,Y,Y,A,01,1,0,0,0,0,0,0,0,0,"- ","- ",34.712329864501953,-120.10986328125,"SANTA BARBARA",UNINCORPORATED,-120.10975646972656,34.712738037109375
91216376,2020,2020-03-26,9755,2020-03-24,0355,016058,,2,3,9,4200,0,3,5,,2,050,"OCEAN AVE","FLORADALE AVE",528.00,E,N,B,-,N,,,,,,,,,,Y,2,0,1,1,A,-,08,22107,,N,F,A,A,A,H,-,D,D,0,,,,,Y,,A,07,1,0,0,0,0,0,0,0,0,"- ","- ",34.639381408691406,-120.49027252197266,"SANTA BARBARA",UNINCORPORATED,-120.491455078125,34.639537811279297
94368898,2024,2024-08-26,9760,2024-08-16,1030,023709,,5,1,9,4200,0,3,5,,2,005,"DEL PLAYA DRIVE","EL EMBARCADERO RD",80.00,W,N,A,-,N,,,,,,,,,,N,2,0,1,1,A,-,00,21221,,N,F,A,A,A,G,-,A,D,0,,,,,Y,Y,M,94,1,0,0,0,0,0,0,0,0,"- ","- ",34.409469604492188,-119.85649108886719,"SANTA BARBARA",UNINCORPORATED,-119.85649871826172,34.409442901611328
6843538,2014,2016-06-22,9760,2014-10-29,1702,18754,,3,2,3,4205,0,1,2,,2,010,"RT 101","RT 150",3168.00,N,N,A,-,Y,SB,5,101,-,-,1.320,H,-,N,Y,2,0,1,2,A,-,01,23152,A,N,E,I,A,A,H,-,A,D,1,,,,,Y,Y,A,07,1,0,0,0,0,0,0,0,0,"- ","- ",34.38682,-119.49309,"SANTA BARBARA",CARPINTERIA,-119.49311844,34.38689437
8421805,2017,2017-08-10,4204,2017-07-26,1326,90276,59,3,5,5,4204,0,0,0,,0,B02,"BRADLEY RD","STOWELL RD",0.00,,Y,A,-,N,,,,,,,,,,Y,2,0,3,5,A,-,09,21453,B,N,D,C,A,A,H,-,A,A,0,,,,,Y,,D,22,1,2,0,0,0,0,0,0,0,"- ","- ",34.938299999999998,-120.41945,"SANTA BARBARA","SANTA MARIA",-120.41941998,34.938339999999997
9383761,2021,2022-01-20,4202,2021-12-01,0756,80714,,3,5,4,4202,0,0,0,,0,,"W LAUREL AV","N I ST",0.00,,Y,A,-,N,,,,,,,,,,N,2,0,1,2,A,-,08,22107,,N,D,G,A,A,H,-,A,D,0,,Y,,,Y,,L,04,1,0,0,0,0,0,1,0,0,"- ","- ",,,"SANTA BARBARA",LOMPOC,-120.45914459228516,34.643825531005859
90095430,2015,2016-01-14,9755,2015-12-18,0650,016999,,5,1,9,4200,0,1,3,,1,053,"SR-246 E/B","RIVERVIEW DR",6494.00,W,N,A,-,Y,,,246,,,,,,E,Y,2,0,1,1,A,-,08,22107,,N,F,A,A,A,H,-,B,D,0,,,,,Y,,A,07,1,0,0,0,0,0,0,0,0,"- ","- ",34.622950000000003,-120.23047,"SANTA BARBARA",UNINCORPORATED,-120.23040717000001,34.622679269999999
90400536,2017,2017-02-27,9755,2017-02-25,1225,013618,,6,1,9,4200,0,1,3,,1,055,"RT 1","SANTA LUCIA CYN. ROAD",0.00,,N,B,-,Y,,,1,,,,,,,Y,2,0,1,1,A,-,08,22107,,N,E,I,A,A,H,-,A,D,0,,,,,Y,,A,01,1,0,0,0,0,0,0,0,0,"- ","- ",34.70834,-120.48693,"SANTA BARBARA",UNINCORPORATED,-120.48701035000001,34.708264059999998
90651265,2018,2018-01-30,9755,2018-01-22,1658,021818,,1,2,9,4200,0,3,5,,2,040,"BALLARD CANYON RD","FOXEN CANYON RD",1056.00,W,N,A,-,N,,,,,,,,,,N,2,0,1,2,A,-,08,22107,,N,B,G,A,A,H,-,B,D,0,,Y,,,Y,,L,04,1,0,0,0,0,0,1,0,0,"- ","- ",34.667350769042969,-120.12557220458984,"SANTA BARBARA",UNINCORPORATED,-120.12545776367188,34.667118072509766
91030711,2019,2019-07-15,9755,2019-07-05,1648,019292,,5,2,9,4200,0,1,3,,1,053,SR-1,"JALAMA RD",5650.00,N,N,A,-,Y,,,1,,,,,,,Y,2,0,1,1,A,-,08,22107,,N,E,I,A,A,H,-,A,D,0,,,,,Y,,A,01,1,0,0,0,0,0,0,0,0,"- ","- ",34.60137939453125,-120.41713714599609,"SANTA BARBARA",UNINCORPORATED,-120.41729736328125,34.601421356201172
91938323,2022,2022-12-09,9760,2022-12-03,0752,021283,,6,1,9,4200,0,1,2,,1,040,US-101,"CALLE MARIPOSA",3168.00,N,N,C,-,Y,SB,,101,,R,45.993,H,,R,Y,2,0,1,1,A,-,03,22350,,N,F,I,A,B,H,-,D,D,0,,,,,Y,,D,22,1,0,0,0,0,0,0,0,0,"- ","- ",34.473678588867188,-120.22532653808594,"SANTA BARBARA",UNINCORPORATED,-120.22527313232422,34.473796844482422
92332705,2023,2024-03-07,9750,2023-12-30,2330,020907,,6,3,5,4204,0,1,2,,2,001,"US-101 N/B (EL CAMINO REAL)","BROADWAY O/C",15.00,S,N,B,-,Y,SB,,101," "," ",90.746,H,,R,Y,1,2,1,2,A,-,01,23152,A,N,A,C,A,A,H,-,C,D,0,,,,,Y,Y,A,07,1,0,0,0,0,0,0,0,0,"- ","- ",34.981300354003906,-120.43138122558594,"SANTA BARBARA","SANTA MARIA",-120.43135833740234,34.981307983398438
92367784,2024,2024-04-18,9760,2024-02-27,1808,020528,,2,2,9,4200,0,2,4,,1,021,"HOLLISTER AVE","AUHAY DRIVE",0.00,,Y,A,-,N,,,,,,,,,,N,2,0,1,2,A,-,11,21950,B,N,G,B,E,A,H,-,C,A,0,Y,,,,Y,,N,60,1,0,0,0,1,0,0,0,0,"- ","- ",34.439250946044922,-119.774658203125,"SANTA BARBARA",UNINCORPORATED,-119.78166961669922,34.437969207763672
7049717,2015,2015-09-15,4203,2015-08-27,1020,6700,45,4,5,5,4203,0,0,0,,0,003,"SANTA BARBARA ST","VICTORIA ST",0.00,,Y,A,-,N,,,,,,,,,,N,2,0,1,2,A,-,12,21453,A,N,D,C,A,A,H,-,A,A,0,,,,,Y,,A,01,1,0,0,0,0,0,0,0,0,"- ","- ",34.426409999999997,-119.70343,"SANTA BARBARA","SANTA BARBARA",-119.70346986,34.426440040000003
82062895,2023,2023-05-08,4204,2023-04-20,"930 ",91363,,4,5,5,4204,0,0,0,,0,002,BROADWAY,"MAIN ST",0.00,,Y,A,-,N,,,,,,,,,,Y,2,0,2,2,A,-,09,21453,C,N,B,D,A,A,H,-,A,A,0,,,,,Y,,A,01,1,1,0,0,0,0,0,0,0,"- ","- ",34.952030181884766,-120.43547058105469,"SANTA BARBARA","SANTA MARIA",-120.43593597412109,34.953128814697266
90111715,2016,2016-02-09,9760,2016-02-04,1125,015658,,4,1,9,4200,0,3,5,,2,005,"CAMINO CORTO","ESTERO RD",0.00,,Y,A,-,N,,,,,,,,,,N,2,0,1,2,A,-,12,22450,A,F,D,G,A,A,H,-,A,A,0,,Y,,,Y,,L,04,1,0,0,0,0,0,1,0,0,"- ","- ",34.413580000000003,-119.86638000000001,"SANTA BARBARA",UNINCORPORATED,-119.86642992,34.413600039999999
90409565,2017,2017-03-09,9755,2017-03-03,0215,020773,,5,3,9,4200,0,1,3,,1,055,"SR-1 N/B","CALIFORNIA BLVD",1500.00,S,N,A,-,Y,,,1,,,,,,N,Y,2,0,1,1,A,-,08,22107,,N,E,I,A,A,H,-,D,D,0,,,,,Y,,A,01,1,0,0,0,0,0,0,0,0,"- ","- ",34.74662,-120.51645000000001,"SANTA BARBARA",UNINCORPORATED,-120.5164175,34.746651909999997
90528543,2017,2017-08-22,9760,2017-08-16,1650,021294,,3,2,4,4214,0,1,2,,1,030,"US-101 S/B","LOS CARNEROS RD",2600.00,S,N,A,-,Y,,,101,,,,,,S,Y,2,0,1,2,A,-,07,21658,A,F,B,C,A,A,H,-,A,D,0,,,Y,,Y,,-,99,1,0,0,0,0,0,0,0,1,"- ","- ",34.438429999999997,-119.84318,"SANTA BARBARA",GOLETA,-119.84317738999999,34.438409649999997
91498216,2021,2021-06-16,9760,2021-06-07,0750,018431,,1,1,9,4200,0,1,2,,1,040,"US-101 N/B","REFUGIO RD.",3784.00,S,N,A,-,Y,,,101,,,,,,N,Y,2,0,1,1,A,-,08,22107,,N,F,A,A,A,H,-,A,D,0,,,,,Y,,A,01,1,0,0,0,0,0,0,0,0,"- ","- ",34.462501525878906,-120.05666351318359,"SANTA BARBARA",UNINCORPORATED,-120.05665588378906,34.462509155273438
92151176,2023,2023-08-23,9760,2023-08-12,"0   ",023122,,6,3,9,4200,0,3,5,,2,005,"MADRID ROAD","EMBARCADERO DEL MAR",195.00,W,N,A,-,N,,,,,,,,,,N,2,0,1,1,A,-,17,21200,,N,F,A,A,A,H,-,C,D,0,,Y,,,Y,Y,L,04,1,0,0,0,0,0,1,0,0,"- ","- ",34.412490844726562,-119.85777282714844,"SANTA BARBARA",UNINCORPORATED,-119.85768890380859,34.412464141845703
6752401,2014,2015-02-04,4203,2014-12-22,1909,6978,16,1,5,5,4203,0,0,0,,0,006,"CLIFF DR","LIGHTHOUSE RD",10.00,E,N,A,-,N,,,225,,,,,,,N,2,0,2,2,A,-,09,21802,A,N,A,C,A,A,H,-,C,A,0,,,Y,,Y,,A,07,1,1,0,0,0,0,0,0,1,"- ","- ",34.401330000000002,-119.72109,"SANTA BARBARA","SANTA BARBARA",-119.72108844,34.401337429999998
7047959,2015,2015-09-10,4204,2015-08-22,2002,90322,,6,5,5,4204,0,0,0,,0,001,LINCOLN,"DONOVAN RD",0.00,,Y,A,-,N,,,,,,,,,,Y,2,0,1,2,A,-,09,21801,A,N,A,C,A,A,H,-,C,D,0,,,Y,,Y,,A,01,1,0,0,0,0,0,0,0,1,"- ","- ",,,"SANTA BARBARA","SANTA MARIA",-120.43680989000001,34.967700090000001
8826537,2019,2019-05-03,4200,2019-02-24,0055,4947,6,7,5,2,4206,0,0,0,,0,,"MISSION DR","4TH PL",0.00,,Y,A,-,Y,SB,5,246,-,-,29.320,I,5,E,N,2,0,2,3,A,-,10,21950,A,N,G,B,B,A,H,-,C,A,0,Y,,,,Y,,A,01,1,1,0,0,2,0,0,0,0,"- ","- ",,,"SANTA BARBARA",SOLVANG,-120.14375305175781,34.596065521240234
9453370,2022,2022-06-20,4200,2022-05-31,0855,4950,14,2,5,4,4214,0,0,0,,0,050,"VALDEZ AV","CALLE REAL",20.00,N,N,A,-,N,,,,,,,,,,N,2,0,1,1,A,-,03,22350,,N,H,J,A,D,H,-,A,D,0,,,Y,,Y,,C,02,1,0,0,0,0,0,0,0,1,"- ","- ",,,"SANTA BARBARA",GOLETA,-119.83769226074219,34.439353942871094
9524053,2022,2022-11-30,4203,2022-10-27,0613,24576,12,4,5,5,4203,0,0,0,,0,002,"E YANONALI ST","CALLE CESAR CHAVEZ",376.00,W,N,A,-,N,,,,,,,,,,N,2,0,1,2,A,-,11,21956,,N,G,B,D,A,H,-,C,D,0,Y,,,,Y,,N,60,1,0,0,0,1,0,0,0,0,"- ","- ",34.419391632080078,-119.68370819091797,"SANTA BARBARA","SANTA BARBARA",-119.68461608886719,34.418899536132812
9718148,2024,2024-07-30,4203,2024-05-04,"415 ",26395,72,6,5,5,4203,0,0,0,,0,001,"OLD COAST HWY","COAST VILLAGE RD",1556.00,W,N,A,-,N,,,,,,,,,,Y,2,0,2,1,A,-,01,23153,A,N,E,I,A,A,H,-,C,D,0,,,,,Y,Y,A,01,1,0,1,0,0,0,0,0,0,"- ","- ",34.422779083251953,-119.65276336669922,"SANTA BARBARA","SANTA BARBARA",-119.65367126464844,34.423015594482422
91920588,2022,2022-11-17,9755,2022-10-05,1305,016988,,3,1,9,4200,0,1,3,,2,041,"SR-246 (MISSION DRIVE) WESTBOUND","SKYTT MESA DRIVE",2482.00,W,N,A,-,Y,SB,,246,,,28.096,H,,L,Y,1,1,1,2,A,-,08,22107,,N,B,C,A,A,H,-,A,D,0,,,,,Y,,A,01,1,0,0,0,0,0,0,0,0,"- ","- ",34.599830627441406,-120.16110229492188,"SANTA BARBARA",UNINCORPORATED,-120.16114044189453,34.599765777587891
92007017,2022,2023-03-01,9750,2022-09-04,0138,020964,,7,3,5,4204,0,1,2,,2,001,"US-101 N/B (EL CAMINO REAL)","ALVIN AVE",240.00,S,N,A,-,Y,SB,,101,,,89.062,H,,R,Y,1,1,0,1,A,-,08,22107,,N,E,I,A,A,H,-,C,D,0,,,,,Y,,A,07,0,0,0,0,0,0,0,0,0,"- ","- ",34.959430694580078,-120.41799163818359,"SANTA BARBARA","SANTA MARIA",-120.41803741455078,34.959419250488281