CASE_ID,ACCIDENT_YEAR,PROC_DATE,JURIS,COLLISION_DATE,COLLISION_TIME,OFFICER_ID,REPORTING_DISTRICT,DAY_OF_WEEK,CHP_SHIFT,POPULATION,CNTY_CITY_LOC,SPECIAL_COND,BEAT_TYPE,CHP_BEAT_TYPE,CITY_DIVISION_LAPD,CHP_BEAT_CLASS,BEAT_NUMBER,PRIMARY_RD,SECONDARY_RD,DISTANCE,DIRECTION,INTERSECTION,WEATHER_1,WEATHER_2,STATE_HWY_IND,CALTRANS_COUNTY,CALTRANS_DISTRICT,STATE_ROUTE,ROUTE_SUFFIX,POSTMILE_PREFIX,POSTMILE,LOCATION_TYPE,RAMP_INTERSECTION,SIDE_OF_HWY,TOW_AWAY,COLLISION_SEVERITY,NUMBER_KILLED,NUMBER_INJURED,PARTY_COUNT,PRIMARY_COLL_FACTOR,PCF_CODE_OF_VIOL,PCF_VIOL_CATEGORY,PCF_VIOLATION,PCF_VIOL_SUBSECTION,HIT_AND_RUN,TYPE_OF_COLLISION,MVIW,PED_ACTION,ROAD_SURFACE,ROAD_COND_1,ROAD_COND_2,LIGHTING,CONTROL_DEVICE,CHP_ROAD_TYPE,PEDESTRIAN_ACCIDENT,BICYCLE_ACCIDENT,MOTORCYCLE_ACCIDENT,TRUCK_ACCIDENT,NOT_PRIVATE_PROPERTY,ALCOHOL_INVOLVED,STWD_VEHTYPE_AT_FAULT,CHP_VEHTYPE_AT_FAULT,COUNT_SEVERE_INJ,COUNT_VISIBLE_INJ,COUNT_COMPLAINT_PAIN,COUNT_PED_KILLED,COUNT_PED_INJURED,COUNT_BICYCLIST_KILLED,COUNT_BICYCLIST_INJURED,COUNT_MC_KILLED,COUNT_MC_INJURED,PRIMARY_RAMP,SECONDARY_RAMP,LATITUDE,LONGITUDE,COUNTY,CITY,POINT_X,POINT_Y
94458297,2024,2024-12-06,9760,2024-10-18,1515,020423,,5,2,9,4200,0,1,3,,1,014,"SR-192 (FOOTHILL ROAD)","MISSION CANYON RD",0.00,,Y,A,-,N,,,,,,,,,,N,2,0,1,2,A,-,09,21801,A,N,H,G,A,A,H,-,A,A,0,,Y,,,Y,,D,22,1,0,0,0,0,0,1,0,0,"- ","- ",34.446529388427734,-119.71340179443359,"SANTA BARBARA",UNINCORPORATED,-119.71336364746094,34.446601867675781
94483538,2024,2024-11-26,9750,2024-11-17,1515,016874,,7,2,5,4204,0,1,2,,2,001,"US-101 S/B FROM DONOVAN ROAD W/B","DONOVAN ROAD",550.00,N,N,A,-,Y,SB,,101," "," ",89.811,H,,L,N,2,0,2,1,A,-,03,22350,,N,H,A,A,A,H,-,A,D,0,,,,,Y,,A,07,2,0,0,0,0,0,0,0,0,"- ","- ",34.969100952148438,-120.42436218261719,"SANTA BARBARA","SANTA MARIA",-120.42409515380859,34.969207763671875
90449471,2017,2017-05-04,9760,2017-05-01,1515,017314,,1,2,9,4200,0,1,3,,1,015,SR-150,SR-192,1090.00,E,N,A,-,Y,,,150,,,,,,,Y,2,0,1,1,A,-,08,22107,,N,E,I,A,A,H,-,A,D,0,,,,,Y,,A,01,1,0,0,0,0,0,0,0,0,"- ","- ",34.392910000000001,-119.46004000000001,"SANTA BARBARA",UNINCORPORATED,-119.46006534,34.392965340000003
90506056,2017,2017-07-24,9760,2017-02-17,2255,020226,,5,3,9,4200,0,1,2,,2,010,"US-101 SOUTHBOUND TO SOUTH PARDARO LANE","SOUTH PADARO LANE",1035.00,N,N,C,-,Y,,,101,,,,R,,S,Y,1,1,1,1,A,-,01,23152,A,N,E,I,A,B,H,-,C,D,0,,,,,Y,Y,A,01,0,1,0,0,0,0,0,0,0,"- ","- ",34.412649999999999,-119.55583,"SANTA BARBARA",UNINCORPORATED,-119.55583,34.412649999999999
91701128,2022,2022-02-16,9760,2022-02-08,2323,021531,,2,3,9,4200,0,3,5,,2,005,"DEL PLAYA DRIVE","CAMINO CORTO",60.00,E,N,A,-,N,,,,,,,,,,Y,2,0,1,2,A,-,03,22350,,N,C,C,A,A,H,-,C,D,0,,,Y,,Y,,C,02,1,0,0,0,0,0,0,0,1,"- ","- ",34.409820556640625,-119.8662109375,"SANTA BARBARA",UNINCORPORATED,-119.86624145507812,34.409805297851562
91821540,2022,2022-07-20,9755,2022-07-14,0838,020226,,4,1,9,4200,0,1,3,,1,042,SR-154,"FOXEN CANYON ROAD",0.00,,Y,A,-,Y,SB,,154,,R,2.389,H,,R,Y,2,0,3,2,A,-,09,21802,A,N,D,C,A,A,H,-,A,A,0,,,,,Y,,D,22,1,1,1,0,0,0,0,0,0,"- ","- ",34.667980194091797,-120.12291717529297,"SANTA BARBARA",UNINCORPORATED,-120.12290191650391,34.668037414550781
91825044,2022,2022-07-26,9760,2022-07-16,1635,022916,,6,2,9,4200,0,3,5,,2,002,"GOLETA BEACH PARKING LOT (5978 SANDSPIT ROAD)","SANDSPIT ROAD PARKING LOT ENTRANCE",365.00,W,N,A,-,N,,,,,,,,,,N,2,0,1,2,C,-,18,,,N,G,B,D,A,H,-,A,D,0,Y,,,,Y,,-,"- ",1,0,0,0,1,0,0,0,0,"- ","- ",34.417129516601562,-119.832763671875,"SANTA BARBARA",UNINCORPORATED,,
91873098,2022,2022-09-26,9760,2022-09-21,1500,021283,,3,2,9,4200,0,1,3,,1,014,SR-192,"TORITO RD.",528.00,S,N,A,-,N,,,,,,,,,,N,2,0,1,1,A,-,08,22107,,N,E,I,A,A,H,-,A,D,0,,,,,Y,,D,22,1,0,0,0,0,0,0,0,0,"- ","- ",34.427791595458984,-119.57486724853516,"SANTA BARBARA",UNINCORPORATED,-119.57479858398438,34.427772521972656
6854658,2015,2015-07-15,9750,2015-05-24,0735,016170,,7,1,9,4200,0,1,3,,1,062,"RT 166","SIERRA MADRE RD",23760.00,W,N,A,-,Y,SLO,5,166,-,R,31.970,H,-,E,Y,1,1,0,1,A,-,08,22107,,N,F,A,A,A,H,-,A,D,0,,,,,Y,,A,01,0,0,0,0,0,0,0,0,0,"- ","- ",35.093940000000003,-120.12754,"SANTA BARBARA",UNINCORPORATED,-120.12755926,35.094005170000003
6870245,2015,2015-04-15,4202,2015-03-23,0737,230,LOMPO,1,5,4,4202,0,0,0,,0,,"WALNUT AV","F ST",0.00,,Y,A,-,N,,,,,,,,,,N,2,0,1,2,A,-,11,21950,B,N,G,B,B,A,H,-,A,A,0,Y,,,,Y,,N,60,1,0,0,0,1,0,0,0,0,"- ","- ",,,"SANTA BARBARA",LOMPOC,-120.45532987999999,34.640620050000003
6955381,2015,2017-01-05,9760,2015-05-20,1530,018995,,3,2,5,4203,0,1,2,,2,020,"RT 101","LAS POSITAS RD",1918.00,N,N,A,-,Y,SB,5,101,-,-,16.910,H,-,N,Y,2,0,1,1,A,-,01,23152,A,N,E,I,A,A,H,-,A,D,1,,,,,Y,Y,A,01,1,0,0,0,0,0,0,0,0,"- ","- ",34.426760000000002,-119.72739,"SANTA BARBARA","SANTA BARBARA",-119.739592,34.429020389999998
7061900,2015,2015-10-27,4203,2015-10-18,0120,6693,17,7,5,5,4203,0,0,0,,0,006,"CLIFF DR","TERRACE RD",4.00,E,N,A,-,N,,,,,,,,,,Y,2,0,3,2,A,-,01,23153,,N,C,E,A,A,H,-,C,D,0,,,,,Y,Y,A,01,1,0,2,0,0,0,0,0,0,"- ","- ",34.253100000000003,-119.42019999999999,"SANTA BARBARA","SANTA BARBARA",-119.71150704999999,34.401522309999997
9180315,2020,2020-12-03,4204,2020-10-24,1821,90619,20,6,5,5,4204,0,0,0,,0,003,BROADWAY,"INGER DR",199.00,N,N,A,-,Y,SB,5,135,-,-,13.970,H,-,N,Y,2,0,1,1,A,-,03,22350,,N,E,I,A,A,H,-,C,D,0,,,,,Y,,D,22,1,0,0,0,0,0,0,0,0,"- ","- ",34.926628112792969,-120.43598937988281,"SANTA BARBARA","SANTA MARIA",-120.43594360351562,34.927070617675781
9346416,2021,2021-11-09,4204,2021-09-18,1107,23000,006,6,5,5,4204,0,0,0,,0,001,"CORNELL CT","BERKELEY WY",150.00,E,N,A,-,N,,,,,,,,,,,2,0,1,2,A,-,00,21954,,N,G,B,D,A,H,-,A,D,0,Y,,,,Y,,N,60,1,0,0,0,1,0,0,0,0,"- ","- ",34.972698211669922,-120.42497253417969,"SANTA BARBARA","SANTA MARIA",-120.42436218261719,34.973041534423828
91672971,2021,2022-01-06,9755,2021-12-23,1153,017560,,4,1,9,4200,0,1,3,,1,042,"SR-154 E/B","LIVE OAK RD",11088.00,W,N,B,C,Y,,,154,,,,,,E,Y,2,0,3,2,A,-,17,21662,A,N,A,C,A,B,H,-,A,D,0,,,,,Y,,A,07,3,0,0,0,0,0,0,0,0,"- ","- ",34.555988311767578,-119.91139984130859,"SANTA BARBARA",UNINCORPORATED,-119.91146087646484,34.555976867675781
94519322,2024,2024-12-30,9760,2024-12-13,1957,023326,,5,2,9,4200,0,2,4,,1,021,"HOLLISTER AVE","AUHAY DRIVE",325.00,W,N,A,-,N,,,,,,,,,,Y,2,0,4,3,A,-,01,23152,A,N,C,2,A,A,H,-,C,D,0,,,,,Y,Y,A,01,1,3,0,0,0,0,0,0,0,"- ","- ",34.439018249511719,-119.77603149414062,"SANTA BARBARA",UNINCORPORATED,-119.78271484375,34.437767028808594
94555549,2025,2025-01-30,9760,2025-01-28,"558 ",022291,,2,3,9,4200,0,1,2,,2,010,"US-101 NORTHBOUND","SHEFFIELD DRIVE",1259.00,N,N,A,-,Y,SB,,101," "," ",9.256,H,,R,Y,2,0,1,2,A,-,03,22350,,N,C,C,A,A,D,-,B,D,0,,,,,Y,,A,01,1,0,0,0,0,0,0,0,0,"- ","- ",34.421268463134766,-119.618408203125,"SANTA BARBARA",UNINCORPORATED,-119.61843109130859,34.42138671875
9462565,2022,2022-07-19,4203,2022-07-04,0145,25305,40,1,5,5,4203,0,0,0,,0,004,"W ORTEGA ST","STATE ST",57.00,W,N,A,-,N,,,,,,,,,,,2,0,1,3,D,-,00,,,F,G,B,E,A,H,-,C,D,0,Y,,,,Y,Y,-,"- ",1,0,0,0,1,0,0,0,0,"- ","- ",34.418468475341797,-119.69824981689453,"SANTA BARBARA","SANTA BARBARA",-119.69818878173828,34.418544769287109
9648130,2023,2024-03-13,4203,2023-12-07,1154,25508,44,4,5,5,4203,0,0,0,,0,003,"E COTA ST","GARDEN ST",12.00,W,N,A,-,N,,,,,,,,,,,2,0,1,2,A,-,10,21950,A,N,G,B,B,A,H,-,A,D,0,Y,,,,Y,Y,D,22,1,0,0,0,1,0,0,0,0,"- ","- ",34.420879364013672,-119.69345855712891,"SANTA BARBARA","SANTA BARBARA",-119.69339752197266,34.420906066894531
90574079,2017,2017-10-19,9755,2017-10-11,0937,017374,,3,1,9,4200,0,1,3,,1,042,SR-154,"3500 SR-154 (ST. FRANCIS RANCH)",1056.00,E,N,A,-,Y,,,,,,,,,,Y,2,0,2,4,A,-,05,21460,A,F,B,C,A,A,H,-,A,A,0,,,,,Y,,A,01,1,1,0,0,0,0,0,0,0,"- ","- ",35.561599999999999,-119.92062,"SANTA BARBARA",UNINCORPORATED,,
91252811,2020,2020-06-16,9760,2020-06-11,1335,021018,,4,1,9,4200,0,2,4,,2,026,"CATHEDRAL OAKS ROAD","N SAN MARCOS ROAD",47.00,E,N,A,-,N,,,,,,,,,,N,2,0,1,1,A,-,08,22107,,N,F,A,A,A,H,-,A,D,0,,Y,,,Y,,L,04,1,0,0,0,0,0,1,0,0,"- ","- ",34.451530456542969,-119.79685211181641,"SANTA BARBARA",UNINCORPORATED,-119.79693603515625,34.451511383056641
91305520,2020,2020-09-16,9760,2020-09-09,1620,020752,,3,2,9,4200,0,2,4,,2,026,"PATTERSON AVENUE","CATHEDRAL OAKS ROAD",40.00,N,N,A,-,N,,,,,,,,,,N,2,0,1,1,A,-,08,22107,,N,F,A,A,A,H,-,A,A,0,,Y,,,Y,,L,04,1,0,0,0,0,0,1,0,0,"- ","- ",34.453411102294922,-119.80800628662109,"SANTA BARBARA",UNINCORPORATED,-119.80812072753906,34.453117370605469
91312687,2020,2020-09-28,9760,2020-09-22,1340,020752,,2,1,9,4200,0,3,5,,2,002,"ESTRELLA DRIVE","MARINA DRIVE",140.00,N,N,A,-,N,,,,,,,,,,N,2,0,1,1,D,-,00,,,N,F,A,A,A,H,-,A,D,0,,Y,,,Y,,-,"- ",1,0,0,0,0,0,1,0,0,"- ","- ",34.411888122558594,-119.76335144042969,"SANTA BARBARA",UNINCORPORATED,-119.76347351074219,34.411685943603516
9591390,2023,2023-07-31,4203,2023-06-04,"203 ",26416,63,7,5,5,4203,0,0,0,,0,001,"S SALINAS ST","HUTASH ST",75.00,N,N,A,-,N,,,,,,,,,,N,2,0,1,2,D,-,00,,,N,H,G,A,A,H,-,D,D,0,,Y,,,Y,,-,"- ",1,0,0,0,0,0,1,0,0,"- ","- ",,,"SANTA BARBARA","SANTA BARBARA",-119.66964721679688,34.424182891845703
9719203,2024,2024-08-23,4203,2024-07-11,1431,26909,78,4,5,5,4203,0,0,0,,0,001,"MOUNTAIN DR","COYOTE RD",4300.00,W,N,A,-,N,,,,,,,,,,N,2,0,1,2,A,-,05,21650,,N,B,C,A,A,H,-,A,D,0,,,Y,,Y,,D,22,1,0,0,0,0,0,0,0,1,"- ","- ",34.451549530029297,-119.66338348388672,"SANTA BARBARA","SANTA BARBARA",-119.66886901855469,34.453899383544922
9782059,2025,2025-02-18,4203,2025-01-12,1740,27319,71,7,5,5,4203,0,0,0,,0,001,"ALAMEDA PADRE SERRA","ARGUELLO RD",0.00,,Y,A,-,N,,,,,,,,,,N,2,0,1,2,A,-,12,22450,A,N,H,G,A,A,H,-,C,D,0,,Y,,,Y,,A,07,1,0,0,0,0,0,1,0,0,"- ","- ",34.4351806640625,-119.69631958007812,"SANTA BARBARA","SANTA BARBARA",-119.70143127441406,34.437076568603516
9788640,2025,2025-05-09,4203,2025-04-13,2215,26415,43,7,5,5,4203,0,0,0,,0,002,"SANTA BARBARA ST","E MONTECITO ST",0.00,,Y,A,-,N,,,,,,,,,,N,2,0,1,2,A,-,08,22107,,N,A,G,A,A,H,-,C,D,0,,Y,,,Y,Y,L,04,1,0,0,0,0,0,1,0,0,"- ","- ",34.416919708251953,-119.69049835205078,"SANTA BARBARA","SANTA BARBARA",-119.69055938720703,34.416954040527344
90025758,2015,2015-10-19,9750,2015-09-30,1112,015915,,3,1,9,4200,0,3,5,,2,030,"FOXEN CANYON ROAD","DOMINION ROAD",700.00,N,N,A,-,N,,,,,,,,,,Y,2,0,3,2,A,-,05,21460,A,N,A,C,A,A,H,-,A,D,0,,,,Y,Y,,G,27,1,1,1,0,0,0,0,0,0,"- ","- ",34.912089999999999,-120.34775,"SANTA BARBARA",UNINCORPORATED,-120.34776970999999,34.912050610000001
90258044,2016,2016-08-31,9760,2016-08-25,0250,020777,,4,3,9,4200,0,1,2,,2,011,"US-101 S/B","POSILIPO LN",485.00,N,N,A,-,Y,,,101,,,,,,S,Y,2,0,1,1,C,-,18,,,N,E,I,A,A,H,-,D,D,0,,,,,Y,,-,"- ",1,0,0,0,0,0,0,0,0,"- ","- ",34.420940000000002,-119.62690000000001,"SANTA BARBARA",UNINCORPORATED,-119.62689279,34.420989540000001
90335271,2016,2016-12-01,9750,2016-11-19,1325,017496,,6,1,9,4200,0,1,3,,1,062,SR-166,"PINE CANYON ROAD",36432.00,E,N,A,-,Y,,,166,,,,,,,Y,2,0,5,2,A,-,01,23152,A,F,F,A,A,A,H,-,A,D,0,,,,,Y,Y,A,01,2,3,0,0,0,0,0,0,0,"- ","- ",35.093820000000001,-120.12881,"SANTA BARBARA",UNINCORPORATED,-120.12880873,35.093908669999998
91085406,2019,2019-09-27,9755,2019-09-25,0608,014820,,3,1,9,4200,0,1,3,,1,055,SR-1,"SANTA LUCIA CANYON RD",0.00,,Y,A,-,Y,,,1,,,,,,,Y,2,0,1,2,A,-,09,21801,A,N,D,C,A,A,H,-,D,D,0,,,,,Y,,A,01,1,0,0,0,0,0,0,0,0,"- ","- ",34.713169097900391,-120.48899841308594,"SANTA BARBARA",UNINCORPORATED,-120.48902130126953,34.713165283203125
91167904,2019,2020-02-10,9750,2019-11-30,1756,020510,,6,2,9,4200,0,1,2,,2,003,"US-101 S/B","CAT CANYON RD",0.00,,Y,C,E,Y,,,101,,,,,,S,Y,1,1,4,2,A,-,09,21801,A,N,D,C,A,B,H,-,D,D,0,,,,,Y,,A,01,0,2,2,0,0,0,0,0,0,"- ","- ",34.756740570068359,-120.29447937011719,"SANTA BARBARA",UNINCORPORATED,-120.29449462890625,34.7567138671875
6976626,2015,2017-01-05,9750,2015-06-16,0949,015915,,2,1,9,4200,0,1,2,,2,001,"RT 101","RT 135",528.00,N,N,A,-,Y,SB,5,101,-,-,90.840,R,2,N,Y,2,0,2,1,A,-,03,22350,,N,F,A,A,A,H,-,A,D,0,,,Y,,Y,,C,02,1,0,1,0,0,0,0,0,2,TO,"- ",,,"SANTA BARBARA",UNINCORPORATED,-120.43197347,34.982526249999999
8071893,2016,2016-07-29,4203,2016-07-07,0906,5751,21,4,5,5,4203,0,0,0,,0,006,"W CARRILLO ST","CHINO ST",0.00,,Y,A,-,N,,,,,,,,,,Y,2,0,2,2,A,-,09,21802,A,N,D,C,A,A,H,-,A,D,0,,,,,Y,,A,08,2,0,0,0,0,0,0,0,0,"- ","- ",34.41451,-119.71290999999999,"SANTA BARBARA","SANTA BARBARA",-119.71281996,34.414500019999998
8490223,2017,2017-12-11,4203,2017-11-01,0946,23768,,3,5,5,4203,0,0,0,,0,001,"CAMINO VIEJO","SANTECITO DR",20.00,N,N,B,-,N,,,,,,,,,,Y,2,0,1,2,A,-,03,22350,,N,C,C,A,A,H,-,A,D,0,,,Y,,Y,,C,03,1,0,0,0,0,0,0,0,1,"- ","- ",34.433959999999999,-119.65389999999999,"SANTA BARBARA","SANTA BARBARA",-119.65377549,34.433938429999998
9341213,2021,2021-10-26,4201,2021-09-03,1609,6573,,5,5,2,4201,0,0,0,,0,051,"11TH ST","PACHECO ST",0.00,,-,A,-,N,,,,,,,,,,Y,2,0,2,2,A,-,08,22107,,N,D,E,A,A,H,-,A,A,0,,,,,Y,,-,,1,0,1,0,0,0,0,0,0,"- ","- ",,,"SANTA BARBARA",GUADALUPE,-120.56948089599609,34.971839904785156
9509112,2022,2022-11-30,4200,2022-10-19,1630,4950,14,3,5,4,4214,0,0,0,,0,060,"HOLLISTER AV","SUMIDA GARDENS LN",0.00,,Y,A,-,N,,,,,,,,,,N,2,0,1,2,A,-,03,22350,,N,C,C,A,A,H,-,A,A,0,,,,,Y,,A,01,1,0,0,0,0,0,0,0,0,"- ","- ",,,"SANTA BARBARA",GOLETA,-119.81397247314453,34.435108184814453
9524984,2022,2022-12-16,4202,2022-10-03,1440,295,4202,1,5,4,4202,0,0,0,,0,,"RT 1","CENTRAL AV",258.00,S,N,A,-,Y,SB,5,1,-,-,22.000,H,-,N,Y,2,0,2,2,C,-,18,,,N,H,C,A,A,H,-,A,A,0,,,Y,Y,Y,,-,"- ",2,0,0,0,0,0,0,0,2,"- ","- ",,,"SANTA BARBARA",LOMPOC,-120.45759582519531,34.659942626953125
82258156,2023,2023-12-11,4200,2023-11-09,2114,3077,14,4,5,4,4214,0,0,0,,0,080,"BRANDON DR","ROTHBURY PL",139.00,N,N,A,-,N,,,,,,,,,,Y,2,0,1,4,A,-,08,22107,,N,C,E,A,A,H,-,C,D,0,,,,,Y,,A,01,1,0,0,0,0,0,0,0,0,"- ","- ",,,"SANTA BARBARA",GOLETA,-119.89212036132812,34.43548583984375
90529909,2017,2017-08-24,9760,2017-08-18,0123,020757,,5,3,5,4203,0,1,2,,2,011,"US-101 S/B","STATE STREET",10.00,S,N,A,-,Y,,,101,,,,,,S,N,2,0,1,2,A,-,11,21954,A,F,G,B,D,A,H,-,D,D,0,Y,,,,Y,Y,N,60,1,0,0,0,1,0,0,0,0,"- ","- ",34.415289999999999,-119.69280999999999,"SANTA BARBARA","SANTA BARBARA",-119.69280381,34.415283510000002
91202720,2020,2020-03-05,9755,2020-03-01,1750,021011,,7,2,9,4200,0,1,2,,2,004,"US-101 SOUTHBOUND","STATE ROUTE-1",3960.00,N,N,B,-,Y,,,101,,,,,,S,Y,2,0,1,1,A,-,08,22107,,N,E,I,A,B,H,-,A,D,0,,,,,Y,,A,01,1,0,0,0,0,0,0,0,0,"- ","- ",34.518169403076172,-120.21733093261719,"SANTA BARBARA",UNINCORPORATED,-120.21726989746094,34.518115997314453
91429502,2021,2021-03-17,9750,2021-03-10,0510,017910,,3,3,9,4200,0,1,3,,1,022,"SR-1 S/B (CABRILLO HIGHWAY)","SAN ANTONIO ROAD EAST",490.00,N,N,B,C,Y,,,1,,,,,,S,Y,2,0,2,2,A,-,08,22107,,N,F,A,A,B,H,-,D,D,0,,,,,Y,,D,22,1,1,0,0,0,0,0,0,0,"- ","- ",34.775459289550781,-120.48522186279297,"SANTA BARBARA",UNINCORPORATED,-120.48542022705078,34.775875091552734
6824877,2015,2015-03-03,9755,2015-01-16,1350,16058,,5,1,9,4200,0,3,5,,2,050,"CONSTELLATION RD","APOLLO WY",500.00,N,N,A,-,N,,,,,,,,,,N,2,0,1,2,A,-,09,21804,A,N,D,C,A,A,H,-,A,D,0,,,Y,,Y,,A,01,1,0,0,0,0,0,0,0,1,"- ","- ",34.700380000000003,-120.46746,"SANTA BARBARA",UNINCORPORATED,-120.46706021,34.700475369999999
6291301,2014,2015-12-29,9760,2014-04-21,0045,18803,,1,3,5,4203,0,1,2,,2,011,"RT 101","CASTILLO ST",189.00,S,N,A,-,Y,SB,5,101,-,R,14.150,H,-,S,Y,1,3,2,2,C,-,18,,,N,D,C,A,A,H,-,D,D,1,,,,,Y,Y,-,"- ",1,0,1,0,0,0,0,0,0,"- ","- ",34.412140000000001,-119.69889000000001,"SANTA BARBARA","SANTA BARBARA",-119.69825505999999,34.412228929999998
6291713,2014,2016-01-04,9755,2014-10-05,2158,17967,,7,2,9,4200,0,1,3,,1,053,"RT 246","DOMINGOS RD",11352.00,E,N,A,-,Y,SB,5,246,-,R,23.060,H,-,E,Y,1,1,2,1,A,-,08,22107,,N,F,A,A,A,H,-,D,D,0,,,,,Y,Y,A,07,0,1,1,0,0,0,0,0,0,"- ","- ",34.621400000000001,-120.24420000000001,"SANTA BARBARA",UNINCORPORATED,-120.24262409000001,34.62175165
6292917,2017,2017-10-06,4201,2017-07-24,1503,3317,,1,5,2,4201,0,0,0,,0,051,"RT 166","W MAIN ST 4500 BLOCK",0.00,,N,A,-,Y,SB,5,166,-,-,0.030,H,-,W,Y,1,1,0,2,A,-,12,22451,B,N,D,F,A,A,G,H,A,A,0,,,,,Y,,-,,0,0,0,0,0,0,0,0,0,"- ","- ",,,"SANTA BARBARA",GUADALUPE,-120.57354402999999,34.957524249999999
6373159,2014,2014-06-06,4200,2014-01-02,0907,3683,14,4,5,4,4214,0,0,0,,0,080,"HOLLISTER AV","CORONADO DR",100.00,W,N,A,-,N,,,,,,,,,,N,2,0,1,1,C,-,18,,,N,H,G,A,A,H,-,A,D,0,,Y,,,Y,,-,"- ",1,0,0,0,0,0,1,0,0,"- ","- ",,,"SANTA BARBARA",GOLETA,-119.88984136000001,34.42980575
6398989,2014,2014-06-25,4203,2014-02-22,1343,7187,4,6,5,5,4203,0,0,0,,0,004,"MICHELTORENA ST",MICHELTORENA,9.00,N,N,A,-,N,,,,,,,,,,Y,2,0,1,1,A,-,01,23152,A,N,-,I,A,A,H,-,C,A,0,,,,,Y,Y,-,,1,0,0,0,0,0,0,0,0,"- ","- ",34.252270000000003,-119.42421,"SANTA BARBARA","SANTA BARBARA",-119.72071523,34.414593760000002
6399022,2014,2014-06-26,4203,2014-02-14,1043,2661,,5,5,5,4203,0,0,0,,0,003,"E VICTORIA ST","GARDEN ST",87.00,W,N,A,-,N,,,,,,,,,,N,2,0,1,2,A,-,17,22517,,N,B,G,A,A,H,-,A,D,0,,Y,,,Y,,-,,1,0,0,0,0,0,1,0,0,"- ","- ",34.253399999999999,-119.4213,"SANTA BARBARA","SANTA BARBARA",-119.70257110999999,34.42728116
6405808,2014,2014-06-05,9760,2014-01-25,0045,18995,,6,3,9,4200,0,3,5,,2,005,"EMBARCADERO DEL NORTE","PARDALL RD",5.00,N,N,A,-,N,,,,,,,,,,N,2,0,1,2,A,-,11,21950,B,N,G,B,D,A,H,-,C,D,0,Y,,,,Y,Y,N,60,1,0,0,0,1,0,0,0,0,"- ","- ",34.413110000000003,-119.8554,"SANTA BARBARA",UNINCORPORATED,-119.85538969,34.413103730000003
6417412,2014,2014-06-24,4204,2014-03-02,2109,23601,33,7,5,5,4204,0,0,0,,0,002,"MAIN ST","PINE ST",0.00,,Y,A,-,N,,,,,,,,,,N,2,0,1,2,A,-,10,21950,A,N,G,B,B,A,H,-,C,A,0,Y,,,,Y,,A,01,1,0,0,0,1,0,0,0,0,"- ","- ",,,"SANTA BARBARA","SANTA MARIA",-120.43889987999999,34.953170020000002
6491798,2014,2014-07-17,9755,2014-04-19,1107,16999,,6,1,9,4200,0,3,5,,2,050,"HARRIS GRADE RD","RT 1",600.00,N,N,A,-,N,,,,,,,,,,N,2,0,1,1,A,-,08,22107,,N,E,I,A,A,H,-,A,D,0,,Y,,,Y,,L,04,1,0,0,0,0,0,1,0,0,"- ","- ",34.680019999999999,-120.45487,"SANTA BARBARA",UNINCORPORATED,-120.45488745,34.679848819999997
6513305,2014,2016-04-09,4202,2014-04-06,0606,292,LOMPO,7,5,4,4202,0,0,0,,0,007,"RT 1","NORTH AV",128.00,S,N,A,-,Y,SB,5,1,-,R,21.540,H,-,N,N,2,0,1,2,A,-,11,21955,,F,G,B,D,A,H,-,B,A,0,Y,,,,Y,,N,60,1,0,0,0,1,0,0,0,0,"- ","- ",,,"SANTA BARBARA",LOMPOC,-120.45761885,34.655299909999997
6517708,2014,2014-08-07,9760,2014-06-03,1055,16739,,2,1,9,4200,0,3,5,,2,002,"TURNPIKE RD","SAN GORDIANO AV",0.00,,Y,A,-,N,,,,,,,,,,Y,2,0,2,2,A,-,12,21453,A,N,D,C,A,A,H,-,A,A,0,,,,,Y,,A,08,2,0,0,0,0,0,0,0,0,"- ","- ",34.438850000000002,-119.78955000000001,"SANTA BARBARA",UNINCORPORATED,-119.78943988,34.439130059999997
6532550,2014,2014-08-05,9760,2014-05-26,0220,18491,,1,3,9,4200,0,3,5,,2,002,"TURNPIKE RD","LA GAMA WY",203.00,S,N,A,-,N,,,,,,,,,,Y,2,0,1,1,A,-,01,23152,A,N,E,I,A,A,H,-,C,D,0,,,,,Y,Y,A,07,1,0,0,0,0,0,0,0,0,"- ","- ",34.445869999999999,-119.78945,"SANTA BARBARA",UNINCORPORATED,-119.78949478,34.445784680000003
6558423,2014,2014-08-13,4203,2014-05-24,2223,2058,62,6,5,5,4203,0,0,0,,0,001,"MILPAS ST","YANONALI ST",0.00,,Y,A,-,N,,,,,,,,,,N,2,0,1,2,A,-,10,21950,A,N,G,B,B,A,H,-,C,A,0,Y,,,,Y,,-,,1,0,0,0,1,0,0,0,0,"- ","- ",34.252459999999999,-119.10533,"SANTA BARBARA","SANTA BARBARA",-119.68147997,34.423480089999998
6580693,2014,2016-05-09,9760,2014-07-24,1125,16739,,4,1,9,4200,0,1,2,,1,040,"RT 101","ARROYO QUEMADO BRIDGE",2640.00,N,N,A,-,Y,SB,5,101,-,-,39.250,H,-,S,Y,2,0,2,2,A,-,07,21658,A,N,B,C,A,A,H,-,A,D,5,,,Y,,Y,,A,01,1,1,0,0,0,0,0,0,2,"- ","- ",34.47063,-120.11569,"SANTA BARBARA",UNINCORPORATED,-120.11079788000001,34.468366580000001