CASE_ID,ACCIDENT_YEAR,PROC_DATE,JURIS,COLLISION_DATE,COLLISION_TIME,OFFICER_ID,REPORTING_DISTRICT,DAY_OF_WEEK,CHP_SHIFT,POPULATION,CNTY_CITY_LOC,SPECIAL_COND,BEAT_TYPE,CHP_BEAT_TYPE,CITY_DIVISION_LAPD,CHP_BEAT_CLASS,BEAT_NUMBER,PRIMARY_RD,SECONDARY_RD,DISTANCE,DIRECTION,INTERSECTION,WEATHER_1,WEATHER_2,STATE_HWY_IND,CALTRANS_COUNTY,CALTRANS_DISTRICT,STATE_ROUTE,ROUTE_SUFFIX,POSTMILE_PREFIX,POSTMILE,LOCATION_TYPE,RAMP_INTERSECTION,SIDE_OF_HWY,TOW_AWAY,COLLISION_SEVERITY,NUMBER_KILLED,NUMBER_INJURED,PARTY_COUNT,PRIMARY_COLL_FACTOR,PCF_CODE_OF_VIOL,PCF_VIOL_CATEGORY,PCF_VIOLATION,PCF_VIOL_SUBSECTION,HIT_AND_RUN,TYPE_OF_COLLISION,MVIW,PED_ACTION,ROAD_SURFACE,ROAD_COND_1,ROAD_COND_2,LIGHTING,CONTROL_DEVICE,CHP_ROAD_TYPE,PEDESTRIAN_ACCIDENT,BICYCLE_ACCIDENT,MOTORCYCLE_ACCIDENT,TRUCK_ACCIDENT,NOT_PRIVATE_PROPERTY,ALCOHOL_INVOLVED,STWD_VEHTYPE_AT_FAULT,CHP_VEHTYPE_AT_FAULT,COUNT_SEVERE_INJ,COUNT_VISIBLE_INJ,COUNT_COMPLAINT_PAIN,COUNT_PED_KILLED,COUNT_PED_INJURED,COUNT_BICYCLIST_KILLED,COUNT_BICYCLIST_INJURED,COUNT_MC_KILLED,COUNT_MC_INJURED,PRIMARY_RAMP,SECONDARY_RAMP,LATITUDE,LONGITUDE,COUNTY,CITY,POINT_X,POINT_Y
6621193,2014,2016-05-07,4204,2014-08-17,1620,90271,SMPD,7,5,5,4204,0,0,0,,0,001,BROADWAY,GRANT,390.00,S,N,A,-,Y,SB,5,135,-,-,17.060,H,-,S,N,2,0,1,2,A,-,09,21801,A,N,B,C,A,A,H,-,A,D,0,,,,,Y,,A,08,1,0,0,0,0,0,0,0,0,"- ","- ",,,"SANTA BARBARA","SANTA MARIA",-120.43568688000001,34.971762650000002
6622159,2014,2014-10-14,4203,2014-09-05,1228,2661,,5,5,5,4203,0,0,0,,0,001,"ANAPAMU ST","ALTA VISTA RD",108.00,W,N,A,-,N,,,,,,,,,,Y,2,0,1,1,A,-,"- ",,,N,E,I,A,A,H,-,A,A,0,,,,,Y,,-,,1,0,0,0,0,0,0,0,0,"- ","- ",34.254899999999999,-119.4148,"SANTA BARBARA","SANTA BARBARA",-119.69676291,34.430624909999999
6624765,2014,2016-05-09,9755,2014-08-21,1200,012826,,4,1,9,4200,0,1,2,,2,004,"RT 101","OLD COAST HWY",7920.00,S,N,A,-,Y,SB,5,101,-,R,50.880,H,-,S,Y,2,0,1,1,A,-,08,22107,,N,F,A,A,A,H,-,A,D,1,,,,,Y,,A,01,1,0,0,0,0,0,0,0,0,"- ","- ",34.52608,-120.19889000000001,"SANTA BARBARA",UNINCORPORATED,-120.19941445000001,34.525603279999999
6627797,2014,2014-10-07,4203,2014-09-15,0757,6700,23,1,5,5,4203,0,0,0,,0,006,"VALERIO ST","PAMPAS AV",61.00,W,N,A,-,N,,,,,,,,,,Y,2,0,1,1,A,-,08,22107,,N,F,-,A,A,H,-,A,D,0,,,,,Y,,A,01,1,0,0,0,0,0,0,0,0,"- ","- ",34.253909999999998,-119.43174,"SANTA BARBARA","SANTA BARBARA",-119.72139845,34.417777979999997
6634713,2014,2014-09-30,4200,2014-09-12,1436,3116,14,5,5,4,4214,0,0,0,,0,060,"HOLLISTER AV","CORTONA DR",65.00,W,N,A,-,N,,,,,,,,,,N,2,0,1,2,A,-,08,22107,,N,D,G,A,A,H,-,A,D,0,,Y,,,Y,,A,01,1,0,0,0,0,0,1,0,0,"- ","- ",,,"SANTA BARBARA",GOLETA,-119.86824289,34.430109999999999
6666047,2014,2014-12-18,4203,2014-10-10,1239,2661,,5,5,5,4203,0,0,0,,0,005,"N HOPE AV","STATE ST",207.00,N,N,A,-,N,,,,,,,,,,Y,2,0,1,2,A,-,09,21801,A,N,D,C,A,A,H,-,A,A,0,,,,,Y,,-,,1,0,0,0,0,0,0,0,0,"- ","- ",34.262500000000003,-119.4449,"SANTA BARBARA","SANTA BARBARA",-119.74672,34.441048369999997
6678223,2017,2019-04-05,4203,2017-11-29,1028,6700,15,3,5,5,4203,0,0,0,,0,002,"CLIFF DR","RANCHERIA ST",0.00,,N,A,-,N,,,225,,,,,,,Y,1,1,1,2,D,-,00,,,N,A,C,A,A,H,-,A,D,0,,,,,Y,,-,"- ",0,0,1,0,0,0,0,0,0,"- ","- ",34.408580000000001,-119.699,"SANTA BARBARA","SANTA BARBARA",-119.69890411999999,34.408595210000001
6678288,2014,2014-10-31,9750,2014-09-21,1456,14449,,7,2,9,4200,0,3,5,,2,030,"DOMINION RD","CLARK AV",2640.00,N,N,A,-,N,,,,,,,,,,Y,1,1,0,1,A,-,08,22107,,N,E,I,A,A,H,-,A,D,0,,,,,Y,,A,01,0,0,0,0,0,0,0,0,0,"- ","- ",34.872039999999998,-120.3476,"SANTA BARBARA",UNINCORPORATED,-120.34751439999999,34.872248919999997
6697442,2014,2016-06-18,9750,2014-10-22,2255,012697,,3,3,9,4200,0,1,3,,1,022,"RT 1","GRACIOSA RD",3359.00,S,N,A,-,Y,SB,5,1,-,R,31.130,H,-,N,Y,2,0,1,1,A,-,01,23152,A,N,E,I,A,A,H,-,D,D,0,,,,,Y,Y,A,07,1,0,0,0,0,0,0,0,0,"- ","- ",34.80339,-120.44293,"SANTA BARBARA",UNINCORPORATED,-120.44342111,34.802303440000003
6718211,2014,2015-03-13,9750,2014-12-28,1725,14753,,7,2,5,4204,0,1,2,,2,001,"RT 101","DONOVAN RD",2112.00,S,N,A,-,Y,SB,5,101,-,-,89.450,H,-,S,Y,1,1,2,2,A,-,01,23152,A,N,E,I,A,A,H,-,B,D,0,,,,,Y,Y,B,07,2,0,0,0,0,0,0,0,0,"- ","- ",34.96134,-120.41927,"SANTA BARBARA","SANTA MARIA",-120.4211724,34.964545090000001
6725228,2014,2015-01-22,9750,2014-11-25,0600,016773,,2,1,9,4200,0,3,5,,2,010,"BETTERAVIA RD","SIMAS RD",1584.00,S,N,A,-,N,,,,,,,,,,Y,2,0,3,2,A,-,08,22107,,F,A,C,A,A,H,-,D,D,0,,,,,Y,,A,07,1,1,1,0,0,0,0,0,0,"- ","- ",34.904179999999997,-120.55349,"SANTA BARBARA",UNINCORPORATED,-120.55451646,34.94081825
6781357,2015,2015-02-18,4203,2015-01-12,0900,7775,40,1,5,5,4203,0,0,0,,0,003,"STATE ST","GUTIERREZ ST",106.00,S,N,A,-,N,,,,,,,,,,N,2,0,1,2,A,-,11,21955,,N,G,B,D,A,H,-,A,D,0,Y,,,,Y,,N,60,1,0,0,0,1,0,0,0,0,"- ","- ",34.245609999999999,-119.41383999999999,"SANTA BARBARA","SANTA BARBARA",-119.69396335,34.41567139
6786047,2014,2016-06-22,9760,2014-12-20,0927,19831,,6,1,5,4203,0,1,2,,2,011,"RT 101","CARRILLO ST",519.00,S,N,B,-,Y,SB,5,101,-,R,14.630,R,2,N,Y,2,0,2,1,A,-,08,22107,,N,E,I,A,A,H,-,A,D,1,,,,,Y,,A,07,2,0,0,0,0,0,0,0,0,TO,"- ",34.245609999999999,-119.4221,"SANTA BARBARA","SANTA BARBARA",-119.70585512,34.415368600000001
6806376,2014,2015-02-11,4200,2014-11-11,0637,3683,14,2,5,4,4214,0,0,0,,0,050,"N FAIRVIEW AV","BERKELEY RD",177.00,N,N,A,-,N,,,,,,,,,,Y,2,0,2,2,A,-,09,21801,A,N,A,C,A,A,H,-,B,D,0,,,Y,,Y,,A,01,1,1,0,0,0,0,0,0,1,"- ","- ",,,"SANTA BARBARA",GOLETA,-119.83065999999999,34.446706020000001
6853620,2014,2015-04-01,9760,2014-10-13,1015,017662,,1,1,9,4200,0,1,3,,1,014,"RT 192","SAN YSIDRO RD",0.00,,Y,A,-,Y,,,192,,,,,,,Y,2,0,1,2,A,-,09,21801,A,N,D,C,A,A,H,-,A,A,0,,,Y,,Y,,A,01,1,0,0,0,0,0,0,0,1,"- ","- ",34.436750000000004,-119.6322,"SANTA BARBARA",UNINCORPORATED,-119.63216685,34.4369972
6859247,2014,2016-05-09,9760,2014-08-30,1248,17603,,6,1,9,4200,0,1,2,,1,030,"RT 101","DOS PUEBLOS CREEK",100.00,N,N,A,-,Y,SB,5,101,-,-,30.130,H,-,S,Y,2,0,1,1,A,-,08,22107,,N,F,A,A,A,H,-,A,D,5,,,Y,,Y,,C,02,1,0,0,0,0,0,0,0,1,"- ","- ",34.443469999999998,-119.95502999999999,"SANTA BARBARA",UNINCORPORATED,-119.96039442999999,34.44821555
6866786,2015,2015-05-20,9755,2015-03-10,0620,15281,,2,1,9,4200,0,1,3,,1,051,"RT 1","JALAMA RD",6336.00,S,N,B,-,Y,SB,5,1,-,-,13.810,H,-,N,Y,1,1,1,2,A,-,05,21460,A,N,A,C,A,A,H,-,D,D,0,,,,,Y,Y,D,22,1,0,0,0,0,0,0,0,0,"- ","- ",34.583649999999999,-120.40455,"SANTA BARBARA",UNINCORPORATED,-120.3925278,34.584348079999998
6870249,2015,2016-10-03,4202,2015-03-22,1210,230,LOMPO,7,5,4,4202,0,0,0,,0,,"RT 1","NORTH AV",76.00,N,N,A,-,Y,SB,5,1,-,-,21.570,H,-,S,N,2,0,1,1,C,-,18,,,N,F,A,A,A,H,-,A,D,0,,Y,,,Y,,-,"- ",1,0,0,0,0,0,1,0,0,"- ","- ",,,"SANTA BARBARA",LOMPOC,-120.45779401,34.653570889999997
6898725,2015,2015-05-06,4203,2015-04-09,1450,2661,,4,5,5,4203,0,0,0,,0,006,"MODOC RD","MODOC RD 3775",9.00,W,N,A,-,N,,,,,,,,,,Y,2,0,2,2,A,-,09,21801,A,N,D,C,A,A,H,-,A,D,0,,,,,Y,,-,,1,1,0,0,0,0,0,0,0,"- ","- ",34.255000000000003,-119.4444,"SANTA BARBARA","SANTA BARBARA",-119.745985,34.431379999999997
6920752,2015,2017-01-09,9755,2015-04-30,2209,16999,,4,3,9,4200,0,1,3,,1,042,"RT 154","LAKE CACHUMA ENT",3221.00,E,N,A,-,Y,SB,5,154,-,-,15.310,H,-,E,Y,2,0,1,1,A,-,01,23152,A,M,F,A,A,A,H,-,D,D,0,,,Y,,Y,Y,C,02,1,0,0,0,0,0,0,0,1,"- ","- ",34.567689999999999,-119.95017,"SANTA BARBARA",UNINCORPORATED,-119.95135451,34.56776481
6953063,2015,2015-06-17,9760,2015-05-13,1810,017097,,3,2,9,4200,0,3,5,,2,001,"SUMMIT RD","HOT SPRINGS RD",0.00,,Y,A,-,N,,,,,,,,,,Y,2,0,2,2,A,-,09,21802,A,N,D,C,A,A,H,-,A,A,0,,,,,Y,,A,01,1,1,0,0,0,0,0,0,0,"- ","- ",34.425530000000002,-119.64864,"SANTA BARBARA",UNINCORPORATED,-119.64858993999999,34.425580029999999
6968887,2015,2015-07-15,9760,2015-06-07,1940,20908,,7,2,9,4200,0,3,5,,2,001,"GIBRALTAR RD","E CAMINO CIELO RD",11616.00,S,N,A,-,N,,,,,,,,,,N,2,0,1,2,A,-,11,21956,A,N,A,B,A,A,H,-,A,D,0,,,,,Y,,M,95,1,0,0,0,0,0,0,0,0,"- ","- ",34.473500000000001,-119.68089999999999,"SANTA BARBARA",UNINCORPORATED,-119.68138433,34.480716729999997
7006149,2015,2015-09-28,9760,2015-06-09,1920,17097,,2,2,9,4200,0,1,3,,1,022,"RT 154","PAINTED CAVE RD",4224.00,E,N,B,-,Y,SB,5,154,-,-,27.490,H,-,W,Y,1,1,2,1,A,-,03,22350,,N,E,I,A,B,H,-,A,D,0,,,,,Y,,D,22,0,2,0,0,0,0,0,0,0,"- ","- ",34.488639999999997,-119.78543000000001,"SANTA BARBARA",UNINCORPORATED,-119.78488555,34.488676400000003
7031694,2015,2017-01-28,9760,2015-07-27,1500,17662,,1,2,9,4200,0,1,3,,1,022,"RT 154","PAINTED CAVE RD",26400.00,E,N,A,-,Y,SB,5,154,-,-,27.010,H,-,W,Y,2,0,1,3,A,-,07,21658,A,N,B,C,A,A,H,-,A,A,0,,,,,Y,,E,22,1,0,0,0,0,0,0,0,0,"- ","- ",34.487859999999998,-119.79243,"SANTA BARBARA",UNINCORPORATED,-119.79226916,34.487648950000001
7039442,2015,2015-09-09,4203,2015-08-06,2255,2661,40,4,5,5,4203,0,0,0,,0,004,"STATE ST","GUTIERREZ ST",172.00,S,N,A,-,N,,,,,,,,,,N,2,0,1,2,D,-,00,,,F,H,G,A,A,H,-,C,D,0,,Y,,,Y,,-,"- ",1,0,0,0,0,0,1,0,0,"- ","- ",,,"SANTA BARBARA","SANTA BARBARA",-119.69380554999999,34.415545950000002
7095929,2015,2015-10-17,4203,2015-09-29,1942,5370,,2,5,5,4203,0,0,0,,0,003,"STATE ST",PEDREGOSA,0.00,,Y,A,-,N,,,,,,,,,,N,2,0,2,3,A,-,10,21950,A,N,G,B,B,A,H,-,C,A,0,Y,,,,Y,,A,01,2,0,0,0,2,0,0,0,0,"- ","- ",34.259399999999999,-119.4251,"SANTA BARBARA","SANTA BARBARA",-119.71342992,34.429920090000003
7145842,2015,2016-01-08,4203,2015-12-05,1303,22859,,6,5,5,4203,0,0,0,,0,005,"STATE ST","AMAPOLA DR",223.00,E,N,A,-,N,,,,,,,,,,Y,2,0,1,2,A,-,09,21804,A,N,D,C,A,A,H,-,A,D,0,,,,,Y,,-,,1,0,0,0,0,0,0,0,0,"- ","- ",34.440339999999999,-119.73522,"SANTA BARBARA","SANTA BARBARA",-119.73579115,34.440399999999997
7187411,2016,2016-03-09,4204,2016-02-27,1120,90322,56,6,5,5,4204,0,0,0,,0,002,"PINE ST","PARK AV",200.00,N,N,A,-,N,,,,,,,,,,N,2,0,1,2,C,-,18,,,N,G,B,D,A,H,-,A,D,0,Y,,,,Y,,-,"- ",1,0,0,0,1,0,0,0,0,"- ","- ",34.944580000000002,-120.43886000000001,"SANTA BARBARA","SANTA MARIA",-120.43904852,34.945068730000003
7189965,2016,2017-02-07,4204,2016-01-28,1821,90242,57,4,5,5,4204,0,0,0,,0,002,BROADWAY,"PALM COURT DR",0.00,,Y,A,-,Y,SB,5,135,-,-,14.900,I,5,N,N,2,0,1,2,A,-,11,21950,B,N,G,B,D,A,H,-,C,D,0,Y,,,,Y,,A,01,1,0,0,0,1,0,0,0,0,"- ","- ",34.94041,-120.4359,"SANTA BARBARA","SANTA MARIA",-120.43593396999999,34.940336950000003
8058406,2016,2016-06-13,4204,2016-06-03,1852,90342,3,5,5,5,4204,0,0,0,,0,001,"RANCHO VERDE","FIESTA WY",50.00,W,N,A,-,N,,,,,,,,,,Y,2,0,1,2,A,-,08,22103,,N,D,C,A,A,H,-,A,D,0,,,Y,,Y,,A,08,1,0,0,0,0,0,0,0,1,"- ","- ",34.977179999999997,-120.45017,"SANTA BARBARA","SANTA MARIA",-120.45017685000001,34.977229999999999
8085529,2016,2016-07-21,4203,2016-07-08,1605,7897,12,5,5,5,4203,0,0,0,,0,002,"E YANONALI ST","CALLE CESAR CHAVEZ",21.00,W,N,A,-,N,,,,,,,,,,N,2,0,1,2,A,-,08,22107,,N,D,G,A,A,H,-,A,A,0,,Y,,,Y,,L,04,1,0,0,0,0,0,1,0,0,"- ","- ",34.419359999999998,-119.68364,"SANTA BARBARA","SANTA BARBARA",-119.68360084,34.419353319999999
8086280,2016,2016-07-25,4203,2016-07-17,1944,9018,65,7,5,5,4203,0,0,0,,0,001,"CANADA ST","MONTECITO PL",0.00,,Y,A,-,N,,,,,,,,,,N,2,0,1,1,A,-,08,22107,,N,F,A,A,A,H,-,A,D,0,,Y,,,Y,,L,04,1,0,0,0,0,0,1,0,0,"- ","- ",34.254339999999999,-119.40421000000001,"SANTA BARBARA","SANTA BARBARA",-119.67830995,34.428660039999997
8092257,2016,2017-02-24,4202,2016-07-01,2049,239,LOMPO,5,5,4,4202,0,0,0,,0,014,"H ST","WALNUT AV",0.00,,Y,A,-,Y,SB,5,1,-,-,20.640,I,5,S,N,2,0,1,2,A,-,12,21453,A,N,D,G,A,A,H,-,C,A,0,,Y,,,Y,,L,04,1,0,0,0,0,0,1,0,0,"- ","- ",,,"SANTA BARBARA",LOMPOC,-120.45794553,34.640637580000003
8100282,2016,2016-08-15,4203,2016-08-07,1100,1985,,7,5,5,4203,0,0,0,,0,005,"DE LA VINA ST","WEST CALLE LAURELES",213.00,S,N,A,-,N,,,,,,,,,,Y,2,0,1,2,A,-,01,23152,F,N,C,C,A,A,H,-,A,D,0,,,,,Y,Y,-,,1,0,0,0,0,0,0,0,0,"- ","- ",34.261699999999998,-119.43389999999999,"SANTA BARBARA","SANTA BARBARA",-119.72792046000001,34.438379099999999
8118650,2016,2016-09-15,4204,2016-09-04,2205,90344,03,7,5,5,4204,0,0,0,,0,079,"BETTERAVIA RD","BERRY LN",100.00,W,N,A,-,N,,,,,,,,,,Y,2,0,1,2,A,-,05,21650,,N,D,C,A,-,H,-,D,D,0,,,,,Y,,A,01,1,0,0,0,0,0,0,0,0,"- ","- ",34.920879999999997,-120.46567,"SANTA BARBARA","SANTA MARIA",-120.46603343,34.920764570000003
8121571,2016,2016-09-19,4203,2016-09-03,1745,6577,,6,5,5,4203,0,0,0,,0,004,"BATH ST","W ANAPAMU ST",0.00,,Y,A,-,N,,,,,,,,,,Y,2,0,2,2,A,-,09,21802,A,N,D,G,A,A,H,-,A,A,0,,Y,Y,,Y,,L,04,1,1,0,0,0,0,1,0,1,"- ","- ",34.420169999999999,-119.70795,"SANTA BARBARA","SANTA BARBARA",-119.70783991,34.420230089999997
8130064,2016,2016-09-27,4204,2016-09-18,1807,90375,75,7,5,5,4204,0,0,0,,0,003,BROADWAY,"NEWLOVE DR",0.00,,Y,A,-,N,,,135,,,,,,,N,2,0,1,2,A,-,10,21950,A,F,G,B,B,A,H,-,A,A,0,Y,,,,Y,,A,07,1,0,0,0,1,0,0,0,0,"- ","- ",34.929879999999997,-120.43622000000001,"SANTA BARBARA","SANTA MARIA",-120.43612563000001,34.929879829999997
8166693,2016,2018-09-26,4204,2016-08-20,1318,23656,,6,5,5,4204,0,0,0,,0,,"DEPOT DR",SONYA,0.00,,Y,A,-,N,,,,,,,,,,Y,1,1,0,1,A,-,03,22350,,N,E,I,A,A,H,-,A,A,0,,,Y,,Y,,C,02,0,0,0,0,0,0,0,1,0,"- ","- ",,,"SANTA BARBARA","SANTA MARIA",-120.44444995000001,34.927620099999999
81823671,2022,2022-07-25,4204,2022-07-06,1839,90890,020,3,5,5,4204,0,0,0,,0,003,"BATTLES RD","MILLER ST",0.00,,Y,A,-,N,,,,,,,,,,N,2,0,1,2,A,-,12,21453,A,N,D,G,A,A,H,-,A,A,0,,Y,,,Y,,L,04,1,0,0,0,0,0,1,0,0,"- ","- ",34.931358337402344,-120.43193054199219,"SANTA BARBARA","SANTA MARIA",-120.43177795410156,34.931438446044922
81869565,2022,2022-09-21,4204,2022-07-14,1043,23000,010,4,5,5,4204,0,0,0,,0,002,"BLOSSER RD","MAIN ST",1000.00,N,N,A,-,N,,,,,,,,,,Y,2,0,1,2,A,-,09,21801,A,N,D,C,A,A,H,-,A,D,0,,,Y,,Y,,I,11,1,0,0,0,0,0,0,0,1,"- ","- ",34.952548980712891,-120.45327758789062,"SANTA BARBARA","SANTA MARIA",-120.45371246337891,34.95330810546875
82065570,2023,2023-05-10,4204,2023-04-24,2226,91174,,1,5,5,4204,0,0,0,,0,002,"MAIN ST","BLOSSER RD",0.00,,Y,A,-,N,,,,,,,,,,Y,2,0,1,2,D,-,00,,,N,D,C,A,A,H,-,C,A,0,,,,,Y,,-,"- ",1,0,0,0,0,0,0,0,0,"- ","- ",34.952548980712891,-120.45327758789062,"SANTA BARBARA","SANTA MARIA",-120.45371246337891,34.95330810546875
82292424,2023,2024-01-22,4204,2023-12-23,"608 ",90718,,6,5,5,4204,0,0,0,,0,001,BROADWAY,"BUNNY AVE",50.00,S,N,A,-,Y,SB,,135," "," ",16.473,H,,R,Y,2,0,5,2,A,-,09,21801,A,N,A,C,A,A,H,-,C,D,0,,,,,Y,,A,01,1,0,4,0,0,0,0,0,0,"- ","- ",34.963291168212891,-120.43563079833984,"SANTA BARBARA","SANTA MARIA",-120.4356689453125,34.963291168212891
82376510,2024,2024-04-29,4204,2024-04-12,"808 ",91363,,5,5,5,4204,0,0,0,,0,003,"SANTA MARIA WAY","SUNRISE DR",0.00,,Y,A,-,N,,,,,,,,,,N,2,0,1,2,A,-,10,21950,A,N,-,B,B,A,H,-,A,A,0,Y,,,,Y,,A,01,1,0,0,0,1,0,0,0,0,"- ","- ",34.906681060791016,-120.43398284912109,"SANTA BARBARA","SANTA MARIA",-120.43292999267578,34.907840728759766
82405013,2024,2024-06-04,4204,2024-05-19,1641,91364,,7,5,5,4204,0,0,0,,0,002,"COOK ST","WESTERN AVE",0.00,,Y,B,-,N,,,,,,,,,,Y,2,0,2,4,A,-,01,23153,A,N,D,E,A,A,H,-,A,D,0,,,,,Y,Y,A,07,1,0,1,0,0,0,0,0,0,"- ","- ",34.949371337890625,-120.44953155517578,"SANTA BARBARA","SANTA MARIA",-120.44938659667969,34.949592590332031
82422553,2024,2024-06-27,4204,2024-06-09,1249,90753,,7,5,5,4204,0,0,0,,0,002,"MAIN ST","MARY DR",0.00,,Y,A,-,Y,SB,,166," "," ",7.180,H,,R,Y,2,0,2,3,A,-,08,22107,,N,D,E,A,A,H,-,A,D,0,,,,,Y,,A,01,1,1,0,0,0,0,0,0,0,"- ","- ",34.953010559082031,-120.44814300537109,"SANTA BARBARA","SANTA MARIA",-120.44814300537109,34.953201293945312
8306403,2017,2017-02-24,4203,2017-02-06,2000,23768,62,1,5,5,4203,0,0,0,,0,001,"EAST GUTIERREZ","NORTH ALISOS ST",20.00,W,N,B,-,N,,,,,,,,,,N,2,0,1,2,A,-,11,21954,A,N,G,B,D,A,H,-,C,A,0,Y,,,,Y,Y,N,60,1,0,0,0,1,0,0,0,0,"- ","- ",,,"SANTA BARBARA","SANTA BARBARA",-119.68295430000001,34.426419160000002
8329095,2017,2017-03-27,4203,2017-03-18,2018,3197,,6,5,5,4203,0,0,0,,0,003,"ANAPAMU ST","NOPAL ST",54.00,W,N,A,-,N,,,,,,,,,,N,2,0,1,2,A,-,05,21650,,N,A,E,A,A,H,-,C,D,0,,,,,Y,,-,,1,0,0,0,0,0,0,0,0,"- ","- ",,,"SANTA BARBARA","SANTA BARBARA",-119.69560953,34.431679670000001
8339015,2017,2017-07-27,4203,2017-03-14,1544,5751,15,2,5,5,4203,0,0,0,,0,002,"LOMA ALTA DR","CLIFF DR",481.00,S,N,A,-,N,,,,,,,,,,N,2,0,1,2,A,-,10,21952,,N,G,B,F,A,H,-,A,D,0,Y,,,,Y,,A,01,1,0,0,0,1,0,0,0,0,"- ","- ",34.405610000000003,-119.69898999999999,"SANTA BARBARA","SANTA BARBARA",-119.70022484,34.405821639999999
8346249,2017,2017-04-19,4202,2017-03-22,1055,232,4202,3,5,4,4202,0,0,0,,0,,"O ST","NORTH AV",443.00,N,N,A,-,N,,,,,,,,,,Y,2,0,1,1,A,-,08,22107,,N,E,I,A,A,H,-,A,D,0,,,,,Y,,A,07,1,0,0,0,0,0,0,0,0,"- ","- ",,,"SANTA BARBARA",LOMPOC,-120.46652152999999,34.654674649999997
8349860,2017,2017-05-09,4203,2017-04-14,2223,6577,4203,5,5,5,4203,0,0,0,,0,004,"W MICHELTORENA ST","BATH ST",200.00,E,N,A,-,N,,,,,,,,,,N,2,0,1,1,B,-,22,,,N,H,I,A,A,H,-,D,D,0,,Y,,,Y,,-,"- ",1,0,0,0,0,0,1,0,0,"- ","- ",34.423299999999998,-119.71142,"SANTA BARBARA","SANTA BARBARA",-119.71120535999999,34.423434520000001
8362479,2017,2018-04-03,4200,2017-04-17,2024,3083,14,1,5,4,4214,0,0,0,,0,050,"GLENN ANNIE RD","RT 101",0.00,,Y,A,-,Y,SB,5,101,-,-,24.284,R,4,N,N,2,0,1,2,A,-,17,21451,A,N,H,G,A,A,H,-,C,A,0,,Y,,,Y,,A,07,1,0,0,0,0,0,1,0,0,"- ",NF,,,"SANTA BARBARA",GOLETA,-119.86268364999999,34.435966440000001
8363365,2017,2017-05-18,4204,2017-04-28,1659,90617,SMPD,5,5,5,4204,0,0,0,,0,001,"BENWILEY AV","FESLER ST",500.00,N,N,A,-,N,,,,,,,,,,N,2,0,2,3,A,-,01,23152,A,F,A,C,A,A,H,-,A,A,0,,,,,Y,Y,A,07,1,1,0,0,0,0,0,0,0,"- ","- ",34.956719999999997,-120.44583,"SANTA BARBARA","SANTA MARIA",-120.44562465999999,34.958243289999999
8373824,2017,2017-06-08,4204,2017-05-20,1557,90271,4204,6,5,5,4204,0,0,0,,0,001,"HIDDEN PINES WY","PREISKER LN",1000.00,W,N,A,-,N,,,,,,,,,,Y,2,0,2,2,A,-,01,23152,A,F,D,C,A,A,H,-,A,D,0,,,,,Y,Y,A,01,1,0,1,0,0,0,0,0,0,"- ","- ",34.985979999999998,-120.43518,"SANTA BARBARA","SANTA MARIA",-120.43873711000001,34.985995539999998
8375405,2017,2017-06-08,4200,2017-05-11,1119,3116,14,4,5,4,4214,0,0,0,,0,060,"LOS CARNEROS RD","CASTILIAN DR",0.00,,Y,A,-,N,,,,,,,,,,Y,2,0,2,3,A,-,03,22350,,N,C,C,A,A,H,-,A,A,0,,,,,Y,,A,01,1,1,0,0,0,0,0,0,0,"- ","- ",,,"SANTA BARBARA",GOLETA,-119.85942993,34.431750010000002
8411738,2017,2017-10-13,4202,2017-06-19,1919,239,LOMPO,1,5,4,4202,0,0,0,,0,007,"NORTH AV","F ST",0.00,,Y,A,-,N,,,,,,,,,,Y,2,0,1,2,A,-,08,22107,,N,D,C,A,A,H,-,A,A,0,,,Y,,Y,Y,C,02,1,0,0,0,0,0,0,0,1,"- ","- ",,,"SANTA BARBARA",LOMPOC,-120.4551699,34.653360059999997
84372687,2024,2024-08-28,4204,2024-08-13,2323,91314,,2,5,5,4204,0,0,0,,0,001,BROADWAY,"ORCHARD ST",0.00,,Y,A,-,N,,,,,,,,,,N,2,0,1,2,A,-,09,21802,A,F,D,G,A,A,H,-,C,D,0,,Y,,,Y,,L,04,1,0,0,0,0,0,1,0,0,"- ","- ",34.964801788330078,-120.43489837646484,"SANTA BARBARA","SANTA MARIA",-120.43565368652344,34.965873718261719
84387683,2024,2024-09-10,4204,2024-08-25,2011,91401,,7,5,5,4204,0,0,0,,0,002,"STOWELL RD","SMITH ST",0.00,,Y,A,-,N,,,,,,,,,,Y,2,0,1,2,A,-,01,23152,A,N,C,C,A,A,H,-,C,D,0,,,,,Y,Y,A,07,1,0,0,0,0,0,0,0,0,"- ","- ",34.937629699707031,-120.44281768798828,"SANTA BARBARA","SANTA MARIA",-120.44272613525391,34.938594818115234
84474717,2024,2024-11-19,4204,2024-10-31,2349,91362,,4,5,5,4204,0,0,0,,0,003,"ENOS DR","WALLIS AVE",55.00,W,N,A,-,N,,,,,,,,,,Y,2,0,1,2,A,-,01,23152,A,F,C,E,A,A,H,-,C,D,0,,,,,Y,,A,01,1,0,0,0,0,0,0,0,0,"- ","- ",34.934719085693359,-120.44100189208984,"SANTA BARBARA","SANTA MARIA",-120.44110107421875,34.934612274169922
8447533,2017,2017-10-02,4204,2017-08-22,0840,90684,4204,2,5,5,4204,0,0,0,,0,003,"PERGOLA ST","RIMES CT",0.00,,Y,A,-,N,,,,,,,,,,N,2,0,1,2,A,-,09,21802,A,N,G,G,A,A,H,-,A,D,0,,Y,,,Y,,A,01,1,0,0,0,0,0,1,0,0,"- ","- ",34.928719999999998,-120.44492,"SANTA BARBARA","SANTA MARIA",-120.44522997,34.928880059999997