CASE_ID,ACCIDENT_YEAR,PROC_DATE,JURIS,COLLISION_DATE,COLLISION_TIME,OFFICER_ID,REPORTING_DISTRICT,DAY_OF_WEEK,CHP_SHIFT,POPULATION,CNTY_CITY_LOC,SPECIAL_COND,BEAT_TYPE,CHP_BEAT_TYPE,CITY_DIVISION_LAPD,CHP_BEAT_CLASS,BEAT_NUMBER,PRIMARY_RD,SECONDARY_RD,DISTANCE,DIRECTION,INTERSECTION,WEATHER_1,WEATHER_2,STATE_HWY_IND,CALTRANS_COUNTY,CALTRANS_DISTRICT,STATE_ROUTE,ROUTE_SUFFIX,POSTMILE_PREFIX,POSTMILE,LOCATION_TYPE,RAMP_INTERSECTION,SIDE_OF_HWY,TOW_AWAY,COLLISION_SEVERITY,NUMBER_KILLED,NUMBER_INJURED,PARTY_COUNT,PRIMARY_COLL_FACTOR,PCF_CODE_OF_VIOL,PCF_VIOL_CATEGORY,PCF_VIOLATION,PCF_VIOL_SUBSECTION,HIT_AND_RUN,TYPE_OF_COLLISION,MVIW,PED_ACTION,ROAD_SURFACE,ROAD_COND_1,ROAD_COND_2,LIGHTING,CONTROL_DEVICE,CHP_ROAD_TYPE,PEDESTRIAN_ACCIDENT,BICYCLE_ACCIDENT,MOTORCYCLE_ACCIDENT,TRUCK_ACCIDENT,NOT_PRIVATE_PROPERTY,ALCOHOL_INVOLVED,STWD_VEHTYPE_AT_FAULT,CHP_VEHTYPE_AT_FAULT,COUNT_SEVERE_INJ,COUNT_VISIBLE_INJ,COUNT_COMPLAINT_PAIN,COUNT_PED_KILLED,COUNT_PED_INJURED,COUNT_BICYCLIST_KILLED,COUNT_BICYCLIST_INJURED,COUNT_MC_KILLED,COUNT_MC_INJURED,PRIMARY_RAMP,SECONDARY_RAMP,LATITUDE,LONGITUDE,COUNTY,CITY,POINT_X,POINT_Y
84485272,2024,2024-11-27,4204,2024-11-12,"308 ",90994,,2,5,5,4204,0,0,0,,0,002,BROADWAY,"STOWELL RD",0.00,,Y,A,-,N,,,,,,,,,,N,2,0,1,1,A,-,07,21658,A,N,E,I,A,A,H,-,C,A,0,,,,Y,Y,,F,26,1,0,0,0,0,0,0,0,0,"- ","- ",34.938499450683594,-120.43598937988281,"SANTA BARBARA","SANTA MARIA",-120.43603515625,34.938503265380859
84502763,2024,2024-12-13,4204,2024-11-22,2130,91452,,5,5,5,4204,0,0,0,,0,002,"MILLER ST","MARIPOSA WAY",0.00,,Y,A,-,N,,,,,,,,,,N,2,0,2,2,A,-,01,23153,A,F,A,D,A,A,H,-,C,D,0,,,,,Y,Y,A,01,1,0,1,0,0,0,0,0,0,"- ","- ",34.939769744873047,-120.43148040771484,"SANTA BARBARA","SANTA MARIA",-120.43157196044922,34.939853668212891
8451999,2017,2018-06-25,4202,2017-08-03,1035,11804,4202,4,5,4,4202,0,0,0,,0,,"MAPLE AV","N  I ST",194.00,E,N,A,-,Y,SB,5,1,-,-,20.970,I,6,S,N,2,0,1,2,A,-,05,21650,1,N,D,G,A,A,H,-,A,D,0,,Y,,,Y,,L,04,1,0,0,0,0,0,1,0,0,"- ","- ",,,"SANTA BARBARA",LOMPOC,-120.45789298,34.64543346
84606783,2024,2025-03-18,4200,2024-12-24,1902,3077,,2,5,4,4214,0,0,0,,0,060,"HOLLISTER AVE","MAGNOLIA AVE",0.00,,Y,A,-,N,,,,,,,,,,N,1,1,1,3,A,-,11,21954,A,N,G,B,D,A,H,-,C,D,0,Y,,,,Y,,N,60,0,1,0,1,1,0,0,0,0,"- ","- ",34.435939788818359,-119.8277587890625,"SANTA BARBARA",GOLETA,-119.82807159423828,34.435943603515625
84767644,2025,2025-07-18,4204,2025-06-20,1600,91597,,5,5,5,4204,0,0,0,,0,002,"COOK ST","WESTERN AVE",0.00,,Y,A,-,N,,,,,,,,,,N,2,0,1,2,A,-,04,21703,,F,C,C,A,A,H,-,A,A,0,,,Y,,Y,Y,C,02,1,0,0,0,0,0,0,0,1,"- ","- ",34.948760986328125,-120.44911193847656,"SANTA BARBARA","SANTA MARIA",-120.44938659667969,34.949592590332031
84791118,2025,2025-08-06,4204,2025-06-27,"640 ",91315,,5,5,5,4204,0,0,0,,0,003,"DEPOT ST","BATTLES RD",300.00,S,N,A,-,N,,,,,,,,,,N,2,0,1,2,A,-,08,22107,,F,D,C,A,A,H,-,A,D,0,,,Y,,Y,Y,-,99,1,0,0,0,0,0,0,0,0,"- ","- ",34.930850982666016,-120.44483184814453,"SANTA BARBARA","SANTA MARIA",-120.44457244873047,34.930957794189453
8486808,2017,2018-02-02,4204,2017-11-06,1406,22113,68,1,5,5,4204,0,0,0,,0,003,"MILLER ST","BATTLES RD",0.00,,Y,A,-,N,,,,,,,,,,Y,2,0,2,3,A,-,12,21453,A,N,A,C,F,A,H,-,A,A,0,Y,,,,Y,,A,01,1,0,1,0,1,0,0,0,0,"- ","- ",34.931330000000003,-120.4319,"SANTA BARBARA","SANTA MARIA",-120.4317799,34.931440070000001
8546674,2018,2018-02-07,4204,2018-01-12,2141,90616,89,5,5,5,4204,0,0,0,,0,003,"SANTA MARIA WY","MILLER ST",0.00,,Y,A,-,N,,,,,,,,,,Y,2,0,2,2,A,-,12,21453,A,N,D,C,A,A,H,-,C,A,0,,,,,Y,Y,A,01,1,1,0,0,0,0,0,0,0,"- ","- ",34.909549713134766,-120.4344482421875,"SANTA BARBARA","SANTA MARIA",-120.43415069580078,34.909549713134766
8567027,2018,2018-03-13,4203,2018-02-26,1830,23133,,1,5,5,4203,0,0,0,,0,005,"DE LA VINA ST","CALLE LAURALES",54.00,S,N,C,-,N,,,,,,,,,,N,2,0,1,2,A,-,10,21950,A,N,A,B,B,B,H,-,B,A,0,Y,,,,Y,,-,,1,0,0,0,1,0,0,0,0,"- ","- ",34.438591003417969,-119.7281494140625,"SANTA BARBARA","SANTA BARBARA",-119.72825622558594,34.438716888427734
8595454,2018,2018-05-01,4204,2018-03-26,1012,21338,051,1,5,5,4204,0,0,0,,0,002,"PINE ST","ORANGE ST",150.00,S,N,A,-,N,,,,,,,,,,N,2,0,1,3,A,-,08,22107,,N,G,B,-,A,H,-,A,D,0,Y,,,,Y,,A,01,1,0,0,0,1,0,0,0,0,"- ","- ",34.948509216308594,-120.43905639648438,"SANTA BARBARA","SANTA MARIA",-120.43894195556641,34.948009490966797
8618439,2018,2018-05-29,4203,2018-05-13,1845,24079,,7,5,5,4203,0,0,0,,0,005,"TALLANT RD","CLINTON TER",95.00,E,N,A,-,N,,,,,,,,,,Y,2,0,2,1,A,-,03,22350,,N,E,I,A,A,H,-,A,D,0,,,,,Y,,A,01,2,0,0,0,0,0,0,0,0,"- ","- ",34.255359649658203,-119.43537902832031,"SANTA BARBARA","SANTA BARBARA",-119.73195648193359,34.431171417236328
8620589,2018,2019-02-19,4204,2018-05-16,1314,90276,65,3,5,5,4204,0,0,0,,0,B02,"COOK ST","RAILROAD AV",186.00,W,N,A,-,N,,,,,,,,,,Y,1,1,0,1,A,-,08,22107,,N,E,I,A,A,H,-,A,D,0,,,,,Y,,A,01,0,0,0,0,0,0,0,0,0,"- ","- ",34.949810028076172,-120.44508361816406,"SANTA BARBARA","SANTA MARIA",-120.44554138183594,34.949550628662109
8633166,2018,2018-06-19,4200,2018-05-17,1859,5108,10,4,5,3,4205,0,0,0,,0,030,"LAGUNITAS CT","CALLE LAGUNITAS",127.00,E,N,A,-,N,,,,,,,,,,N,2,0,1,1,A,-,21,22106,,N,F,A,A,A,H,-,A,D,0,,,Y,,Y,Y,C,02,1,0,0,0,0,0,0,0,1,"- ","- ",,,"SANTA BARBARA",CARPINTERIA,-119.48966979980469,34.389972686767578
8648667,2018,2019-03-05,4204,2018-12-26,1742,21338,067,3,5,5,4204,0,0,0,,0,003,BROADWAY,"ENOS DR",507.00,N,N,A,-,Y,SB,5,135,-,-,14.570,H,-,S,Y,1,1,0,2,A,-,11,21954,A,N,G,B,D,A,H,-,B,A,0,Y,,,,Y,,N,60,0,0,0,1,0,0,0,0,0,"- ","- ",,,"SANTA BARBARA","SANTA MARIA",-120.43612670898438,34.935531616210938
8650604,2018,2018-09-28,4204,2018-08-01,0937,21338,055,3,5,5,4204,0,0,0,,0,002,"BLOSSER RD","MORRISON AV",30.00,N,N,A,-,N,,,,,,,,,,Y,2,0,2,1,A,-,08,22107,,F,E,I,A,A,H,-,A,A,0,,,,,Y,,A,01,1,1,0,0,0,0,0,0,0,"- ","- ",34.943199157714844,-120.45404052734375,"SANTA BARBARA","SANTA MARIA",-120.45379638671875,34.943393707275391
8652588,2018,2018-07-31,4202,2018-06-10,1955,274,,7,5,4,4202,0,0,0,,0,,"RT 246","L ST",4.00,E,N,A,-,N,,,,,,,,,,N,2,0,1,2,A,-,10,21950,A,N,G,B,B,A,H,-,A,A,0,Y,,,,Y,,D,22,1,0,0,0,1,0,0,0,0,"- ","- ",,,"SANTA BARBARA",LOMPOC,-120.46296100000001,34.639021
8653153,2018,2018-07-09,4203,2018-06-22,1358,24575,,5,5,5,4203,0,0,0,,0,004,"CHAPALA ST","ANAPAMU ST",22.00,S,N,A,-,N,,,,,,,,,,N,2,0,1,2,A,-,03,22350,,N,H,B,F,A,H,-,A,D,0,Y,Y,,,Y,,L,04,1,0,0,0,1,0,0,0,0,"- ","- ",34.422298431396484,-119.70549774169922,"SANTA BARBARA","SANTA BARBARA",-119.70552062988281,34.422260284423828
8664263,2018,2018-08-21,4204,2018-04-28,1346,6573,,6,5,5,4204,0,0,0,,0,,"TERMINAL DR","TERMINAL DR 3249",0.00,,N,A,G,N,,,,,,,,,,Y,2,0,1,4,D,-,00,,,N,G,B,F,A,G,-,A,D,0,Y,,,,Y,,-,"- ",1,0,0,0,1,0,0,0,0,"- ","- ",,,"SANTA BARBARA","SANTA MARIA",-120.44699900000001,34.898826999999997
8705263,2018,2018-10-12,4200,2018-06-17,1527,5053,10,7,5,3,4205,0,0,0,,0,030,"LINDEN AV","9TH ST",0.00,,Y,A,-,N,,,,,,,,,,N,2,0,2,3,A,-,01,23152,A,N,G,B,B,A,H,-,A,D,0,Y,,,,Y,Y,D,22,1,1,0,0,2,0,0,0,0,"- ","- ",,,"SANTA BARBARA",CARPINTERIA,-119.51914215087891,34.398311614990234
8747515,2018,2018-12-28,4203,2018-11-14,1701,5075,,3,5,5,4203,0,0,0,,0,005,"STATE ST",ALAMAR,0.00,,Y,A,-,N,,,,,,,,,,Y,2,0,1,2,A,-,09,21801,A,N,A,C,A,A,H,-,B,A,0,,,,,Y,,-,,1,0,0,0,0,0,0,0,0,"- ","- ",34.43865966796875,-119.72466278076172,"SANTA BARBARA","SANTA BARBARA",-119.72476959228516,34.438541412353516
8748831,2018,2019-01-25,4203,2018-11-19,2017,8120,,1,5,5,4203,0,0,0,,0,002,"OLD COAST HWY","HARBOR VIEW DR",312.00,E,N,A,-,N,,,,,,,,,,Y,2,0,1,2,A,-,03,22350,,N,C,C,A,A,H,-,D,D,0,,,,,Y,,A,07,1,0,0,0,0,0,0,0,0,"- ","- ",34.423000335693359,-119.65899658203125,"SANTA BARBARA","SANTA BARBARA",-119.66382598876953,34.422977447509766
8765747,2018,2019-01-30,4204,2018-12-08,0327,90415,41,6,5,5,4204,0,0,0,,0,002,"COOK ST","CURRYER ST",0.00,,Y,A,-,N,,,,,,,,,,N,2,0,1,2,A,-,03,22350,,F,G,B,B,A,H,-,C,A,0,Y,,,,Y,Y,A,01,1,0,0,0,1,0,0,0,0,"- ","- ",34.950050354003906,-120.44158935546875,"SANTA BARBARA","SANTA MARIA",-120.44146728515625,34.949878692626953
8791182,2019,2019-02-04,4204,2019-01-15,0544,22113,51,2,5,5,4204,0,0,0,,0,002,"COOK ST","LINCOLN ST",83.00,W,N,B,-,N,,,,,,,,,,Y,2,0,1,2,A,-,11,21955,,N,G,B,D,B,H,-,C,A,0,Y,,,,Y,,N,60,1,0,0,0,1,0,0,0,0,"- ","- ",34.949928283691406,-120.43753814697266,"SANTA BARBARA","SANTA MARIA",-120.43769836425781,34.949840545654297
8808460,2019,2019-08-30,4200,2019-02-06,1626,4608,14,3,5,4,4214,0,0,0,,0,050,"FAIRVIEW AV","STOW CANYON RD",0.00,,Y,A,-,N,,,,,,,,,,Y,1,1,0,2,A,-,09,21802,A,N,D,C,A,A,H,-,A,A,0,,,Y,,Y,,C,02,0,0,0,0,0,0,0,1,0,"- ","- ",,,"SANTA BARBARA",GOLETA,-119.8306884765625,34.448921203613281
8910966,2019,2020-04-16,4204,2019-04-04,1707,22113,94,4,5,5,4204,0,0,0,,0,003,"UNION VALLEY PKWY","CALIFORNIA BL",0.00,,Y,A,-,N,,,,,,,,,,Y,2,0,1,2,A,-,09,21802,A,N,D,C,A,A,H,-,A,A,0,,,,,Y,,A,01,1,0,0,0,0,0,0,0,0,"- ","- ",,,"SANTA BARBARA","SANTA MARIA",-120.4456787109375,34.879840850830078
8934652,2019,2019-10-28,4203,2019-08-12,1541,23135,,1,5,5,4203,0,0,0,,0,001,"VOLUNTARIO ST","INDIO MUERTO ST",260.00,N,N,A,-,N,,,,,,,,,,,2,0,1,2,A,-,09,21804,A,N,H,G,A,A,H,-,A,D,0,,Y,,,Y,,L,04,1,0,0,0,0,0,1,0,0,"- ","- ",34.418621063232422,-119.66813659667969,"SANTA BARBARA","SANTA BARBARA",-119.67346954345703,34.421390533447266
8934716,2019,2019-10-28,4204,2019-08-10,2223,90616,48,6,5,5,4204,0,0,0,,0,002,"CONCEPCION AV","COOK ST",25.00,S,N,A,-,N,,,,,,,,,,Y,2,0,1,1,A,-,03,22350,,N,E,J,A,A,H,-,D,D,0,,,,,Y,,A,01,1,0,0,0,0,0,0,0,0,"- ","- ",34.948539733886719,-120.42240905761719,"SANTA BARBARA","SANTA MARIA",-120.42267608642578,34.949851989746094
8955539,2019,2019-10-18,4203,2019-09-30,2218,23767,,1,5,5,4203,0,0,0,,0,001,"MILPAS ST","REDDICK ST",6.00,N,N,A,-,N,,,,,,,,,,,2,0,1,2,A,-,10,21950,A,N,G,B,D,A,H,-,C,A,0,Y,,,,Y,,A,01,1,0,0,0,1,0,0,0,0,"- ","- ",34.425891876220703,-119.68473052978516,"SANTA BARBARA","SANTA BARBARA",-119.68470764160156,34.425861358642578
8966624,2019,2019-10-31,4203,2019-10-21,1338,8825,34,1,5,5,4203,0,0,0,,0,004,"CHAPALA ST","ARRELLAGA ST",0.00,,Y,A,-,N,,,,,,,,,,Y,2,0,1,2,A,-,21,22106,,N,D,C,A,A,H,-,A,A,0,,,Y,,Y,,A,08,1,0,0,0,0,0,0,0,1,"- ","- ",34.426048278808594,-119.71076965332031,"SANTA BARBARA","SANTA BARBARA",-119.71067810058594,34.426040649414062
8985012,2019,2020-01-29,4203,2019-11-21,1750,25327,35,4,5,5,4203,0,0,0,,0,003,"STATE ST","PEDREGOSA ST",0.00,,Y,A,-,N,,,,,,,,,,N,2,0,1,2,A,-,10,21950,A,N,G,B,B,A,H,-,C,D,0,Y,,,,Y,,-,,1,0,0,0,1,0,0,0,0,"- ","- ",34.430000305175781,-119.7135009765625,"SANTA BARBARA","SANTA BARBARA",-119.71343231201172,34.429920196533203
90020913,2015,2015-12-11,9755,2015-09-10,0610,015281,,4,1,9,4200,0,1,2,,2,004,"US-101 N/B","JONATA PARK ROAD",0.00,,N,A,-,Y,,,101,,,,,,N,Y,1,1,0,2,A,-,03,22350,,N,C,C,A,A,H,-,D,D,0,,,Y,Y,Y,,C,02,0,0,0,0,0,0,0,1,0,"- ","- ",34.653199999999998,-120.18255000000001,"SANTA BARBARA",UNINCORPORATED,-120.18257301,34.653206310000002
90033419,2015,2015-10-19,9760,2015-10-04,1727,020211,,7,2,9,4200,0,3,5,,2,002,"N. SAN MARCOS ROAD","VIA PARVA",1600.00,N,N,A,-,N,,,,,,,,,,N,2,0,1,1,A,-,08,22107,,N,F,A,A,A,H,-,A,D,0,,,Y,,Y,,C,02,1,0,0,0,0,0,0,0,1,"- ","- ",34.462359999999997,-119.79622999999999,"SANTA BARBARA",UNINCORPORATED,-119.79633068,34.461868170000002
90039013,2015,2015-10-27,9755,2015-09-18,0900,017884,,5,1,9,4200,0,1,3,,1,042,SR-154,"ST. FRANCIS RANCH",1584.00,W,N,A,-,Y,,,154,,,,,,,N,1,1,0,2,A,-,08,22107,,N,H,G,A,A,H,-,A,D,0,,Y,,,Y,,L,04,0,0,0,0,0,1,0,0,0,"- ","- ",34.563070000000003,-119.93151,"SANTA BARBARA",UNINCORPORATED,-119.93152465,34.56301826
90048715,2015,2015-11-11,9760,2015-11-02,1045,16739,,1,1,9,4200,0,1,3,,1,022,"SR-154 (SAN MARCOS PASS RD.)","E. CAMINO CIELO",2640.00,W,N,B,C,Y,,,154,,,,,,,Y,2,0,3,1,A,-,03,22350,,N,E,I,A,B,H,-,A,D,0,,,,,Y,,D,22,1,1,1,0,0,0,0,0,0,"- ","- ",34.515059999999998,-119.82695,"SANTA BARBARA",UNINCORPORATED,-119.82691669,34.515163479999998
90075395,2015,2015-12-16,9760,2015-07-10,1520,018995,,5,2,9,4200,0,1,3,,1,022,"SR-154 WESTBOUND","E. CAMINO CIELO",0.00,,Y,A,-,Y,,,154,,,,,,W,Y,1,1,1,2,A,-,03,22350,,N,D,C,A,A,H,-,A,D,0,,,Y,,Y,,C,02,0,0,1,0,0,0,0,1,0,"- ","- ",34.509790000000002,-119.82281,"SANTA BARBARA",UNINCORPORATED,-119.82285383,34.509729139999997
90081306,2015,2015-12-23,9755,2015-11-02,1430,017378,,1,2,9,4200,0,1,2,,2,004,"US 101 N/B","RT 1",6864.00,S,N,B,C,Y,,,,,,,,,,Y,1,1,0,1,A,-,08,22107,,N,E,I,A,B,H,-,A,D,0,,,,,Y,,D,22,0,0,0,0,0,0,0,0,0,"- ","- ",34.4925,-120.22029999999999,"SANTA BARBARA",UNINCORPORATED,-120.22671617,34.49310242
90084129,2015,2015-12-29,9760,2015-12-22,0940,015658,,2,1,9,4200,0,1,3,,1,022,"SR-154 (SAN MARCOS PASS)","E. CAMINO CIELO",900.00,W,N,B,C,Y,,,,,,,,,,Y,2,0,1,2,A,-,03,22350,,N,D,C,A,B,H,-,A,D,0,,,,,Y,,A,07,1,0,0,0,0,0,0,0,0,"- ","- ",,,"SANTA BARBARA",UNINCORPORATED,-119.82432718,34.511878029999998
90088753,2015,2016-01-05,9760,2015-07-19,1547,019831,,7,2,9,4200,0,1,3,,1,022,"SR-154 (SAN MARCOS PASS ROAD)","PAINTED CAVE RD",9676.00,E,N,B,-,Y,,,154,,,,,,,Y,1,1,0,2,A,-,05,21460,A,N,A,C,A,A,H,-,A,D,0,,,Y,,Y,,C,02,0,0,0,0,0,0,0,1,0,"- ","- ",34.48115,-119.77207,"SANTA BARBARA",UNINCORPORATED,-119.77208113,34.481146350000003
90105119,2016,2016-01-28,9750,2016-01-15,1151,014820,,5,1,9,4200,0,1,3,,1,022,"SR-1 N/B","GRACIOSA RD",3696.00,S,N,B,-,Y,,,1,,,,,,N,Y,2,0,1,1,A,-,08,22107,,N,F,A,A,A,H,-,A,D,0,,,,,Y,,A,07,1,0,0,0,0,0,0,0,0,"- ","- ",34.802100000000003,-120.4425,"SANTA BARBARA",UNINCORPORATED,-120.44314365,34.801767050000002
90110125,2016,2016-02-05,9750,2016-02-01,1807,015916,,1,2,9,4200,0,2,4,,1,024,"CLARK AVENUE W/B","KENNETH AVENUE",0.00,,Y,A,-,N,,,,,,,,,,Y,2,0,1,2,A,-,03,22350,,N,C,C,A,A,H,-,C,D,0,,,Y,,Y,,C,02,1,0,0,0,0,0,0,0,1,"- ","- ",34.865119999999997,-120.40918000000001,"SANTA BARBARA",UNINCORPORATED,-120.40929989999999,34.865060100000001
90110415,2016,2016-02-05,9755,2016-02-04,1215,016058,,4,1,9,4200,0,3,5,,2,050,"JALAMA RD",SR-1,31680.00,W,N,A,-,N,,,,,,,,,,N,2,0,1,2,A,-,08,22107,,N,A,G,A,A,H,-,A,D,0,,Y,,,Y,,L,04,1,0,0,0,0,0,1,0,0,"- ","- ",34.525300000000001,-120.40355,"SANTA BARBARA",UNINCORPORATED,-120.40186009999999,34.526097550000003
90125314,2016,2016-02-29,9755,2016-02-15,1839,018514,,1,2,9,4200,0,3,5,,2,040,"ARMOUR RANCH RD",SR-154,1056.00,E,N,A,-,N,,,,,,,,,,N,2,0,1,1,A,-,08,22107,,N,F,A,A,A,H,-,D,D,0,,,Y,,Y,,C,02,1,0,0,0,0,0,0,0,1,"- ","- ",34.594029999999997,-120.02975000000001,"SANTA BARBARA",UNINCORPORATED,-120.03080695,34.592370029999998
90129147,2015,2016-03-09,9760,2015-10-30,2140,020323,,5,2,9,4200,0,2,4,,1,021,"HOLLISTER AVENUE","ARBOLEDA RD",69.00,W,N,A,-,N,,,,,,,,,,Y,1,1,0,3,A,-,11,21954,A,F,G,B,E,A,H,-,D,D,0,Y,,,,Y,Y,N,60,0,0,0,1,0,0,0,0,0,"- ","- ",34.439700000000002,-119.77245000000001,"SANTA BARBARA",UNINCORPORATED,-119.77252253,34.439686369999997
90181031,2016,2018-03-19,9755,2016-05-13,1320,017884,,5,1,9,4200,0,1,3,,1,042,SR-154,"FOXEN CANYON RD",0.00,,Y,A,-,Y,,,154,,,,,,,Y,2,0,1,2,A,-,03,22350,,N,D,C,A,A,H,-,A,A,0,,,Y,,Y,,C,02,1,0,0,0,0,0,0,0,1,"- ","- ",34.667900000000003,-120.1229,"SANTA BARBARA",UNINCORPORATED,-120.12287240000001,34.66803153
90183177,2016,2016-05-19,9760,2016-04-27,1550,018264,,3,2,5,4203,0,1,2,,2,011,"US-101 SOUTHBOUND","SALINAS ST",30.00,S,N,A,-,Y,,,101,,,,,,S,Y,2,0,2,6,A,-,03,22350,,N,C,C,A,A,H,-,A,D,0,,,,,Y,,A,07,1,0,1,0,0,0,0,0,0,"- ","- ",34.421610000000001,-119.66548,"SANTA BARBARA","SANTA BARBARA",-119.66542407,34.421416620000002
90194844,2016,2016-06-06,9755,2016-05-25,1620,012436,,3,2,9,4200,0,1,3,,1,042,SR-154,"FIGUEROA MOUNTAIN RD",618.00,W,N,A,-,Y,,,154,,,,,,,Y,2,0,1,2,A,-,05,21651,B,N,A,C,A,A,H,-,A,D,0,,,,Y,Y,,D,22,1,0,0,0,0,0,0,0,0,"- ","- ",34.667839999999998,-120.11711,"SANTA BARBARA",UNINCORPORATED,-120.11711025,34.667828200000002
90229364,2016,2016-07-25,9760,2016-07-16,2330,020528,,6,3,9,4200,0,3,5,,2,001,"GIBRALTAR RD","E. CAMINO CIELO",13200.00,S,N,B,-,N,,,,,,,,,,N,2,0,1,1,A,-,03,22350,,N,E,I,A,A,H,-,D,D,0,,,,,Y,Y,A,01,1,0,0,0,0,0,0,0,0,"- ","- ",34.470280000000002,-119.67977999999999,"SANTA BARBARA",UNINCORPORATED,-119.67961154,34.47728438
90315707,2016,2016-11-09,9750,2016-11-07,1610,017616,,1,2,9,4200,0,2,4,,1,024,"ORCUTT ROAD","GOODWIN RD",35.00,S,N,A,-,N,,,,,,,,,,N,2,0,1,2,A,-,08,22107,,N,H,G,A,A,H,-,A,D,0,,Y,,,Y,,L,04,1,0,0,0,0,0,1,0,0,"- ","- ",34.899320000000003,-120.43564000000001,"SANTA BARBARA",UNINCORPORATED,-120.43651724,34.899384050000002
9034710,2020,2020-02-08,4204,2020-01-04,2254,90023,,6,5,5,4204,0,0,0,,0,002,"COOK ST","PINE ST",0.00,,Y,A,-,N,,,,,,,,,,N,2,0,2,2,A,-,01,23152,A,N,D,C,A,A,H,-,C,A,0,,,,,Y,Y,A,01,1,0,1,0,0,0,0,0,0,"- ","- ",34.949928283691406,-120.43907165527344,"SANTA BARBARA","SANTA MARIA",-120.43894195556641,34.949840545654297
90355535,2016,2016-12-27,9760,2016-12-14,0807,021476,,3,1,9,4200,0,1,2,,2,010,"US-101 S/B","EVANS AVE",1092.00,N,N,A,-,Y,,,101,,,,,,S,Y,2,0,1,1,A,-,08,22107,,N,E,I,A,A,H,-,A,D,0,,,,,Y,,A,07,1,0,0,0,0,0,0,0,0,"- ","- ",34.420610000000003,-119.60538,"SANTA BARBARA",UNINCORPORATED,-119.60539858,34.420755730000003
90372224,2017,2017-01-18,9755,2017-01-11,0622,015973,,3,1,9,4200,0,1,3,,1,055,SR-1,"FIREFIGHTER RD",3696.00,N,N,B,C,Y,,,1,,,,,,,Y,2,0,3,4,C,-,18,,,N,D,C,A,B,H,-,C,D,0,,,,,Y,,-,"- ",1,1,1,0,0,0,0,0,0,"- ","- ",34.774569999999997,-120.50491,"SANTA BARBARA",UNINCORPORATED,-120.504907,34.774606009999999
90407629,2017,2017-03-07,9750,2017-02-26,0630,014753,,7,1,9,4200,0,1,3,,1,062,"STATE ROUTE 166","CABLE CORRAL ROAD (ROCK FRONT RANCH)",145.00,W,N,B,-,Y,,,166,,,,,,,Y,2,0,3,2,D,-,00,,,N,F,A,A,B,H,-,B,D,0,,,,,Y,,-,"- ",1,2,0,0,0,0,0,0,0,"- ","- ",35.11083,-120.09568,"SANTA BARBARA",UNINCORPORATED,-120.09564794000001,35.110728250000001
90411553,2017,2017-03-13,9750,2017-03-09,1336,017910,,4,1,9,4200,0,2,4,,1,024,"SR-135 S/B TO CLARK AVE","CLARK AVE",0.00,,Y,A,-,Y,,,135,,,,R,,S,Y,2,0,1,2,A,-,09,21801,A,N,D,C,A,A,H,-,A,A,0,,,,,Y,,D,22,1,0,0,0,0,0,0,0,0,"- ","- ",34.865099999999998,-120.43745,"SANTA BARBARA",UNINCORPORATED,-120.43745,34.865099999999998
90417155,2017,2017-03-22,9760,2017-02-13,1750,020964,,1,2,9,4200,0,1,2,,1,030,"US-101 N/B","DOS PUEBLOS CANYON RD",2640.00,S,N,A,-,Y,,,101,,,,,,N,Y,2,0,1,1,A,-,08,22107,,N,F,A,A,A,H,-,B,D,0,,,,,Y,,A,01,1,0,0,0,0,0,0,0,0,"- ","- ",34.442909999999998,-119.95244,"SANTA BARBARA",UNINCORPORATED,-119.95231902,34.443222560000002
90432892,2017,2017-04-12,9750,2017-04-02,2200,016874,,7,3,9,4200,0,1,2,,2,002,"US-101 S/B","PALMER ROAD",6864.00,N,N,A,B,Y,,,101,,,,,,S,Y,2,0,1,1,A,-,01,23152,A,N,E,I,A,A,H,-,D,D,0,,,,,Y,Y,A,01,1,0,0,0,0,0,0,0,0,"- ","- ",34.807369999999999,-120.34451,"SANTA BARBARA",UNINCORPORATED,-120.34458850999999,34.807340549999999
90450586,2017,2017-08-15,9760,2017-05-06,1435,020483,,6,2,9,4200,0,3,5,,2,005,"EMBARCADERO DEL NORTE","PARDALL RD",0.00,,Y,A,G,N,,,,,,,,,,N,2,0,1,2,A,-,11,21954,A,N,G,B,E,A,H,-,A,D,0,Y,,,Y,Y,,N,60,1,0,0,0,1,0,0,0,0,"- ","- ",34.244700000000002,-119.5119,"SANTA BARBARA",UNINCORPORATED,-119.85538993999999,34.413090050000001
90468298,2017,2017-05-31,9750,2017-02-14,2157,018786,,2,2,9,4200,0,1,3,,1,023,SR-135,"BELL STREET",1500.00,W,N,A,-,Y,,,135,,,,,,,N,1,1,0,2,A,-,11,21954,A,N,G,B,E,A,H,-,D,D,0,Y,,,,Y,,N,60,0,0,0,1,0,0,0,0,0,"- ","- ",34.746110000000002,-120.29181,"SANTA BARBARA",UNINCORPORATED,-120.29182545,34.746008580000002
90495606,2017,2017-12-20,9750,2017-05-02,2109,016874,,2,2,9,4200,0,1,2,,2,002,"US-101 S/B (EL CAMINO REAL)","PALMER ROAD",3696.00,S,N,A,-,Y,,,101,,,,,,S,Y,1,1,0,3,A,-,01,23152,A,N,A,C,A,A,H,-,D,D,0,,,,Y,Y,Y,A,08,0,0,0,0,0,0,0,0,0,"- ","- ",34.786209999999997,-120.32274,"SANTA BARBARA",UNINCORPORATED,-120.32278835,34.786117410000003