CASE_ID,ACCIDENT_YEAR,PROC_DATE,JURIS,COLLISION_DATE,COLLISION_TIME,OFFICER_ID,REPORTING_DISTRICT,DAY_OF_WEEK,CHP_SHIFT,POPULATION,CNTY_CITY_LOC,SPECIAL_COND,BEAT_TYPE,CHP_BEAT_TYPE,CITY_DIVISION_LAPD,CHP_BEAT_CLASS,BEAT_NUMBER,PRIMARY_RD,SECONDARY_RD,DISTANCE,DIRECTION,INTERSECTION,WEATHER_1,WEATHER_2,STATE_HWY_IND,CALTRANS_COUNTY,CALTRANS_DISTRICT,STATE_ROUTE,ROUTE_SUFFIX,POSTMILE_PREFIX,POSTMILE,LOCATION_TYPE,RAMP_INTERSECTION,SIDE_OF_HWY,TOW_AWAY,COLLISION_SEVERITY,NUMBER_KILLED,NUMBER_INJURED,PARTY_COUNT,PRIMARY_COLL_FACTOR,PCF_CODE_OF_VIOL,PCF_VIOL_CATEGORY,PCF_VIOLATION,PCF_VIOL_SUBSECTION,HIT_AND_RUN,TYPE_OF_COLLISION,MVIW,PED_ACTION,ROAD_SURFACE,ROAD_COND_1,ROAD_COND_2,LIGHTING,CONTROL_DEVICE,CHP_ROAD_TYPE,PEDESTRIAN_ACCIDENT,BICYCLE_ACCIDENT,MOTORCYCLE_ACCIDENT,TRUCK_ACCIDENT,NOT_PRIVATE_PROPERTY,ALCOHOL_INVOLVED,STWD_VEHTYPE_AT_FAULT,CHP_VEHTYPE_AT_FAULT,COUNT_SEVERE_INJ,COUNT_VISIBLE_INJ,COUNT_COMPLAINT_PAIN,COUNT_PED_KILLED,COUNT_PED_INJURED,COUNT_BICYCLIST_KILLED,COUNT_BICYCLIST_INJURED,COUNT_MC_KILLED,COUNT_MC_INJURED,PRIMARY_RAMP,SECONDARY_RAMP,LATITUDE,LONGITUDE,COUNTY,CITY,POINT_X,POINT_Y
90497166,2017,2017-07-10,9750,2017-07-03,1655,017616,,1,2,9,4200,0,3,5,,2,010,"BROWN RD","BETTERAVIA RD",50.00,W,N,A,-,N,,,,,,,,,,Y,2,0,1,1,A,-,03,22350,,N,E,I,A,A,H,-,A,D,0,,,,,Y,,D,22,1,0,0,0,0,0,0,0,0,"- ","- ",34.935189999999999,-120.54711,"SANTA BARBARA",UNINCORPORATED,-120.54659495999999,34.9351798
90505402,2017,2017-07-21,9760,2017-03-02,2350,021476,,4,3,5,4203,0,1,2,,2,011,"US-101 SOUTHBOUND","MICHELTORENA STREET",311.00,N,N,A,-,Y,,,101,,,,,,S,Y,1,1,0,2,A,-,03,22350,,N,C,C,A,A,H,-,D,D,0,,,,Y,Y,,A,01,0,0,0,0,0,0,0,0,0,"- ","- ",34.418520000000001,-119.71091,"SANTA BARBARA","SANTA BARBARA",-119.71091002,34.418519969999998
90518593,2017,2017-08-08,9755,2017-07-19,2125,020777,,3,2,9,4200,0,1,3,,1,053,"HIGHWAY 246 E/B","DOMINGOS ROAD",4752.00,E,N,A,-,Y,,,,,,,,,,Y,1,1,0,1,A,-,08,22107,,N,E,I,A,A,D,-,D,D,0,,,,,Y,,A,07,0,0,0,0,0,0,0,0,0,"- ","- ",34.623899999999999,-120.26375,"SANTA BARBARA",UNINCORPORATED,-120.26374127,34.62395592
90529010,2017,2017-08-23,9755,2017-08-12,0950,019292,,6,1,9,4200,0,3,5,,2,050,"JALAMA RD",SR-1,27456.00,W,N,A,-,N,,,,,,,,,,N,2,0,1,1,C,-,18,,,N,F,A,A,A,H,-,A,D,0,,Y,,,Y,,-,"- ",1,0,0,0,0,0,1,0,0,"- ","- ",34.525440000000003,-120.40575,"SANTA BARBARA",UNINCORPORATED,-120.39022881,34.527524829999997
90535258,2017,2017-08-28,9750,2017-06-19,0420,020511,,1,3,9,4200,0,1,3,,1,011,"SR-166 W/B","BONITA SCHOOL RD",1162.00,W,N,A,-,Y,,,166,,,,,,W,Y,1,1,0,2,A,-,03,22350,,N,C,C,A,A,H,-,D,D,0,,,,Y,Y,,A,01,0,0,0,0,0,0,0,0,0,"- ","- ",34.957520000000002,-120.51285,"SANTA BARBARA",UNINCORPORATED,-120.51285733,34.957453909999998
90568053,2017,2017-10-11,9750,2017-07-07,2500,014820,,5,4,9,4200,0,1,3,,1,062,SR-166,"WILD COW UNDERCROSSING",1584.00,E,N,A,-,Y,,,166,,,,,,,Y,1,1,0,1,A,-,01,23152,A,N,E,I,A,A,H,-,D,D,0,,,,,Y,,A,07,0,0,0,0,0,0,0,0,0,"- ","- ",35.106310000000001,-120.10680000000001,"SANTA BARBARA",UNINCORPORATED,-120.10675598,35.106305880000001
90577630,2017,2017-10-24,9760,2017-10-14,0945,020765,,6,1,9,4200,0,3,5,,2,001,"PARK LANE","E MOUNTAIN DRIVE",1320.00,N,N,A,-,N,,,,,,,,,,N,2,0,2,3,A,-,09,21804,B,N,H,G,A,A,H,-,A,D,0,,Y,,,Y,,L,04,1,1,0,0,0,0,2,0,0,"- ","- ",34.44652,-119.6142,"SANTA BARBARA",UNINCORPORATED,-119.61475790999999,34.445269770000003
90601715,2017,2017-11-24,9750,2017-02-06,0137,020510,,1,3,9,4200,0,1,3,,1,021,"SR-135 N/B","LAKEVIEW RD",1300.00,N,N,C,-,Y,,,135,,,,,,N,Y,1,2,1,1,A,-,01,23152,A,N,E,I,A,B,H,-,C,D,0,,,,,Y,Y,A,01,0,1,0,0,0,0,0,0,0,"- ","- ",34.898220000000002,-120.43607,"SANTA BARBARA",UNINCORPORATED,-120.43616409000001,34.898235909999997
90606414,2017,2017-11-30,9755,2017-11-27,0030,020323,,1,3,9,4200,0,1,3,,1,042,SR-154,"FOXEN CANYON RD",3960.00,W,N,C,-,Y,,,154,,,,,,,Y,2,0,1,1,A,-,03,22350,,N,E,I,A,B,H,-,D,D,0,,,,,Y,,D,22,1,0,0,0,0,0,0,0,0,"- ","- ",34.675840000000001,-120.13212,"SANTA BARBARA",UNINCORPORATED,-120.13206286,34.675949299999999
90611351,2017,2017-12-06,9760,2017-11-24,2225,021503,,5,3,9,4200,0,1,3,,1,022,"SR-154 (SAN MARCOS PASS)","STAGECOACH ROAD",1056.00,E,N,A,-,Y,,,154,,,,,,,Y,2,0,2,1,A,-,01,23152,F,N,E,I,A,A,H,-,D,D,0,,,,,Y,,A,07,2,0,0,0,0,0,0,0,0,"- ","- ",34.519350000000003,-119.82914,"SANTA BARBARA",UNINCORPORATED,-119.82921478,34.519342549999998
9066258,2020,2020-07-29,4203,2020-04-23,1629,8825,57,4,5,5,4203,0,0,0,,0,005,"ONTARE RD","FOOTHILL RD",7.00,S,N,A,-,N,,,,,,,,,,,2,0,1,2,A,-,01,23152,A,N,D,G,A,A,H,-,A,A,0,,Y,,,Y,Y,A,07,1,0,0,0,0,0,1,0,0,"- ","- ",34.450538635253906,-119.73783111572266,"SANTA BARBARA","SANTA BARBARA",-119.73795318603516,34.450492858886719
90678330,2018,2018-03-08,9750,2018-02-27,1150,016874,,2,1,9,4200,0,3,5,,2,020,"CLARK AVENUE",SR-135,175.00,E,N,A,-,Y,,,,,,,,,,N,2,0,2,2,A,-,03,22350,,N,B,C,A,A,H,-,A,A,0,,,Y,,Y,,C,02,1,0,1,0,0,0,0,0,2,"- ","- ",34.865898132324219,-120.43672180175781,"SANTA BARBARA",UNINCORPORATED,-120.43618774414062,34.865055084228516
90678770,2018,2018-03-09,9760,2018-03-03,1800,020765,,6,2,4,4214,0,3,5,,2,005,"CAMINO DEL SUR","TRIGO ROAD",75.00,N,N,A,-,N,,,,,,,,,,N,2,0,1,1,A,-,08,22107,,N,F,A,A,A,H,-,C,D,0,,Y,,,Y,Y,L,04,1,0,0,0,0,0,1,0,0,"- ","- ",34.411369323730469,-119.86261749267578,"SANTA BARBARA",GOLETA,-119.86258697509766,34.411354064941406
90710932,2018,2018-04-23,9750,2018-04-19,2345,020511,,4,3,5,4204,0,1,2,,2,001,"NB US-101 (EL CAMINO REAL)","DONOVAN RD",400.00,S,N,A,-,Y,,,101,,,,,,,Y,2,0,1,1,A,-,08,22107,,N,E,I,A,A,H,-,D,D,0,,,,,Y,Y,A,07,1,0,0,0,0,0,0,0,0,"- ","- ",34.964210510253906,-120.42073822021484,"SANTA BARBARA","SANTA MARIA",-120.42075347900391,34.964202880859375
90722482,2018,2018-05-09,9760,2018-05-01,1458,020226,,2,2,3,4205,0,1,2,,2,010,"US-101 NORTHBOUND FROM BAILARD AVENUE","BAILARD AVENUE",775.00,N,N,B,-,Y,,,101,,,,R,,N,N,2,0,1,2,A,-,08,22107,,N,B,G,A,B,H,-,A,D,0,,Y,,,Y,,L,04,1,0,0,0,0,0,1,0,0,"- ","- ",34.389228820800781,-119.50019073486328,"SANTA BARBARA",CARPINTERIA,-119.50019073486328,34.389228820800781
90724742,2018,2018-05-11,9760,2018-05-03,2325,020528,,4,3,9,4200,0,1,2,,1,040,"US-101 SB","ARROYO HONDO VISTA POINT",735.00,N,N,A,-,Y,,,101,,,,,,S,Y,2,0,1,1,A,-,01,23152,F,N,E,I,A,A,H,-,D,D,0,,,,,Y,,A,01,1,0,0,0,0,0,0,0,0,"- ","- ",34.474498748779297,-120.14279174804688,"SANTA BARBARA",UNINCORPORATED,-120.14279174804688,34.474563598632812
90740345,2018,2018-06-04,9750,2018-05-18,1735,020549,,5,2,9,4200,0,3,5,,2,010,"BROWN ROAD",SR-1,13200.00,W,N,B,-,N,,,,,,,,,,Y,2,0,3,2,A,-,05,21460,A,N,A,C,A,A,H,-,A,D,0,,,,,Y,,A,07,2,1,0,0,0,0,0,0,0,"- ","- ",34.927688598632812,-120.61251831054688,"SANTA BARBARA",UNINCORPORATED,-120.61140441894531,34.928249359130859
90783953,2018,2018-08-03,9755,2018-08-01,0942,017374,,3,1,9,4200,0,1,3,,1,042,SR-154,"NORTHBOUND US-101 OFF-RAMP TO SR-154",0.00,,Y,A,-,Y,,,154,,,,,,,Y,2,0,3,2,A,-,01,23153,F,N,D,C,A,A,H,-,A,A,0,,,,,Y,,A,07,2,0,1,0,0,0,0,0,0,"- ","- ",34.687759399414062,-120.15715026855469,"SANTA BARBARA",UNINCORPORATED,-120.15715026855469,34.687774658203125
90807412,2018,2018-09-06,9750,2018-06-03,1002,014820,,7,1,9,4200,0,1,3,,1,062,SR-166,"PINE CANYON RD",6864.00,E,N,A,-,Y,,,166,,,,,,,Y,2,0,2,1,A,-,08,22107,,N,E,I,A,A,H,-,A,D,0,,,,,Y,,A,07,1,1,0,0,0,0,0,0,0,"- ","- ",35.041000366210938,-120.18206787109375,"SANTA BARBARA",UNINCORPORATED,-120.18207550048828,35.040996551513672
90827406,2018,2018-10-03,9760,2018-09-28,1925,017314,,5,2,9,4200,0,3,5,,2,002,"N. TURNPIKE ROAD",SR-192,745.00,S,N,A,-,N,,,,,,,,,,N,2,0,1,2,A,-,04,21703,,N,C,C,A,B,H,-,A,D,0,,,Y,,Y,,C,02,1,0,0,0,0,0,0,0,1,"- ","- ",34.449489593505859,-119.79141235351562,"SANTA BARBARA",UNINCORPORATED,,
90834002,2018,2018-10-11,9750,2018-10-07,0027,020549,,7,3,9,4200,0,1,2,,2,002,"US-101 N/B","CAT CANYON RD",1320.00,N,N,A,-,Y,,,101,,,,,,N,Y,2,0,2,3,A,-,01,23152,A,N,A,C,A,A,H,-,D,D,0,,,,,Y,Y,D,22,1,0,1,0,0,0,0,0,0,"- ","- ",34.759021759033203,-120.29766082763672,"SANTA BARBARA",UNINCORPORATED,-120.29763031005859,34.759048461914062
90848695,2018,2018-10-30,9750,2018-10-24,0830,016170,,3,1,9,4200,0,2,4,,1,024,"FOSTER RD","HUMMEL DR",0.00,,Y,A,-,N,,,,,,,,,,Y,2,0,2,2,A,-,09,21801,A,N,D,C,A,A,H,-,A,D,0,,,,,Y,,A,08,1,0,1,0,0,0,0,0,0,"- ","- ",34.883049011230469,-120.43138122558594,"SANTA BARBARA",UNINCORPORATED,-120.43138122558594,34.883041381835938
9093319,2020,2020-09-15,4203,2020-06-19,1253,24576,,5,5,5,4203,0,0,0,,0,001,"HALEY ST","QUARANTINA ST",0.00,,Y,A,-,N,,,,,,,,,,,2,0,1,2,A,-,09,21802,A,N,D,C,A,A,H,-,A,A,0,,,Y,,Y,,C,02,1,0,0,0,0,0,0,0,1,"- ","- ",34.422130584716797,-119.68285369873047,"SANTA BARBARA","SANTA BARBARA",-119.6876220703125,34.424228668212891
90944837,2019,2019-03-12,9755,2019-03-03,1015,016999,,7,1,9,4200,0,1,2,,2,004,"US-101 N/B","SANTA ROSA RD",3570.00,S,N,B,-,Y,,,101,,,,,,N,Y,2,0,1,1,A,-,03,22350,,N,F,A,A,B,H,-,A,D,0,,,Y,,Y,,C,02,1,0,0,0,0,0,0,0,1,"- ","- ",34.609359741210938,-120.19058227539062,"SANTA BARBARA",UNINCORPORATED,-120.19054412841797,34.609355926513672
90968003,2019,2019-09-30,9750,2019-04-11,1220,015514,,4,1,9,4200,0,1,3,,1,011,"SR-166 (MAIN STREET)","BLACK ROAD",376.00,W,N,A,-,Y,,,166,,,,,,,Y,1,1,0,2,A,-,08,22107,,N,D,C,A,A,H,-,A,D,0,,,,,Y,,A,01,0,0,0,0,0,0,0,0,0,"- ","- ",34.955490112304688,-120.49089050292969,"SANTA BARBARA",UNINCORPORATED,-120.49089050292969,34.955432891845703
9097972,2020,2020-09-16,4204,2020-03-02,1900,90614,04,1,5,5,4204,0,0,0,,0,001,BROADWAY,"ORCHARD ST",0.00,,Y,A,-,Y,SB,5,135,-,-,16.660,H,-,N,N,2,0,1,2,A,-,10,21950,A,F,G,B,B,A,H,-,C,D,0,Y,,,,Y,,A,01,1,0,0,0,1,0,0,0,0,"- ","- ",34.965900421142578,-120.43550109863281,"SANTA BARBARA","SANTA MARIA",-120.43564605712891,34.965908050537109
91024017,2019,2019-07-03,9750,2019-06-22,0516,016469,,6,3,5,4204,0,1,2,,2,001,"US-101 S/B","DONOVAN RD",530.00,N,N,A,-,Y,,,101,,,,,,S,Y,2,0,1,5,A,-,03,22350,,N,C,C,A,A,H,-,D,D,0,,,,,Y,,D,22,1,0,0,0,0,0,0,0,0,"- ","- ",34.969520568847656,-120.42431640625,"SANTA BARBARA","SANTA MARIA",-120.42429351806641,34.969535827636719
91031853,2019,2019-07-16,9760,2019-07-10,1259,022228,,3,1,9,4200,0,3,5,,2,002,"WEST CAMINO CIELO",SR-154,2640.00,S,N,A,-,N,,,,,,,,,,Y,2,0,1,1,A,-,08,22107,,N,E,I,A,A,H,-,A,D,0,,,,,Y,,A,08,1,0,0,0,0,0,0,0,0,"- ","- ",34.504188537597656,-119.81854248046875,"SANTA BARBARA",UNINCORPORATED,-119.81906127929688,34.505008697509766
91046212,2019,2019-08-06,9760,2019-07-25,0905,019446,,4,1,9,4200,0,1,3,,1,022,"SR-154 E/B","WEST CAMINO CIELO",0.00,,N,A,-,Y,,,154,,,,,,E,Y,2,0,1,1,A,-,08,22107,,N,E,I,A,A,H,-,A,A,0,,,,,Y,,A,01,1,0,0,0,0,0,0,0,0,"- ","- ",34.50579833984375,-119.81668853759766,"SANTA BARBARA",UNINCORPORATED,-119.81666564941406,34.505855560302734
91047560,2019,2019-08-07,9750,2019-07-19,1757,018009,,5,2,9,4200,0,1,3,,1,012,"SR-1 S/B","BLACK ROAD",13200.00,N,N,A,-,Y,,,1,,,,,,S,Y,1,1,1,2,A,-,08,22107,,N,B,E,A,A,H,-,A,D,0,,,,,Y,,A,08,1,0,0,0,0,0,0,0,0,"- ","- ",34.902851104736328,-120.53257751464844,"SANTA BARBARA",UNINCORPORATED,-120.53261566162109,34.902759552001953
91054592,2019,2019-08-19,9755,2019-08-03,1143,013618,,6,1,9,4200,0,3,5,,2,050,"BURTON MESA BOULEVARD","MESA CIRCLE DR",73.00,S,N,A,-,N,,,,,,,,,,Y,2,0,1,2,A,-,09,21801,A,N,D,C,A,A,H,-,A,D,0,,,,,Y,,A,01,1,0,0,0,0,0,0,0,0,"- ","- ",34.702320098876953,-120.47023773193359,"SANTA BARBARA",UNINCORPORATED,-120.47023773193359,34.702274322509766
91058794,2019,2019-08-26,9755,2019-08-24,1045,013618,,6,1,9,4200,0,1,3,,1,051,"RT 1","SANTA ROSA ROAD",29.00,N,N,A,-,Y,,,1,,,,,,,Y,2,0,1,1,A,-,08,22107,,N,F,A,A,A,H,-,A,D,0,,,Y,,Y,,C,02,1,0,0,0,0,0,0,0,1,"- ","- ",34.621810913085938,-120.42881011962891,"SANTA BARBARA",UNINCORPORATED,-120.42884826660156,34.621799468994141
91059822,2019,2019-08-26,9750,2019-08-18,0905,015514,,7,1,9,4200,0,3,5,,2,030,"FOXEN CANYON RD","FUGLER ROAD",2112.00,E,N,B,-,N,,,,,,,,,,Y,2,0,1,1,A,-,03,22350,,N,F,A,A,B,H,-,A,D,0,,,Y,,Y,,C,02,1,0,0,0,0,0,0,0,1,"- ","- ",34.901058197021484,-120.31635284423828,"SANTA BARBARA",UNINCORPORATED,-120.32717132568359,34.907920837402344
91070049,2019,2019-09-30,9750,2019-02-07,0629,017884,,4,1,9,4200,0,1,3,,1,021,"SR-135 SOUTHBOUND","UNION VALLEY PARKWAY",240.00,N,N,A,-,Y,,,135,,,,,,S,Y,1,2,4,6,A,-,01,23152,G,N,C,C,A,A,H,-,B,A,0,,,,Y,Y,,G,25,0,3,1,0,0,0,0,0,0,"- ","- ",34.880661010742188,-120.43669891357422,"SANTA BARBARA",UNINCORPORATED,-120.43666839599609,34.880661010742188
91077142,2019,2019-09-18,9760,2019-06-10,0056,020964,,1,3,4,4214,0,1,2,,1,030,"US-101 S/B (EL CAMINO REAL)","LOS CARNEROS RD",1.00,N,N,A,-,Y,,,101,,,,,,S,Y,1,1,0,1,A,-,01,23152,G,N,E,I,A,A,H,-,D,D,0,,,,,Y,Y,D,22,0,0,0,0,0,0,0,0,0,"- ","- ",34.437629699707031,-119.85307312011719,"SANTA BARBARA",GOLETA,-119.85306549072266,34.437602996826172
91091940,2019,2019-10-07,9750,2019-09-30,0654,016170,,1,1,5,4204,0,1,2,,2,001,"US-101 S/B","STOWELL RD",1584.00,S,N,A,-,Y,,,101,,,,,,S,Y,2,0,1,2,A,-,08,22107,,N,D,C,A,A,H,-,A,D,0,,,,,Y,,A,01,1,0,0,0,0,0,0,0,0,"- ","- ",34.934379577636719,-120.41787719726562,"SANTA BARBARA","SANTA MARIA",-120.41793823242188,34.934379577636719
91093168,2019,2019-10-08,9750,2019-10-05,1555,019397,,6,2,9,4200,0,3,5,,2,030,"FOXEN CANYON RD","ORCUTT GARY ROAD",5016.00,S,N,A,-,N,,,,,,,,,,Y,2,0,1,1,A,-,01,23152,A,N,E,I,A,A,H,-,A,D,0,,,,,Y,Y,D,22,1,0,0,0,0,0,0,0,0,"- ","- ",34.872711181640625,-120.30486297607422,"SANTA BARBARA",UNINCORPORATED,-120.30496215820312,34.872756958007812
91095405,2019,2019-10-11,9760,2019-10-02,0035,021531,,3,3,5,4203,0,1,2,,2,011,"US-101 SB","DEPOT RD",908.00,N,N,A,-,Y,,,101,,,,,,S,Y,2,0,1,1,A,-,01,23152,F,N,E,J,A,A,H,-,C,D,0,,,,,Y,,A,01,1,0,0,0,0,0,0,0,0,"- ","- ",34.419551849365234,-119.64456176757812,"SANTA BARBARA","SANTA BARBARA",-119.64453887939453,34.419731140136719
91096872,2019,2019-10-14,9760,2019-10-08,1825,018786,,2,2,9,4200,0,3,5,,2,002,"PAINTED CAVE RD","ALTA DR.",7920.00,N,N,A,-,N,,,,,,,,,,N,2,0,1,2,A,-,05,21752,A,N,A,G,A,A,H,-,A,D,0,,Y,,,Y,,L,04,1,0,0,0,0,0,1,0,0,"- ","- ",34.503269195556641,-119.78804016113281,"SANTA BARBARA",UNINCORPORATED,-119.78990936279297,34.492832183837891
91104411,2019,2019-10-23,9750,2019-10-13,1200,015514,,7,1,9,4200,0,3,5,,2,030,"TEPUSQUET ROAD","COLSON CANYON ROAD",2112.00,N,N,A,-,N,,,,,,,,,,Y,2,0,2,1,C,-,18,,,N,H,H,A,A,H,-,A,D,0,,,Y,,Y,,-,"- ",1,0,1,0,0,0,0,0,2,"- ","- ",34.963951110839844,-120.21410369873047,"SANTA BARBARA",UNINCORPORATED,-120.22146606445312,34.929309844970703
91154371,2019,2019-12-27,9755,2019-12-24,1335,014820,,2,1,9,4200,0,3,5,,2,050,"PURISIMA RD","MISSION GATE RD",0.00,,Y,A,-,N,,,,,,,,,,Y,2,0,4,2,A,-,09,21802,A,N,D,C,A,A,H,-,A,A,0,,,,,Y,,A,01,1,3,0,0,0,0,0,0,0,"- ","- ",34.668930053710938,-120.42118835449219,"SANTA BARBARA",UNINCORPORATED,-120.42128753662109,34.668899536132812
91159110,2019,2020-07-08,9750,2019-12-28,0002,016874,,6,3,9,4200,0,1,3,,1,022,"SR-1 S/B","CLARK AVENUE",7392.00,S,N,A,-,Y,,,1,,,,,,S,Y,2,0,3,2,A,-,05,21651,B,N,D,C,A,A,H,-,D,D,0,,,,,Y,,A,01,1,0,2,0,0,0,0,0,0,"- ","- ",34.845790863037109,-120.45247650146484,"SANTA BARBARA",UNINCORPORATED,-120.45254516601562,34.845783233642578
91165679,2020,2020-01-15,9760,2020-01-11,1407,021531,,6,2,9,4200,0,1,3,,1,022,SR-154,"EAST CAMINO CIELO",0.00,,Y,A,-,Y,,,154,,,,,,,Y,2,0,2,2,A,-,09,21802,A,N,D,C,A,A,H,-,A,A,0,,,Y,,Y,,A,01,1,0,1,0,0,0,0,0,1,"- ","- ",34.509731292724609,-119.82286071777344,"SANTA BARBARA",UNINCORPORATED,-119.82286071777344,34.509731292724609
91166235,2019,2020-01-15,9750,2019-10-04,1159,016469,,5,1,9,4200,0,1,3,,1,012,SR-1,"BLACK RD",4752.00,S,N,A,-,Y,,,1,,,,,,,Y,1,1,0,3,A,-,09,21804,A,N,B,C,A,A,H,-,A,A,0,,,,Y,Y,,A,01,0,0,0,0,0,0,0,0,0,"- ","- ",34.875991821289062,-120.48304748535156,"SANTA BARBARA",UNINCORPORATED,-120.48305511474609,34.875984191894531
91225634,2019,2020-04-14,9755,2019-07-01,1852,017560,,1,2,9,4200,0,3,5,,2,040,"REFUGIO ROAD","ROBLAR AVENUE",987.00,S,N,A,-,N,,,,,,,,,,Y,2,0,2,2,A,-,05,21650,,N,A,C,A,A,H,-,A,D,0,,,,,Y,,D,22,1,0,1,0,0,0,0,0,0,"- ","- ",34.6473388671875,-120.09793090820312,"SANTA BARBARA",UNINCORPORATED,-120.09785461425781,34.647487640380859
91226260,2020,2020-04-16,9760,2020-04-08,1742,020423,,3,2,5,4203,0,1,2,,2,011,"US-101 N/B","BATH ST",825.00,S,N,A,-,Y,,,101,,,,,,N,Y,2,0,1,1,A,-,08,22107,,N,E,I,A,A,H,-,A,D,0,,,,,Y,,A,07,1,0,0,0,0,0,0,0,0,"- ","- ",34.413558959960938,-119.69499969482422,"SANTA BARBARA","SANTA BARBARA",-119.69503021240234,34.413608551025391
91234571,2020,2020-05-06,9760,2020-04-30,1630,021018,,4,2,9,4200,0,3,5,,2,002,"NUECES DR","ATASCADERO DR",5.00,W,N,A,-,N,,,,,,,,,,N,2,0,1,1,A,-,08,22107,,N,F,A,A,A,H,-,A,D,0,,Y,,,Y,,L,04,1,0,0,0,0,0,1,0,0,"- ","- ",34.435569763183594,-119.77890777587891,"SANTA BARBARA",UNINCORPORATED,-119.77891540527344,34.435600280761719
91241695,2020,2020-06-02,9750,2020-05-16,1240,017910,,6,1,9,4200,0,1,3,,1,062,"SR-166 (CUYAMA HIGHWAY)","PINE CANYON RD",6864.00,E,N,A,-,Y,,,166,,,,,,,Y,2,0,1,2,A,-,05,21460,A,N,B,C,A,A,H,-,A,D,0,,,Y,,Y,,C,02,1,0,0,0,0,0,0,0,1,"- ","- ",35.040519714355469,-120.18170166015625,"SANTA BARBARA",UNINCORPORATED,-120.18174743652344,35.040489196777344
91263791,2020,2020-07-06,9750,2020-06-25,2145,020511,,4,2,5,4204,0,1,2,,2,001,"US-101 S/B TO DONOVAN ROAD","DONOVAN RD",300.00,N,N,A,-,Y,,,101,,,,R,,S,Y,2,0,2,2,A,-,03,22350,,N,C,C,A,A,H,-,D,D,0,,,Y,,Y,,A,01,2,0,0,0,0,0,0,0,2,"- ","- ",34.96990966796875,-120.42479705810547,"SANTA BARBARA","SANTA MARIA",-120.42479705810547,34.96990966796875
91282580,2020,2020-08-07,9750,2020-08-01,1848,016874,,6,2,5,4204,0,1,2,,2,001,"US-101 S/B","STOWELL ROAD",1056.00,S,N,A,-,Y,,,101,,,,,,S,Y,2,0,2,3,A,-,01,23152,A,N,B,C,A,A,H,-,A,D,0,,,,,Y,Y,A,07,1,0,1,0,0,0,0,0,0,"- ","- ",34.933540344238281,-120.41818237304688,"SANTA BARBARA","SANTA MARIA",-120.41793823242188,34.933536529541016
91299326,2020,2020-09-04,9760,2020-08-30,0925,018019,,7,1,9,4200,0,3,5,,2,001,"E. CAMINO CIELO RD.","GIBRALTAR RD",924.00,W,N,A,-,N,,,,,,,,,,N,2,0,1,2,A,-,03,22350,,N,A,G,A,A,H,-,A,D,0,,Y,,,Y,,L,04,1,0,0,0,0,0,1,0,0,"- ","- ",34.490631103515625,-119.68727111816406,"SANTA BARBARA",UNINCORPORATED,-119.70121002197266,34.495155334472656
91302198,2020,2020-11-20,9755,2020-08-07,0905,020619,,5,1,9,4200,0,1,3,,2,041,"STATE ROUTE 246","HILL HAVEN ROAD",792.00,E,N,A,-,Y,,,246,,,,,,,Y,1,1,1,2,A,-,01,23152,A,N,A,C,A,A,H,-,A,D,0,,,,,Y,Y,A,01,0,1,0,0,0,0,0,0,0,"- ","- ",34.603050231933594,-120.1209716796875,"SANTA BARBARA",UNINCORPORATED,-120.12098693847656,34.60308837890625
91307938,2020,2020-09-21,9750,2020-09-10,0630,016874,,4,1,9,4200,0,1,3,,1,011,SR-166,"RAY ROAD",82.00,W,N,A,-,Y,,,166,,,,,,,N,2,0,1,1,A,-,08,22107,,N,E,J,A,A,H,-,B,D,0,,,Y,,Y,,C,02,1,0,0,0,0,0,0,0,1,"- ","- ",34.956478118896484,-120.50273132324219,"SANTA BARBARA",UNINCORPORATED,-120.50274658203125,34.956329345703125
91307954,2020,2021-01-15,9750,2020-09-14,1316,016542,,1,1,9,4200,0,3,5,,2,010,"MAHONEY ROAD","RAYVILLE LANE",660.00,W,N,A,-,N,,,,,,,,,,Y,2,0,1,1,A,-,01,23152,A,N,E,I,A,A,H,-,A,D,0,,,,,Y,Y,A,01,1,0,0,0,0,0,0,0,0,"- ","- ",34.919879913330078,-120.47698974609375,"SANTA BARBARA",UNINCORPORATED,-120.47711944580078,34.919761657714844
91315231,2020,2020-09-30,9750,2020-09-22,1204,018616,,2,1,9,4200,0,1,2,,2,003,"US-101 NORTHBOUND","CAT CANYON RD.",0.00,,Y,A,-,Y,,,101,,,,,,N,Y,2,0,5,2,A,-,09,21804,A,N,D,C,A,A,H,-,A,D,0,,,,,Y,,A,01,1,1,3,0,0,0,0,0,0,"- ","- ",34.756919860839844,-120.29435729980469,"SANTA BARBARA",UNINCORPORATED,-120.29438018798828,34.756889343261719
91317091,2020,2020-10-05,9760,2020-10-02,1310,020495,,5,1,9,4200,0,3,5,,2,001,"PARRA GRANDE LANE","RIVEN ROCK ROAD",211.00,S,N,A,-,N,,,,,,,,,,Y,2,0,1,1,A,-,01,23152,A,N,E,I,A,A,H,-,A,D,0,,,,,Y,Y,A,01,1,0,0,0,0,0,0,0,0,"- ","- ",34.441921234130859,-119.64405059814453,"SANTA BARBARA",UNINCORPORATED,-119.64404296875,34.441810607910156