CASE_ID,ACCIDENT_YEAR,PROC_DATE,JURIS,COLLISION_DATE,COLLISION_TIME,OFFICER_ID,REPORTING_DISTRICT,DAY_OF_WEEK,CHP_SHIFT,POPULATION,CNTY_CITY_LOC,SPECIAL_COND,BEAT_TYPE,CHP_BEAT_TYPE,CITY_DIVISION_LAPD,CHP_BEAT_CLASS,BEAT_NUMBER,PRIMARY_RD,SECONDARY_RD,DISTANCE,DIRECTION,INTERSECTION,WEATHER_1,WEATHER_2,STATE_HWY_IND,CALTRANS_COUNTY,CALTRANS_DISTRICT,STATE_ROUTE,ROUTE_SUFFIX,POSTMILE_PREFIX,POSTMILE,LOCATION_TYPE,RAMP_INTERSECTION,SIDE_OF_HWY,TOW_AWAY,COLLISION_SEVERITY,NUMBER_KILLED,NUMBER_INJURED,PARTY_COUNT,PRIMARY_COLL_FACTOR,PCF_CODE_OF_VIOL,PCF_VIOL_CATEGORY,PCF_VIOLATION,PCF_VIOL_SUBSECTION,HIT_AND_RUN,TYPE_OF_COLLISION,MVIW,PED_ACTION,ROAD_SURFACE,ROAD_COND_1,ROAD_COND_2,LIGHTING,CONTROL_DEVICE,CHP_ROAD_TYPE,PEDESTRIAN_ACCIDENT,BICYCLE_ACCIDENT,MOTORCYCLE_ACCIDENT,TRUCK_ACCIDENT,NOT_PRIVATE_PROPERTY,ALCOHOL_INVOLVED,STWD_VEHTYPE_AT_FAULT,CHP_VEHTYPE_AT_FAULT,COUNT_SEVERE_INJ,COUNT_VISIBLE_INJ,COUNT_COMPLAINT_PAIN,COUNT_PED_KILLED,COUNT_PED_INJURED,COUNT_BICYCLIST_KILLED,COUNT_BICYCLIST_INJURED,COUNT_MC_KILLED,COUNT_MC_INJURED,PRIMARY_RAMP,SECONDARY_RAMP,LATITUDE,LONGITUDE,COUNTY,CITY,POINT_X,POINT_Y
91339117,2020,2020-11-04,9750,2020-11-02,1438,017379,,1,2,9,4200,0,3,5,,2,010,"BETTERAVIA RD.","BROWN RD.",0.00,,Y,A,-,N,,,,,,,,,,Y,2,0,2,2,A,-,01,23152,A,N,A,C,A,A,H,-,A,D,0,,,,,Y,Y,A,07,1,0,1,0,0,0,0,0,0,"- ","- ",34.935230255126953,-120.54649353027344,"SANTA BARBARA",UNINCORPORATED,-120.54643249511719,34.935199737548828
91356059,2020,2020-12-01,9760,2020-11-23,2106,020528,,1,2,9,4200,0,1,2,,1,040,US-101,"GAVIOTA BEACH ROAD",450.00,S,N,A,-,Y,,,101,,,,,,,N,2,0,1,2,A,-,11,21954,A,N,G,B,D,A,H,-,D,D,0,Y,,,,Y,Y,N,60,1,0,0,0,1,0,0,0,0,"- ","- ",34.476589202880859,-120.227783203125,"SANTA BARBARA",UNINCORPORATED,-120.22781372070312,34.476573944091797
91407535,2021,2021-02-12,9760,2021-02-06,0405,020964,,6,3,9,4200,0,1,3,,1,022,SR-154,"KINEVAN ROAD",130.00,W,N,A,-,Y,,,154,,,,,,,Y,2,0,1,1,A,-,08,22107,,N,E,I,A,A,H,-,D,D,0,,,,,Y,,D,22,1,0,0,0,0,0,0,0,0,"- ","- ",34.509048461914062,-119.82269287109375,"SANTA BARBARA",UNINCORPORATED,-119.82242584228516,34.509418487548828
91419148,2020,2021-03-02,9755,2020-12-19,1159,016058,,6,1,9,4200,0,1,2,,2,004,"US-101 N/B","JONATA PARK RD",94.00,N,N,A,-,Y,,,101,,,,,,N,Y,1,1,0,2,A,-,09,21804,A,N,C,C,A,A,H,-,A,D,0,,,Y,,Y,,A,01,0,0,0,0,0,0,0,1,0,"- ","- ",34.653270721435547,-120.18266296386719,"SANTA BARBARA",UNINCORPORATED,-120.18256378173828,34.653244018554688
91419653,2021,2021-03-03,9760,2021-02-19,2345,020908,,5,3,9,4200,0,3,5,,2,005,"DEL PLAYA DR","CAMINO DEL SUR",500.00,W,N,A,-,N,,,,,,,,,,N,2,0,1,2,A,-,11,21954,A,N,G,B,D,A,H,-,C,D,0,Y,,,,Y,Y,N,60,1,0,0,0,1,0,0,0,0,"- ","- ",34.4097900390625,-119.86409759521484,"SANTA BARBARA",UNINCORPORATED,-119.86425018310547,34.409786224365234
91427668,2021,2021-03-15,9755,2021-03-05,0540,021818,,5,3,9,4200,0,3,5,,2,040,"ALISAL RD","OLD COAST HWY",14098.00,E,N,A,-,N,,,,,,,,,,Y,2,0,2,1,A,-,03,22350,,N,E,I,A,B,H,-,B,D,0,,,,,Y,Y,A,01,1,1,0,0,0,0,0,0,0,"- ","- ",34.540908813476562,-120.14803314208984,"SANTA BARBARA",UNINCORPORATED,-120.14814758300781,34.540946960449219
91433482,2021,2021-03-23,9750,2021-03-16,0315,020511,,2,3,9,4200,0,1,3,,1,064,"SR-166 (CUYAMA HIGHWAY)","WASIOJA RD",75.00,W,N,A,-,Y,,,166,,,,,,,Y,2,0,2,2,A,-,09,21801,A,N,D,C,A,A,H,-,D,D,0,,,,,Y,,A,07,1,1,0,0,0,0,0,0,0,"- ","- ",34.984291076660156,-119.7830810546875,"SANTA BARBARA",UNINCORPORATED,-119.78306579589844,34.984367370605469
91437171,2021,2021-03-26,9750,2021-03-23,0615,015514,,2,1,9,4200,0,3,5,,2,030,"PALMER ROAD","US-101 N/B",2112.00,E,N,B,-,N,,,,,,,,,,N,2,0,2,2,A,-,03,22350,,N,C,G,A,A,H,-,D,D,0,,Y,,,Y,,L,04,1,0,1,0,0,0,2,0,0,"- ","- ",34.798110961914062,-120.33231353759766,"SANTA BARBARA",UNINCORPORATED,-120.33194732666016,34.797470092773438
91453692,2021,2021-04-20,9755,2021-04-15,0651,014820,,4,1,9,4200,0,1,3,,1,042,SR-154,SR-246,0.00,,Y,E,-,Y,,,154,,,,,,,N,2,0,1,2,A,-,03,22350,,N,D,C,A,A,H,-,A,D,0,,,Y,Y,Y,,C,02,1,0,0,0,0,0,0,0,1,"- ","- ",34.610088348388672,-120.05500793457031,"SANTA BARBARA",UNINCORPORATED,-120.05488586425781,34.610244750976562
91455144,2021,2021-04-21,9755,2021-04-11,0210,020619,,7,3,9,4200,0,1,3,,2,041,SR-246,"SKYTT MESA",3168.00,W,N,A,-,Y,,,246,,,,,,,Y,2,0,1,1,A,-,08,22107,,N,E,I,A,A,H,-,D,D,0,,,,,Y,,D,22,1,0,0,0,0,0,0,0,0,"- ","- ",34.600879669189453,-120.16381072998047,"SANTA BARBARA",UNINCORPORATED,-120.16378784179688,34.600933074951172
91480008,2021,2021-05-27,9750,2021-05-15,0310,016874,,6,3,9,4200,0,3,5,,2,020,"HARRIS GRADE ROAD",SR-135,3538.00,S,N,B,-,N,,,,,,,,,,Y,2,0,1,1,A,-,01,23152,A,N,E,I,A,A,H,-,D,D,0,,,,,Y,Y,D,22,1,0,0,0,0,0,0,0,0,"- ","- ",34.75701904296875,-120.42710113525391,"SANTA BARBARA",UNINCORPORATED,-120.42699432373047,34.757080078125
91498899,2021,2021-06-17,9755,2021-06-07,1110,020619,,1,1,9,4200,0,3,5,,2,050,"PURISIMA ROAD","RUCKER RD",174.00,E,N,A,-,N,,,,,,,,,,Y,2,0,1,1,A,-,08,22107,,N,E,I,A,A,H,-,A,D,0,,,,,Y,,A,07,1,0,0,0,0,0,0,0,0,"- ","- ",34.674831390380859,-120.43930053710938,"SANTA BARBARA",UNINCORPORATED,-120.43930053710938,34.674873352050781
91508252,2021,2021-06-28,9760,2021-06-17,1555,018786,,4,2,9,4200,0,1,2,,1,030,"US-101 SOUTHBOUND","FARREN ROAD",1584.00,N,N,A,-,Y,,,101,,,,,,S,Y,2,0,4,1,A,-,08,22107,,N,F,A,A,A,H,-,A,D,0,,,,,Y,,A,07,1,1,2,0,0,0,0,0,0,"- ","- ",34.438419342041016,-119.92796325683594,"SANTA BARBARA",UNINCORPORATED,-119.92796325683594,34.438362121582031
91521472,2021,2021-07-15,9755,2021-07-02,2110,020473,,5,2,9,4200,0,1,3,,1,042,SR-154,"MPM 17.28",143.00,W,N,A,C,Y,,,154,,,,,,,Y,2,0,1,2,A,-,05,21651,A,N,B,C,A,A,H,-,D,D,0,,,Y,,Y,,C,02,1,0,0,0,0,0,0,0,1,"- ","- ",34.567668914794922,-119.94325256347656,"SANTA BARBARA",UNINCORPORATED,-119.94325256347656,34.567665100097656
91529114,2021,2021-07-26,9750,2021-07-19,1355,017616,,1,1,9,4200,0,2,4,,1,024,"ORCUTT RD","CLARK AVE",80.00,S,N,A,-,N,,,,,,,,,,N,2,0,1,1,A,-,03,22350,,N,H,A,A,A,H,-,A,D,0,,,Y,,Y,,C,02,1,0,0,0,0,0,0,0,1,"- ","- ",34.864780426025391,-120.43515777587891,"SANTA BARBARA",UNINCORPORATED,-120.43535614013672,34.864841461181641
91548234,2021,2021-11-17,9755,2021-08-06,1442,020483,,5,2,9,4200,0,1,2,,2,004,US-101,"JONATA PARK RD",2.00,N,N,A,-,Y,,,101,,,,,,,Y,2,0,2,2,A,-,03,22350,,N,C,C,A,A,H,-,A,D,0,,,,Y,Y,,G,25,1,0,1,0,0,0,0,0,0,"- ","- ",34.653099060058594,-120.18283843994141,"SANTA BARBARA",UNINCORPORATED,-120.18283081054688,34.653099060058594
91562490,2021,2021-09-03,9750,2021-08-27,1410,015514,,5,2,9,4200,0,3,5,,2,010,"BONITA SCHOOL ROAD","SANTA MARIA RIVER BRIDGE",380.00,N,N,A,-,N,,,,,,,,,,Y,2,0,3,2,A,-,01,23152,A,N,C,C,A,A,H,-,A,D,0,,,,,Y,Y,A,01,1,1,1,0,0,0,0,0,0,"- ","- ",34.987201690673828,-120.51377868652344,"SANTA BARBARA",UNINCORPORATED,,
91580245,2021,2021-09-27,9750,2021-09-19,2340,020511,,7,3,9,4200,0,1,2,,2,003,"US-101 N/B",SR-135,4224.00,S,N,A,-,Y,,,,,,,,,,Y,2,0,1,1,A,-,01,23152,A,N,F,A,A,A,H,-,D,D,0,,,,,Y,Y,A,07,1,0,0,0,0,0,0,0,0,"- ","- ",35.737270355224609,-120.25785064697266,"SANTA BARBARA",UNINCORPORATED,-120.26834106445312,34.740940093994141
91593847,2021,2021-10-12,9760,2021-10-03,1000,022485,,7,1,9,4200,0,3,5,,2,001,"GOBERNADOR CANYON RD",SR-150,100.00,N,N,A,-,N,,,,,,,,,,N,2,0,1,1,A,-,08,22107,,N,F,A,A,A,H,-,A,D,0,,Y,,,Y,,L,04,1,0,0,0,0,0,1,0,0,"- ","- ",34.397201538085938,-119.45429992675781,"SANTA BARBARA",UNINCORPORATED,-119.45377349853516,34.396263122558594
91647274,2021,2021-12-09,9760,2021-11-28,1645,020964,,7,2,9,4200,0,1,2,,1,040,"US-101 S/B","15550 CALLE REAL (DRIVEWAY)",481.00,S,N,A,-,Y,,,101,,,,,,S,Y,2,0,1,1,A,-,01,23152,A,N,E,I,A,A,H,-,A,D,0,,,,,Y,Y,A,07,1,0,0,0,0,0,0,0,0,"- ","- ",34.474269866943359,-120.15099334716797,"SANTA BARBARA",UNINCORPORATED,-120.15098571777344,34.474227905273438
91678163,2022,2022-01-14,9760,2022-01-04,1210,017140,,2,1,9,4200,0,1,3,,1,014,SR-192,"CRAVENS LANE",0.00,,Y,A,-,Y,SB,,192,,,15.868,H,,R,Y,2,0,3,3,A,-,03,22350,,N,C,2,A,A,H,-,A,D,0,,,Y,,Y,,C,02,1,0,2,0,0,0,0,0,3,"- ","- ",34.415531158447266,-119.53845977783203,"SANTA BARBARA",UNINCORPORATED,-119.53846740722656,34.415504455566406
91688736,2022,2022-01-28,9755,2022-01-17,1619,018483,,1,2,9,4200,0,1,2,,2,004,"US-101 N/B",SR-1,3696.00,S,N,B,C,Y,SB,,101,,,48.144,H,,R,Y,2,0,5,1,A,-,03,22350,,N,E,I,A,B,H,-,A,D,0,,,,,Y,,A,07,4,1,0,0,0,0,0,0,0,"- ","- ",34.49993896484375,-120.22969818115234,"SANTA BARBARA",UNINCORPORATED,-120.22968292236328,34.499931335449219
91714602,2021,2022-03-03,9760,2021-08-25,0219,022228,,3,3,9,4200,0,1,2,,1,030,"US 101 SB","DOS PUEBLOS CANYON ROAD",1056.00,N,N,A,-,Y,,,,,,,,,,Y,1,3,0,2,A,-,01,23152,F,N,A,C,A,A,H,-,D,D,0,,,,,Y,,A,01,0,0,0,0,0,0,0,0,0,"- ","- ",34.449459075927734,-119.96209716796875,"SANTA BARBARA",UNINCORPORATED,-119.96218872070312,34.449592590332031
91720027,2022,2022-03-10,9755,2022-02-06,1428,018483,,7,2,9,4200,0,1,3,,2,041,"SR-246 W/B","MEADOWLARK ROAD",1521.00,E,N,A,-,Y,SB,,246,,R,34.493,H,,L,Y,2,0,2,3,A,-,08,22107,,N,B,C,A,A,H,-,A,A,0,,,Y,,Y,,A,01,2,0,0,0,0,0,0,0,2,"- ","- ",34.610450744628906,-120.05709075927734,"SANTA BARBARA",UNINCORPORATED,-120.05709075927734,34.610424041748047
91729353,2022,2022-03-22,9760,2022-03-16,1635,021283,,3,2,9,4200,0,3,5,,2,001,"SAN YSIDRO RD.","LA VEREDA RD.",3.00,N,N,A,-,N,,,,,,,,,,N,2,0,1,2,A,-,08,22107,,N,B,G,A,A,H,-,A,D,0,,Y,,,Y,,A,01,1,0,0,0,0,0,1,0,0,"- ","- ",34.425079345703125,-119.63156127929688,"SANTA BARBARA",UNINCORPORATED,-119.63156127929688,34.425086975097656
91747388,2022,2022-04-13,9755,2022-03-30,1625,017378,,3,2,9,4200,0,1,3,,1,055,"SR 1 S/B","CONSTELLATION RD",4752.00,S,N,A,-,Y,SB,,1,,R,24.297,H,,L,Y,2,0,1,2,A,-,07,21658,A,N,F,A,A,A,H,-,A,D,0,,,,,Y,,-,"- ",1,0,0,0,0,0,0,0,0,"- ","- ",34.691551208496094,-120.45858764648438,"SANTA BARBARA",UNINCORPORATED,-120.45854187011719,34.691543579101562
91747395,2022,2022-04-13,9760,2022-04-07,1439,022853,,4,2,9,4200,0,1,3,,1,022,"STATE ROUTE 154","SAN ANTONIO CREEK BRIDGE",429.00,W,N,A,-,Y,SB,,154,,,30.152,H,,R,N,2,0,1,2,A,-,05,21460,A,N,B,C,A,A,H,-,A,D,0,,,Y,,Y,,C,02,1,0,0,0,0,0,0,0,1,"- ","- ",34.468589782714844,-119.77237701416016,"SANTA BARBARA",UNINCORPORATED,-119.77236175537109,34.468601226806641
91762395,2021,2022-05-02,9760,2021-10-04,1220,019446,,1,1,9,4200,0,1,2,,1,040,"US-101 NORTHBOUND (EL CAMINO REAL)","ARROYO HONDO PRESERVE DRIVEWAY",185.00,S,N,A,-,Y,,,101,,,,,,N,Y,1,1,0,1,A,-,08,22107,,N,E,8,A,A,H,-,A,D,0,,,,,Y,,A,01,0,0,0,0,0,0,0,0,0,"- ","- ",34.474811553955078,-120.14211273193359,"SANTA BARBARA",UNINCORPORATED,-120.14210510253906,34.474761962890625
91780721,2022,2022-06-27,9750,2022-05-15,1354,015916,,7,1,9,4200,0,1,2,,2,003,"US-101 S/B (EL CAMINO REAL)","ALISOS CANYON ROAD",0.00,,Y,A,-,Y,SB,,101,,,68.746,H,,L,Y,2,0,7,4,A,-,09,21804,A,N,C,C,A,A,H,-,A,D,0,,,,,Y,,A,01,2,1,4,0,0,0,0,0,0,"- ","- ",34.731239318847656,-120.23593139648438,"SANTA BARBARA",UNINCORPORATED,-120.23592376708984,34.731246948242188
9178278,2020,2021-02-02,4204,2020-11-04,2007,90375,,3,5,5,4204,0,0,0,,0,,"BLACK RD","STOWELL RD",2648.00,S,N,A,-,N,,,,,,,,,,N,2,0,2,2,A,-,01,23152,A,N,C,C,A,A,H,-,D,D,0,,,,,Y,Y,A,01,1,1,0,0,0,0,0,0,0,"- ","- ",34.938568115234375,-120.48992919921875,"SANTA BARBARA","SANTA MARIA",-120.49000549316406,34.931278228759766
91804021,2022,2022-06-27,9750,2022-06-19,0849,016170,,7,1,5,4204,0,1,2,,2,001,"US-101 N/B","DONOVAN RD.",300.00,N,N,A,-,Y,SB,,101,,,89.755,H,,R,Y,2,0,1,1,A,-,08,22107,,N,F,A,A,A,H,-,A,D,0,,,,,Y,,A,07,1,0,0,0,0,0,0,0,0,"- ","- ",34.968551635742188,-120.42327117919922,"SANTA BARBARA","SANTA MARIA",-120.42339324951172,34.968498229980469
91804766,2022,2022-06-28,9760,2022-06-27,0528,018431,,1,3,9,4200,0,1,2,,1,040,"US-101 N/B","MARIPOSA REINA",12619.00,S,N,B,-,Y,SB,,101,,,42.423,H,,R,Y,2,0,1,1,A,-,08,22107,,N,E,I,A,A,H,-,A,D,0,,,,,Y,,A,07,1,0,0,0,0,0,0,0,0,"- ","- ",34.472240447998047,-120.1649169921875,"SANTA BARBARA",UNINCORPORATED,-120.16492462158203,34.472309112548828
9181311,2020,2020-12-04,4200,2020-10-04,2005,5177,14,7,5,4,4214,0,0,0,,0,060,"HOLLISTER AV","WARD DR",0.00,,Y,E,-,N,,,,,,,,,,N,2,0,1,1,A,-,03,22350,,N,H,A,A,B,H,-,C,A,0,,,Y,,Y,,C,02,1,0,0,0,0,0,0,0,1,"- ","- ",,,"SANTA BARBARA",GOLETA,-119.81684875488281,34.435211181640625
91824559,2022,2022-07-25,9755,2022-07-17,1645,020757,,7,2,9,4200,0,1,3,,1,042,"SR-154 W/B","CACHUMA VILLAGE ROAD",5280.00,E,N,A,-,Y,SB,,154,,,13.337,H,,L,N,2,0,1,1,A,-,08,22107,,N,E,A,A,A,H,-,A,D,0,,,Y,,Y,,C,02,1,0,0,0,0,0,0,0,1,"- ","- ",34.577949523925781,-119.98124694824219,"SANTA BARBARA",UNINCORPORATED,-119.98125457763672,34.577934265136719
91830208,2021,2023-07-19,9760,2021-10-26,1930,018786,,2,2,9,4200,0,2,4,,2,026,"CATHEDRAL OAKS ROAD","CAMINO CASCADA",211.00,W,N,A,-,N,,,,,,,,,,Y,1,2,1,4,A,-,01,23152,A,N,C,C,A,A,H,-,C,D,0,,,,,Y,Y,A,07,0,1,0,0,0,0,0,0,0,"- ","- ",34.451751708984375,-119.81874847412109,"SANTA BARBARA",UNINCORPORATED,-119.81855773925781,34.451873779296875
91852921,2022,2022-08-30,9760,2022-08-22,0930,022926,,1,1,4,4214,0,1,2,,1,030,"US 101 N/B","GLEN ANNIE RD",737.00,S,N,A,-,Y,,,,,,,,,,Y,2,0,1,1,A,-,08,22107,,N,E,I,A,A,H,-,A,D,0,,,,,Y,,A,01,1,0,0,0,0,0,0,0,0,"- ","- ",34.435508728027344,-119.86827087402344,"SANTA BARBARA",GOLETA,-119.87126159667969,34.4344482421875
91859076,2022,2022-09-07,9750,2022-06-08,2500,017910,,3,4,9,4200,0,1,3,,1,012,SR-1,"BLACK RD",9504.00,N,N,A,-,Y,SB,,1,,,43.675,H,,R,Y,1,1,0,1,A,-,01,23152,A,N,F,A,A,A,H,-,D,D,0,,,,,Y,Y,A,01,0,0,0,0,0,0,0,0,0,"- ","- ",34.898059844970703,-120.52365875244141,"SANTA BARBARA",UNINCORPORATED,-120.52364349365234,34.8980712890625
91866297,2022,2022-09-16,9760,2022-09-03,2102,022726,,6,2,9,4200,0,3,5,,2,005,"EMBARCADERO DEL MAR","EL COLEGIO ROAD",0.00,,Y,A,-,N,,,,,,,,,,N,2,0,1,2,A,-,09,21801,A,N,A,B,A,A,H,-,C,A,0,,,,,Y,,A,01,1,0,0,0,0,0,0,0,0,"- ","- ",34.417301177978516,-119.85707092285156,"SANTA BARBARA",UNINCORPORATED,-119.85704803466797,34.417278289794922
9186902,2020,2021-01-26,4204,2020-11-23,1513,90276,12,1,5,5,4204,0,0,0,,0,002,"COOK ST","MILLER ST",100.00,E,N,A,-,N,,,,,,,,,,,2,0,1,2,A,-,11,21954,A,N,G,B,E,A,H,-,A,A,0,Y,,,,Y,,N,60,1,0,0,0,1,0,0,0,0,"- ","- ",34.948688507080078,-120.43121337890625,"SANTA BARBARA","SANTA MARIA",-120.43113708496094,34.949893951416016
91873160,2022,2022-09-26,9750,2022-09-16,2015,020511,,5,2,9,4200,0,2,4,,1,024,"FOSTER RD.","WOODLAND ST",0.00,,Y,A,-,N,,,,,,,,,,N,2,0,1,2,A,-,11,21950,B,N,G,B,B,A,H,-,D,A,0,Y,,,,Y,,N,60,1,0,0,0,1,0,0,0,0,"- ","- ",34.883098602294922,-120.42192840576172,"SANTA BARBARA",UNINCORPORATED,-120.42195892333984,34.883090972900391
91883485,2022,2022-10-06,9755,2022-10-02,1200,018483,,7,1,9,4200,0,3,5,,2,040,"ARMOUR RANCH ROAD",SR-154,46.00,E,N,A,-,N,,,,,,,,,,Y,2,0,1,1,A,-,08,22107,,N,E,I,A,B,H,-,A,A,0,,,Y,,Y,,C,02,1,0,0,0,0,0,0,0,1,"- ","- ",34.610359191894531,-120.05438232421875,"SANTA BARBARA",UNINCORPORATED,-120.03189849853516,34.589805603027344
91884244,2022,2022-10-06,9755,2022-09-16,0920,016058,,5,1,9,4200,0,1,3,,1,055,"STATE ROUTE 1 SOUTHBOUND","SANTA LUCIA CANYON ROAD",0.00,,Y,A,-,Y,SB,,1,,R,26.694,H,,L,N,2,0,8,2,A,-,09,21801,A,N,D,C,A,A,H,-,A,A,0,,,,,Y,,A,08,4,3,1,0,0,0,0,0,0,"- ","- ",34.713188171386719,-120.48916625976562,"SANTA BARBARA",UNINCORPORATED,-120.48918914794922,34.713188171386719
91895474,2022,2022-10-20,9750,2022-10-18,0130,020765,,2,3,9,4200,0,3,5,,2,010,"SIMAS ROAD","W. MAIN STREET",3450.00,N,N,E,-,N,,,,,,,,,,Y,2,0,1,1,A,-,08,22107,,N,E,I,A,A,H,-,D,D,0,,,,,Y,,A,01,1,0,0,0,0,0,0,0,0,"- ","- ",34.96697998046875,-120.55838012695312,"SANTA BARBARA",UNINCORPORATED,-120.55824279785156,34.957439422607422
91900267,2022,2022-10-26,9755,2022-10-15,0200,021818,,6,3,9,4200,0,1,3,,1,053,"SR-246 E/B","CANYATA DE LAGUANA RD",6178.00,W,N,A,-,Y,SB,,246,,R,23.032,H,,R,Y,2,0,1,2,A,-,03,22350,,N,E,C,A,A,C,-,D,D,0,,,,,Y,,I,09,1,0,0,0,0,0,0,0,0,"- ","- ",34.621669769287109,-120.24305725097656,"SANTA BARBARA",UNINCORPORATED,-120.24305725097656,34.621665954589844
91906591,2022,2022-11-01,9755,2022-10-22,0646,016988,,6,1,9,4200,0,3,5,,2,050,"SANTA ROSA RD",SR-1,35376.00,E,N,A,-,N,,,,,,,,,,Y,2,0,1,1,A,-,01,23152,A,N,F,A,A,A,H,-,B,D,0,,,,,Y,Y,D,22,1,0,0,0,0,0,0,0,0,"- ","- ",34.611629486083984,-120.33084106445312,"SANTA BARBARA",UNINCORPORATED,-120.33159637451172,34.611721038818359
91912854,2022,2023-03-14,9755,2022-11-01,1715,020757,,2,2,9,4200,0,1,2,,2,004,"US-101 S/B",SR-1,8448.00,N,N,C,-,Y,SB,,101,,R,50.449,H,,L,Y,2,0,2,1,A,-,03,22350,,N,E,I,A,B,H,-,A,D,0,,,,,Y,,A,07,1,0,1,0,0,0,0,0,0,"- ","- ",34.523670196533203,-120.20584869384766,"SANTA BARBARA",UNINCORPORATED,-120.20585632324219,34.523628234863281
91925237,2022,2022-11-23,9755,2022-11-11,1350,023050,,5,1,9,4200,0,3,5,,2,040,"BASELINE AVE.","EDISON ST.",0.00,,Y,A,-,N,,,,,,,,,,Y,2,0,1,2,A,-,12,22450,A,N,D,C,A,A,H,-,A,A,0,,,,,Y,,A,01,1,0,0,0,0,0,0,0,0,"- ","- ",34.635601043701172,-120.08042144775391,"SANTA BARBARA",UNINCORPORATED,-120.0814208984375,34.633476257324219
91983970,2023,2023-02-01,9760,2023-01-23,"26  ",022916,,1,3,9,4200,0,1,2,,1,040,"US-101 NORTHBOUND","15550 US-101",550.00,N,N,A,-,Y,SB,,101," "," ",41.817,H,,R,N,2,0,1,2,A,-,11,21954,A,N,G,B,E,A,H,-,D,D,0,Y,,,,Y,Y,N,60,1,0,0,0,1,0,0,0,0,"- ","- ",34.474151611328125,-120.15447998046875,"SANTA BARBARA",UNINCORPORATED,-120.15447998046875,34.474140167236328
92066504,2023,2023-05-11,9750,2023-05-03,1110,015854,,3,1,9,4200,0,3,5,,2,030,"FOXEN CANYON ROAD","ALISOS CANYON ROAD",3696.00,N,N,B,-,N,,,,,,,,,,N,2,0,1,1,A,-,08,22107,,N,E,I,A,A,H,-,A,D,0,,,Y,,Y,,C,02,1,0,0,0,0,0,0,0,1,"- ","- ",34.7835693359375,-120.16500091552734,"SANTA BARBARA",UNINCORPORATED,-120.16551208496094,34.783660888671875
9208416,2020,2021-02-02,4202,2020-11-18,1656,10457,,3,5,4,4202,0,0,0,,0,,"CENTRAL AV","L ST",446.00,E,N,E,-,N,,,,,,,,,,N,2,0,1,2,A,-,11,21955,,N,G,B,D,A,-,-,C,A,0,Y,,,,Y,,N,60,1,0,0,0,1,0,0,0,0,"- ","- ",,,"SANTA BARBARA",LOMPOC,-120.46052551269531,34.660808563232422
92098845,2023,2023-06-21,9750,2023-06-12,1411,017705,,1,2,9,4200,0,2,4,,1,024,"S. BRADLEY ROAD","E. CLARK AVENUE",400.00,S,N,B,-,N,,,,,,,,,,Y,2,0,2,2,A,-,08,22107,,N,D,C,A,A,H,-,A,D,0,,,,,Y,,A,01,1,1,0,0,0,0,0,0,0,"- ","- ",34.863380432128906,-120.41873168945312,"SANTA BARBARA",UNINCORPORATED,-120.41876983642578,34.863922119140625
92109754,2023,2023-07-05,9750,2023-06-25,2210,022227,,7,3,9,4200,0,3,5,,2,020,"IRONWOOD DR","OLIVEWOOD DR",420.00,E,N,A,-,N,,,,,,,,,,Y,2,0,1,3,A,-,01,23152,A,N,B,4,A,A,H,-,C,D,0,,,,,Y,Y,A,01,1,0,0,0,0,0,0,0,0,"- ","- ",34.898448944091797,-120.48316192626953,"SANTA BARBARA",UNINCORPORATED,-120.48323059082031,34.898502349853516
92115879,2023,2023-07-13,9755,2023-06-06,"552 ",023050,,2,3,9,4200,0,1,3,,1,055,"STATE ROUTE 1 SOUTHBOUND","CONSTELLATION RD",3696.00,S,N,B,-,Y,SB,,1," ",R,24.390,H,,L,Y,1,3,2,2,A,-,03,22350,,N,D,C,A,B,H,-,A,D,0,,,,,Y,,A,01,0,2,0,0,0,0,0,0,0,"- ","- ",34.692829132080078,-120.45865631103516,"SANTA BARBARA",UNINCORPORATED,-120.45870208740234,34.692821502685547
92143280,2023,2023-08-14,9755,2023-06-21,"110 ",022749,,3,3,9,4200,0,1,3,,2,041,"STATE ROUTE 246 WESTBOUND","SKYTT MESA DR",3960.00,W,N,A,-,Y,SB,,246," "," ",27.857,H,,L,Y,1,1,0,1,A,-,01,23152,A,N,E,8,A,A,H,-,D,D,0,,,,,Y,Y,-,"- ",0,0,0,0,0,0,0,0,0,"- ","- ",34.601459503173828,-120.16503143310547,"SANTA BARBARA",UNINCORPORATED,-120.16500091552734,34.60150146484375