CASE_ID,ACCIDENT_YEAR,PROC_DATE,JURIS,COLLISION_DATE,COLLISION_TIME,OFFICER_ID,REPORTING_DISTRICT,DAY_OF_WEEK,CHP_SHIFT,POPULATION,CNTY_CITY_LOC,SPECIAL_COND,BEAT_TYPE,CHP_BEAT_TYPE,CITY_DIVISION_LAPD,CHP_BEAT_CLASS,BEAT_NUMBER,PRIMARY_RD,SECONDARY_RD,DISTANCE,DIRECTION,INTERSECTION,WEATHER_1,WEATHER_2,STATE_HWY_IND,CALTRANS_COUNTY,CALTRANS_DISTRICT,STATE_ROUTE,ROUTE_SUFFIX,POSTMILE_PREFIX,POSTMILE,LOCATION_TYPE,RAMP_INTERSECTION,SIDE_OF_HWY,TOW_AWAY,COLLISION_SEVERITY,NUMBER_KILLED,NUMBER_INJURED,PARTY_COUNT,PRIMARY_COLL_FACTOR,PCF_CODE_OF_VIOL,PCF_VIOL_CATEGORY,PCF_VIOLATION,PCF_VIOL_SUBSECTION,HIT_AND_RUN,TYPE_OF_COLLISION,MVIW,PED_ACTION,ROAD_SURFACE,ROAD_COND_1,ROAD_COND_2,LIGHTING,CONTROL_DEVICE,CHP_ROAD_TYPE,PEDESTRIAN_ACCIDENT,BICYCLE_ACCIDENT,MOTORCYCLE_ACCIDENT,TRUCK_ACCIDENT,NOT_PRIVATE_PROPERTY,ALCOHOL_INVOLVED,STWD_VEHTYPE_AT_FAULT,CHP_VEHTYPE_AT_FAULT,COUNT_SEVERE_INJ,COUNT_VISIBLE_INJ,COUNT_COMPLAINT_PAIN,COUNT_PED_KILLED,COUNT_PED_INJURED,COUNT_BICYCLIST_KILLED,COUNT_BICYCLIST_INJURED,COUNT_MC_KILLED,COUNT_MC_INJURED,PRIMARY_RAMP,SECONDARY_RAMP,LATITUDE,LONGITUDE,COUNTY,CITY,POINT_X,POINT_Y
92155753,2023,2023-08-28,9755,2023-07-13,1545,020226,,4,2,9,4200,0,1,2,,2,004,"US-101 NORTHBOUND","JONATA PARK ROAD",1034.00,S,N,A,-,Y,SB,,101," "," ",59.850,H,,R,Y,1,1,2,3,A,-,03,22350,,N,C,C,A,A,G,-,A,D,0,,,,,Y,,A,08,2,0,0,0,0,0,0,0,0,"- ","- ",34.649978637695312,-120.18341827392578,"SANTA BARBARA",UNINCORPORATED,-120.18341827392578,34.649978637695312
92156112,2023,2023-08-28,9755,2023-08-21,1336,019292,,1,1,9,4200,0,1,3,,1,055,SR-1,"FIREFIGHTER RD",2640.00,N,N,A,-,Y,SB,,1," ",M,31.663,H,,R,Y,2,0,2,1,A,-,08,22107,,N,E,8,A,A,H,-,A,D,0,,,,,Y,,A,01,2,0,0,0,0,0,0,0,0,"- ","- ",34.773689270019531,-120.50968170166016,"SANTA BARBARA",UNINCORPORATED,-120.50969696044922,34.773704528808594
92158806,2023,2023-08-30,9750,2023-08-20,"138 ",022227,,7,3,5,4204,0,1,2,,2,001,"US-101 N/B TO DONOVAN RD","DONOVAN RD",698.00,S,N,A,-,Y,,,,,,,,,,Y,2,0,1,1,A,-,01,23152,A,N,E,8,A,A,H,-,C,A,0,,,,,Y,Y,A,01,1,0,0,0,0,0,0,0,0,"- ","- ",34.965988159179688,-120.42133331298828,"SANTA BARBARA","SANTA MARIA",-120.42133331298828,34.965988159179688
92173343,2023,2023-09-19,9750,2023-08-17,1705,020511,,4,2,9,4200,0,1,3,,1,022,"SR-1 S/B (CABRILLO HIGHWAY)","GRACIOSA RD",4200.00,S,N,A,-,Y,SB,,1," ",M,36.100,H,,L,Y,2,0,1,1,A,-,01,23152,A,N,E,I,A,A,H,-,A,D,0,,,,,Y,Y,A,01,1,0,0,0,0,0,0,0,0,"- ","- ",34.799949645996094,-120.44397735595703,"SANTA BARBARA",UNINCORPORATED,-120.44393920898438,34.7999267578125
92196001,2023,2023-10-11,9750,2023-10-01,1514,020907,,7,2,9,4200,0,3,5,,2,030,"TELEPHONE ROAD","FALLEN LEAF DRIVE",3530.00,N,N,A,-,N,,,,,,,,,,Y,2,0,2,1,A,-,01,23152,A,N,F,A,A,A,H,-,A,D,0,,,,,Y,Y,A,07,2,0,0,0,0,0,0,0,0,"- ","- ",34.881511688232422,-120.38307189941406,"SANTA BARBARA",UNINCORPORATED,-120.38301849365234,34.880825042724609
92209327,2023,2024-01-24,9760,2023-04-20,2301,020528,,4,3,9,4200,0,2,4,,2,026,"CATHEDRAL OAKS ROAD","NORTH KELLOGG AVENUE",620.00,W,N,A,-,N,,,,,,,,,,Y,1,2,0,1,A,-,01,23153,A,N,E,I,A,A,H,-,C,D,0,,,,,Y,Y,D,22,0,0,0,0,0,0,0,0,0,"- ","- ",34.453159332275391,-119.81648254394531,"SANTA BARBARA",UNINCORPORATED,-119.81637573242188,34.453086853027344
92227393,2023,2023-11-03,9760,2023-10-26,"810 ",016739,,4,1,9,4200,0,1,2,,2,010,"US-101 N/B (EL CAMINO REAL)","EVANS AVE.",400.00,N,N,A,-,Y,SB,,101," ",R,8.353,H,,R,Y,2,0,1,2,A,-,03,22350,,N,C,C,A,A,D,-,A,A,0,,,Y,,Y,,C,02,1,0,0,0,0,0,0,0,1,"- ","- ",34.421268463134766,-119.60298156738281,"SANTA BARBARA",UNINCORPORATED,-119.60298156738281,34.4212646484375
92227446,2023,2023-11-03,9750,2023-10-29,"556 ",017705,,7,3,9,4200,0,3,5,,2,010,"BROWN ROAD","W. BETTERAVIA ROAD",0.00,,Y,A,-,N,,,,,,,,,,Y,2,0,1,2,A,-,12,22450,A,F,D,C,A,A,H,-,D,A,0,,,,,Y,,A,01,1,0,0,0,0,0,0,0,0,"- ","- ",34.935218811035156,-120.54644775390625,"SANTA BARBARA",UNINCORPORATED,-120.54643249511719,34.935199737548828
92228926,2023,2023-11-06,9760,2023-11-01,1250,016739,,3,1,9,4200,0,3,5,,2,005,"SUENO RD.","CAMINO PESCADERO",0.00,,Y,A,-,N,,,,,,,,,,N,2,0,2,2,A,-,12,22450,A,N,H,G,A,A,H,-,A,A,0,,Y,,,Y,,L,04,1,1,0,0,0,0,2,0,0,"- ","- ",34.412670135498047,-119.85874176025391,"SANTA BARBARA",UNINCORPORATED,-119.85870361328125,34.412635803222656
92231352,2023,2023-11-08,9760,2023-11-04,1715,022912,,6,2,9,4200,0,1,3,,1,016,SR-150,"GOBERNADOR CYN RD",75.00,E,N,A,-,Y,SB,,150," "," ",2.194,H,,R,Y,2,0,1,2,A,-,05,21460,A,N,A,C,A,A,H,-,A,D,0,,,Y,,Y,,C,02,1,0,0,0,0,0,0,0,1,"- ","- ",34.396049499511719,-119.45375061035156,"SANTA BARBARA",UNINCORPORATED,-119.45375061035156,34.396022796630859
92266182,2023,2023-12-19,9760,2023-12-15,2159,022926,,5,2,9,4200,0,3,5,,2,002,"TURNPIKE ROAD","CERVATO WAY",214.00,S,N,A,-,N,,,,,,,,,,Y,2,0,1,4,A,-,01,23152,A,N,C,E,A,A,H,-,C,D,0,,,,,Y,Y,A,01,1,0,0,0,0,0,0,0,0,"- ","- ",34.447299957275391,-119.79106140136719,"SANTA BARBARA",UNINCORPORATED,-119.79106140136719,34.447418212890625
92274850,2023,2023-12-29,9750,2023-12-19,"755 ",016469,,2,1,9,4200,0,1,3,,1,022,"SR-1 N/B (CABRILLO HIGHWAY)","SAN ANTONIO ROAD EAST",1056.00,N,N,B,C,Y,SB,,1," ",M,33.157,H,,R,Y,2,0,1,1,A,-,03,22350,,N,E,I,A,B,H,-,A,D,0,,,,,Y,,A,01,1,0,0,0,0,0,0,0,0,"- ","- ",34.776260375976562,-120.48429870605469,"SANTA BARBARA",UNINCORPORATED,-120.48426818847656,34.776214599609375
92300112,2024,2024-01-29,9755,2024-01-25,"802 ",019292,,4,1,9,4200,0,1,3,,1,055,"SR-1 S/B","CONSTELLATION RD",3696.00,S,N,B,-,Y,SB,,1," ",R,24.385,H,,L,Y,2,0,1,2,A,-,03,22350,,N,E,8,A,B,H,-,A,D,0,,,,,Y,,A,01,1,0,0,0,0,0,0,0,0,"- ","- ",34.692768096923828,-120.45860290527344,"SANTA BARBARA",UNINCORPORATED,-120.45868682861328,34.692752838134766
92310010,2024,2024-02-09,9760,2024-02-05,1825,022726,,1,2,9,4200,0,3,5,,2,005,"ABREGO RD","CAMINO PESCADERO",5.00,W,N,C,-,N,,,,,,,,,,N,2,0,1,2,A,-,10,21950,A,F,G,1,C,B,H,-,C,A,0,Y,,,,Y,,-,99,1,0,0,0,1,0,0,0,0,"- ","- ",34.414180755615234,-119.85881042480469,"SANTA BARBARA",UNINCORPORATED,-119.85871887207031,34.414150238037109
9232939,2021,2021-03-09,4203,2021-01-20,0816,8625,34,3,5,5,4203,0,0,0,,0,004,"STATE ST","VALERIO ST",87.00,S,N,A,-,,,,,,,,,,,,2,0,1,2,A,-,01,23152,F,N,G,B,E,A,D,-,A,A,0,Y,,,,Y,,A,01,1,0,0,0,1,0,0,0,0,"- ","- ",34.428058624267578,-119.71086120605469,"SANTA BARBARA","SANTA BARBARA",-119.71063232421875,34.427871704101562
92337482,2024,2024-03-13,9760,2024-03-06,1635,016739,,3,2,9,4200,0,1,2,,1,030,"US-101 N/B (EL CAMINO REAL)","EL CAPITAN STATE BEACH RD.",4224.00,S,N,B,C,Y,SB,,101," "," ",33.068,H,,R,Y,2,0,2,1,A,-,08,22107,,N,F,A,A,B,H,-,A,D,0,,,,,Y,,-,"- ",1,1,0,0,0,0,0,0,0,"- ","- ",34.461490631103516,-120.00771331787109,"SANTA BARBARA",UNINCORPORATED,-120.0076904296875,34.461612701416016
92359719,2023,2024-04-09,9755,2023-12-02,"535 ",023112,,6,3,9,4200,0,1,3,,2,041,"STATE ROUTE 246 WESTBOUND","VIA JUANA RD",78.00,E,N,A,-,Y,SB,,246," "," ",32.381,H,,L,Y,1,1,0,2,A,-,11,21954,A,N,G,B,E,A,H,-,D,D,0,Y,,,,Y,Y,N,60,0,0,0,1,0,0,0,0,0,"- ","- ",34.607078552246094,-120.09355163574219,"SANTA BARBARA",UNINCORPORATED,-120.09356689453125,34.607105255126953
9236925,2021,2021-04-01,4200,2021-02-05,1225,1267,14,5,5,4,4214,0,0,0,,0,080,"STORKE RD","MARKETPLACE DR",90.00,N,N,A,-,N,,,,,,,,,,N,2,0,1,2,A,-,08,22107,,F,H,F,A,A,H,-,A,D,0,,Y,,,Y,,A,07,1,0,0,0,0,0,1,0,0,"- ","- ",,,"SANTA BARBARA",GOLETA,-119.86978149414062,34.428905487060547
92407633,2023,2024-06-06,9755,2023-10-25,1743,017378,,3,2,9,4200,0,1,3,,1,051,"STATE ROUTE 1 SOUTHBOUND","STATE ROUTE 246",4224.00,S,N,A,-,Y,SB,,1," "," ",18.695,H,,L,Y,1,1,1,2,A,-,03,22350,,N,E,8,A,A,H,-,A,D,0,,,Y,,Y,,C,02,0,1,0,0,0,0,0,1,0,"- ","- ",34.634120941162109,-120.43242645263672,"SANTA BARBARA",UNINCORPORATED,-120.43243408203125,34.634117126464844
92415888,2024,2024-06-17,9760,2024-06-06,1155,023828,,4,1,9,4200,0,2,4,,2,026,"CATHEDRAL OAKS RD","SR-154 ON RAMP",10.00,E,N,A,-,Y,,,,,,,,,,N,2,0,1,2,A,-,09,21801,A,N,H,G,A,A,H,-,A,D,0,,Y,,,Y,,A,01,1,0,0,0,0,0,1,0,0,"- ","- ",34.451129913330078,-119.76290130615234,"SANTA BARBARA",UNINCORPORATED,-119.76230621337891,34.451335906982422
92416516,2024,2024-06-17,9760,2024-06-16,2245,023267,,7,3,9,4200,0,3,5,,2,005,"DEL PLAYA DRIVE","CAMINO DEL SUR",230.00,W,N,A,-,N,,,,,,,,,,N,2,0,2,2,A,-,00,21221,,N,C,E,A,A,H,-,C,D,0,,,,,Y,Y,M,94,1,1,0,0,0,0,0,0,0,"- ","- ",34.409820556640625,-119.86358642578125,"SANTA BARBARA",UNINCORPORATED,-119.86334991455078,34.409778594970703
92417538,2024,2024-06-18,9750,2024-06-07,1245,015915,,5,1,9,4200,0,3,5,,2,030,"FOXEN CANYON ROAD","ALISOS CANYON ROAD",17424.00,N,N,A,-,N,,,,,,,,,,N,2,0,1,1,A,-,08,22107,,N,F,A,A,A,H,-,A,D,0,,,,,Y,,A,07,1,0,0,0,0,0,0,0,0,"- ","- ",34.808578491210938,-120.20915985107422,"SANTA BARBARA",UNINCORPORATED,-120.19983673095703,34.803966522216797
92444581,2024,2024-07-22,9760,2024-07-13,1959,023267,,6,2,9,4200,0,1,2,,1,040,"US-101 SB","ARROYO QUEMADA LN",465.00,S,N,A,-,Y,SB,,101," "," ",40.189,H,,L,N,2,0,1,1,A,-,08,22107,,N,E,I,A,A,H,-,A,D,0,,,,Y,Y,,G,25,1,0,0,0,0,0,0,0,0,"- ","- ",34.472618103027344,-120.12619018554688,"SANTA BARBARA",UNINCORPORATED,-120.12619781494141,34.472549438476562
9245596,2021,2021-04-12,4200,2021-02-21,1150,2752,12,7,5,2,4206,0,0,0,,0,,"MISSION DR","1ST ST",244.00,W,N,A,-,Y,SB,5,246,-,-,29.530,H,-,W,Y,2,0,1,2,A,-,01,23152,F,N,G,B,C,A,H,-,A,A,0,Y,,,,Y,,A,01,1,0,0,0,1,0,0,0,0,"- ","- ",,,"SANTA BARBARA",SOLVANG,-120.14021301269531,34.596023559570312
9265524,2021,2021-05-24,4200,2021-01-17,1756,5460,14,7,5,4,4214,0,0,0,,0,050,"CATHEDRAL OAKS RD","ARUNDEL RD",67.00,E,N,A,-,N,,,,,,,,,,Y,2,0,4,3,A,-,17,23109,A,N,E,I,A,A,H,-,C,D,0,,,,,Y,,A,01,2,1,1,0,0,0,0,0,0,"- ","- ",,,"SANTA BARBARA",GOLETA,-119.82443237304688,34.451148986816406
9286424,2020,2021-08-06,4200,2020-02-13,0747,3636,14,4,5,3,4205,0,0,0,,0,040,"FOOTHILL RD","FOOTHILL RD 4800",67.00,W,N,A,F,Y,SB,5,192,-,-,17.250,H,-,E,Y,2,0,2,3,A,-,10,21950,,N,G,B,C,A,H,-,A,A,0,Y,,,,Y,,-,,1,1,0,0,2,0,0,0,0,"- ","- ",,,"SANTA BARBARA",CARPINTERIA,-119.51708221435547,34.409267425537109
9291887,2020,2021-07-14,4200,2020-12-22,0801,5509,10,2,5,3,4205,0,0,0,,0,030,"BAILARD AV","VIA REAL",0.00,,Y,A,-,N,,,,,,,,,,Y,2,0,1,2,A,-,12,22450,A,N,A,C,A,A,H,-,A,D,0,,,,,Y,,A,01,1,0,0,0,0,0,0,0,0,"- ","- ",,,"SANTA BARBARA",CARPINTERIA,-119.49755859375,34.389209747314453
9306179,2021,2021-09-30,4203,2021-08-01,1715,25107,15,7,5,5,4203,0,0,0,,0,002,"SHORELINE DR","LOMA ALTA DR",0.00,,Y,A,-,N,,,,,,,,,,N,2,0,1,2,A,-,08,22107,,N,H,G,A,A,H,-,A,A,0,,Y,,Y,Y,Y,F,26,1,0,0,0,0,0,1,0,0,"- ","- ",34.4031982421875,-119.69779968261719,"SANTA BARBARA","SANTA BARBARA",-119.69773864746094,34.403202056884766
93163203,2024,2024-08-01,9760,2024-07-19,1840,023546,,5,2,9,4200,0,2,4,,1,021,"US-101 SOUTHBOUND","STATE STREET",0.00,,Y,A,-,N,,,,,,,,,,Y,2,0,1,3,A,-,01,23152,A,N,D,C,A,A,H,-,A,A,0,,,,,Y,Y,D,22,1,0,0,0,0,0,0,0,0,"- ","- ",34.440639495849609,-119.76161956787109,"SANTA BARBARA",UNINCORPORATED,-119.75582122802734,34.440273284912109
9318314,2021,2021-11-04,4200,2021-09-02,1551,1267,14,4,5,4,4214,0,0,0,,0,080,"HOLLISTER AV","SANTA BARBARA SHORES DR",0.00,,Y,A,-,N,,,,,,,,,,N,2,0,1,2,A,-,09,21802,A,N,H,G,A,A,H,-,A,A,0,,Y,,,Y,,L,04,1,0,0,0,0,0,1,0,0,"- ","- ",,,"SANTA BARBARA",GOLETA,-119.89334869384766,34.429759979248047
9320195,2021,2023-06-17,4204,2021-05-30,0315,90139,,7,5,5,4204,0,0,0,,0,,"COLLEGE DR","MCCOY LN",0.00,,Y,A,-,N,,,,,,,,,,N,1,1,0,1,A,-,03,22350,,N,E,I,A,A,H,-,C,A,0,,,Y,,Y,,C,02,0,0,0,0,0,0,0,1,0,"- ","- ",34.916481018066406,-120.4246826171875,"SANTA BARBARA","SANTA MARIA",-120.42489500000001,34.916390999999997
9320526,2021,2022-03-24,4203,2021-11-27,1355,24576,44,6,5,5,4203,0,0,0,,0,003,"SALISPUEDES ST","ORTEGA ST",361.00,S,N,A,-,N,,,,,,,,,,Y,1,1,1,4,A,-,01,23152,A,N,C,C,A,A,H,-,A,A,0,,,Y,,Y,Y,A,07,0,1,0,0,0,0,0,1,0,"- ","- ",34.424060821533203,-119.68998718261719,"SANTA BARBARA","SANTA BARBARA",-119.69039916992188,34.424411773681641
9322054,2021,2021-09-29,4200,2021-07-18,1912,5184,14,7,5,4,4214,0,0,0,,0,080,"STORKE RD","HOLLISTER AV",925.00,N,N,A,-,N,,,,,,,,,,Y,2,0,1,2,A,-,03,22350,,N,C,C,A,A,H,-,A,D,0,,,Y,,Y,Y,C,02,1,0,0,0,0,0,0,0,1,"- ","- ",,,"SANTA BARBARA",GOLETA,-119.87000274658203,34.432598114013672
9350314,2021,2021-10-22,4204,2021-09-28,1858,90242,12,2,5,5,4204,0,0,0,,0,002,"MILLER ST","ORANGE ST",0.00,,Y,A,-,N,,,,,,,,,,N,2,0,2,2,A,-,08,21460,5,N,D,C,A,A,H,-,A,D,0,,,Y,,Y,Y,C,02,1,0,1,0,0,0,0,0,1,"- ","- ",34.947708129882812,-120.43222045898438,"SANTA BARBARA","SANTA MARIA",-120.43148803710938,34.948890686035156
9351171,2021,2021-11-17,4204,2021-10-13,0756,90276,003,3,5,5,4204,0,0,0,,0,001,"RAILROAD AV","EL CAMINO ST",12.00,N,N,A,-,N,,,,,,,,,,Y,2,0,1,2,A,-,11,21950,B,N,G,B,B,A,H,-,A,A,0,Y,,,,Y,,N,60,1,0,0,0,1,0,0,0,0,"- ","- ",34.95880126953125,-120.44464874267578,"SANTA BARBARA","SANTA MARIA",-120.44460296630859,34.958683013916016
9364970,2021,2022-01-03,4204,2021-11-23,0800,90269,15,2,5,5,4204,0,0,0,,0,003,"BETTERAVIA RD","MEREDITH LN",100.00,E,N,A,-,N,,,,,,,,,,Y,2,0,1,2,A,-,09,21801,A,N,A,C,A,A,H,-,A,D,0,,,Y,,Y,,A,07,1,0,0,0,0,0,0,0,1,"- ","- ",34.920600891113281,-120.45008087158203,"SANTA BARBARA","SANTA MARIA",-120.44980621337891,34.920600891113281
9412453,2022,2022-03-01,4200,2022-02-08,1540,1267,14,2,5,4,4214,0,0,0,,0,050,"CATHEDRAL OAKS RD","FAIRVIEW AV",851.00,E,N,A,-,N,,,,,,,,,,N,2,0,1,2,A,-,11,21954,A,N,G,B,D,A,-,-,A,D,0,Y,,,,Y,,N,60,1,0,0,0,1,0,0,0,0,"- ","- ",,,"SANTA BARBARA",GOLETA,-119.82788848876953,34.451358795166016
9427253,2022,2022-04-13,4203,2022-03-21,1737,2058,41,1,5,5,4203,0,0,0,,0,004,"CHAPALA ST","CANON PERDIDO ST",0.00,,Y,A,-,N,,,,,,,,,,N,2,0,1,2,A,-,09,21801,A,N,D,C,A,A,H,-,A,A,0,,,Y,,Y,,A,01,1,0,0,0,0,0,0,0,1,"- ","- ",34.419471740722656,-119.70165252685547,"SANTA BARBARA","SANTA BARBARA",-119.70174407958984,34.419475555419922
9428785,2022,2022-05-10,4203,2022-04-07,1420,25912,52,4,5,5,4203,0,0,0,,0,005,"STATE ST","LAS POSITAS RD",0.00,,Y,A,-,N,,,,,,,,,,Y,2,0,1,2,A,-,12,21453,A,N,D,C,A,A,H,-,A,A,0,,,,,Y,,A,07,1,0,0,0,0,0,0,0,0,"- ","- ",34.440441131591797,-119.73426818847656,"SANTA BARBARA","SANTA BARBARA",-119.73423767089844,34.440364837646484
94353125,2024,2024-08-13,9755,2024-08-05,"920 ",023976,,1,1,9,4200,0,1,3,,1,053,SR-246,"WINDMILL BOB RD",55.00,W,N,A,-,Y,SB,,246," ",R,24.607,H,,R,Y,2,0,3,2,A,-,08,22107,,N,D,C,A,A,H,-,A,D,0,,,,,Y,,A,07,1,1,1,0,0,0,0,0,0,"- ","- ",34.622451782226562,-120.21623229980469,"SANTA BARBARA",UNINCORPORATED,-120.21631622314453,34.622318267822266
94432663,2024,2024-10-16,9760,2024-10-07,1951,023965,,1,2,4,4214,0,1,2,,1,030,"US-101 NORTHBOUND","WINCHESTER CANYON ROAD",1135.00,S,N,E,-,Y,SB,,101," "," ",26.348,H,,R,Y,2,0,4,2,A,-,01,23152,A,N,C,2,A,A,H,-,D,D,0,,,,,Y,Y,A,01,1,3,0,0,0,0,0,0,0,"- ","- ",34.432498931884766,-119.89665985107422,"SANTA BARBARA",GOLETA,-119.89665985107422,34.432487487792969
94455337,2024,2024-11-01,9755,2024-10-29,"655 ",024035,,2,1,9,4200,0,1,2,,2,004,"US-101 S/B",SR-1,6864.00,N,N,B,-,Y,SB,,101," ",R,50.212,H,,L,Y,2,0,1,1,A,-,01,23152,F,N,E,8,A,A,H,-,B,D,0,,,,,Y,,A,08,1,0,0,0,0,0,0,0,0,"- ","- ",34.523578643798828,-120.20993804931641,"SANTA BARBARA",UNINCORPORATED,-120.20989990234375,34.523502349853516
9449605,2022,2022-06-08,4200,2022-05-18,1555,1267,14,3,5,4,4214,0,0,0,,0,080,"HOLLISTER AV","FAIRVIEW AV",93.00,W,N,A,-,N,,,,,,,,,,Y,2,0,1,2,A,-,08,22107,,N,F,A,A,A,H,-,A,A,0,,,Y,,Y,,C,02,1,0,0,0,0,0,0,0,1,"- ","- ",,,"SANTA BARBARA",GOLETA,-119.83095550537109,34.436111450195312
94537695,2024,2025-01-14,9750,2024-12-16,1420,020907,,1,2,9,4200,0,3,5,,2,030,"E. CLARK AVENUE","ERIE WAY",3168.00,E,N,A,-,N,,,,,,,,,,Y,1,2,3,3,A,-,03,22350,,N,C,C,A,A,H,-,A,D,0,,,,Y,Y,,G,26,1,0,2,0,0,0,0,0,0,"- ","- ",34.865131378173828,-120.36563110351562,"SANTA BARBARA",UNINCORPORATED,-120.36662292480469,34.865161895751953
94550036,2025,2025-01-27,9760,2025-01-17,1755,023913,,5,2,9,4200,0,3,5,,2,005,"STORKE RD","EL COLEGIO RD",223.00,N,N,A,-,N,,,,,,,,,,N,2,0,2,2,A,-,05,21650,,N,H,G,A,A,H,-,C,D,0,,Y,,,Y,,M,91,1,1,0,0,0,0,1,0,0,"- ","- ",34.418079376220703,-119.86982727050781,"SANTA BARBARA",UNINCORPORATED,-119.86978149414062,34.417961120605469
9455628,2022,2022-06-29,4203,2022-06-03,1727,22859,5,5,5,5,4203,0,0,0,,0,005,"CANON DR","CHUPAROSA DR",29.00,E,N,A,-,N,,,,,,,,,,Y,2,0,3,3,A,-,01,23152,B,N,A,C,A,A,H,-,A,D,0,,,,,Y,Y,A,01,3,0,0,0,0,0,0,0,0,"- ","- ",34.443168640136719,-119.73635864257812,"SANTA BARBARA","SANTA BARBARA",-119.73640441894531,34.443077087402344
94569343,2025,2025-02-06,9760,2025-02-01,1515,021018,,6,2,9,4200,0,3,5,,2,001,"GIBRALTAR ROAD","E CAMINO CIELO",5280.00,S,N,A,-,N,,,,,,,,,,Y,2,0,2,1,A,-,01,23152,A,N,F,A,A,A,H,-,A,D,0,,,,,Y,Y,A,01,1,1,0,0,0,0,0,0,0,"- ","- ",34.480850219726562,-119.68147277832031,"SANTA BARBARA",UNINCORPORATED,-119.68359375,34.481407165527344
94613899,2025,2025-03-24,9760,2025-03-17,"10  ",023326,,1,3,9,4200,0,1,3,,2,027,"SR-217 EASTBOUND","PATTERSON AVENUE",1056.00,W,N,A,-,Y,SB,,217," "," ",2.764,H,,R,N,2,0,1,1,A,-,01,23152,A,N,E,8,A,A,H,-,C,D,0,,,,,Y,Y,A,01,1,0,0,0,0,0,0,0,0,"- ","- ",34.441261291503906,-119.8125,"SANTA BARBARA",UNINCORPORATED,-119.81246948242188,34.441204071044922
94646130,2024,2025-04-11,9750,2024-09-23,1150,015514,,1,1,9,4200,0,1,3,,1,021,"SR-135 N/B (ORCUTT EXPRESSWAY)","E. FOSTER ROAD",50.00,S,N,A,-,Y,SB,,135," "," ",10.944,H,,R,Y,1,1,1,2,A,-,08,22107,,N,A,C,A,A,H,-,A,A,0,,,,,Y,,A,01,1,0,0,0,0,0,0,0,0,"- ","- ",34.883270263671875,-120.43672180175781,"SANTA BARBARA",UNINCORPORATED,-120.43650054931641,34.883270263671875
9466168,2022,2022-12-27,4203,2022-11-23,1820,24076,12,3,5,5,4203,0,0,0,,0,002,"STATE ST","YANONALI ST",167.00,N,N,A,-,N,,,,,,,,,,N,2,0,1,2,A,-,08,22107,,N,H,G,A,A,H,-,C,D,0,,Y,,,Y,,L,04,1,0,0,0,0,0,1,0,0,"- ","- ",34.430698394775391,-119.7239990234375,"SANTA BARBARA","SANTA BARBARA",-119.69206237792969,34.414302825927734
94669772,2025,2025-04-30,9760,2025-04-14,1641,020965,,1,2,9,4200,0,3,5,,2,003,"VEREDA NUEVA","VEREDA DEL CIERVO",50.00,E,N,A,-,N,,,,,,,,,,N,2,0,1,3,A,-,13,22515,A,N,B,2,A,A,H,-,A,D,0,,,,,Y,,D,22,1,0,0,0,0,0,0,0,0,"- ","- ",34.450149536132812,-119.91721343994141,"SANTA BARBARA",UNINCORPORATED,,
9473250,2022,2022-08-05,4203,2022-07-10,2154,26222,15,7,5,5,4203,0,0,0,,0,002,"SHORELINE DR","CASTILLO ST",249.00,W,N,A,-,N,,,,,,,,,,N,2,0,1,2,A,-,11,21456,B,N,G,B,C,A,H,-,C,A,0,Y,,,,Y,,N,60,1,0,0,0,1,0,0,0,0,"- ","- ",34.406040191650391,-119.68946075439453,"SANTA BARBARA","SANTA BARBARA",-119.69432830810547,34.407485961914062
9499984,2022,2022-09-30,4203,2022-09-13,2252,25107,21,2,5,5,4203,0,0,0,,0,006,"W CARRILLO ST","SAN ANDRES ST",115.00,W,N,A,-,N,,,,,,,,,,Y,2,0,1,2,A,-,09,21801,A,N,E,I,A,A,H,-,C,A,0,,,,,Y,,A,01,1,0,0,0,0,0,0,0,0,"- ","- ",34.414798736572266,-119.71140289306641,"SANTA BARBARA","SANTA BARBARA",-119.71101379394531,34.414718627929688
9520849,2022,2023-08-22,4204,2022-02-01,1848,91170,,2,5,5,4204,0,0,0,,0,002,"ALVIN AV","BETH CT",50.00,W,N,A,-,N,,,,,,,,,,Y,1,1,1,2,A,-,05,21650,,N,A,C,A,A,H,-,C,D,0,,,,Y,Y,,A,01,0,0,1,0,0,0,0,0,0,"- ","- ",34.959159851074219,-120.42700958251953,"SANTA BARBARA","SANTA MARIA",-120.42776489257812,34.960418701171875
9536135,2022,2023-01-04,4204,2022-08-16,1310,22000,011,2,5,5,4204,0,0,0,,0,002,BROADWAY,"LIBERTY ST",100.00,S,N,A,-,Y,SB,5,135,-,-,14.800,H,-,S,Y,2,0,1,2,A,-,03,22350,,N,D,C,A,A,H,-,A,D,0,,,Y,,Y,,C,02,1,0,0,0,0,0,0,0,1,"- ","- ",34.938179016113281,-120.43605041503906,"SANTA BARBARA","SANTA MARIA",-120.43609619140625,34.938888549804688
9548635,2022,2023-02-27,4202,2022-12-17,1801,80871,4202,6,5,4,4202,0,0,0,,0,,"RT 1","PINE AV",629.00,S,N,A,-,Y,SB,5,1,-,-,21.210,H,-,N,Y,2,0,1,2,A,-,11,21954,A,N,G,B,D,A,H,-,C,D,0,Y,,,,Y,,N,60,1,0,0,0,1,0,0,0,0,"- ","- ",,,"SANTA BARBARA",LOMPOC,-120.45774078369141,34.648319244384766