CASE_ID,ACCIDENT_YEAR,PROC_DATE,JURIS,COLLISION_DATE,COLLISION_TIME,OFFICER_ID,REPORTING_DISTRICT,DAY_OF_WEEK,CHP_SHIFT,POPULATION,CNTY_CITY_LOC,SPECIAL_COND,BEAT_TYPE,CHP_BEAT_TYPE,CITY_DIVISION_LAPD,CHP_BEAT_CLASS,BEAT_NUMBER,PRIMARY_RD,SECONDARY_RD,DISTANCE,DIRECTION,INTERSECTION,WEATHER_1,WEATHER_2,STATE_HWY_IND,CALTRANS_COUNTY,CALTRANS_DISTRICT,STATE_ROUTE,ROUTE_SUFFIX,POSTMILE_PREFIX,POSTMILE,LOCATION_TYPE,RAMP_INTERSECTION,SIDE_OF_HWY,TOW_AWAY,COLLISION_SEVERITY,NUMBER_KILLED,NUMBER_INJURED,PARTY_COUNT,PRIMARY_COLL_FACTOR,PCF_CODE_OF_VIOL,PCF_VIOL_CATEGORY,PCF_VIOLATION,PCF_VIOL_SUBSECTION,HIT_AND_RUN,TYPE_OF_COLLISION,MVIW,PED_ACTION,ROAD_SURFACE,ROAD_COND_1,ROAD_COND_2,LIGHTING,CONTROL_DEVICE,CHP_ROAD_TYPE,PEDESTRIAN_ACCIDENT,BICYCLE_ACCIDENT,MOTORCYCLE_ACCIDENT,TRUCK_ACCIDENT,NOT_PRIVATE_PROPERTY,ALCOHOL_INVOLVED,STWD_VEHTYPE_AT_FAULT,CHP_VEHTYPE_AT_FAULT,COUNT_SEVERE_INJ,COUNT_VISIBLE_INJ,COUNT_COMPLAINT_PAIN,COUNT_PED_KILLED,COUNT_PED_INJURED,COUNT_BICYCLIST_KILLED,COUNT_BICYCLIST_INJURED,COUNT_MC_KILLED,COUNT_MC_INJURED,PRIMARY_RAMP,SECONDARY_RAMP,LATITUDE,LONGITUDE,COUNTY,CITY,POINT_X,POINT_Y
9571738,2023,2023-04-28,4203,2023-03-30,1202,25912,30,4,5,5,4203,0,0,0,,0,004,"DE LA VINA ST","COTA ST",0.00,,Y,B,-,N,,,,,,,,,,Y,2,0,1,2,D,-,00,,,N,D,C,A,A,H,-,A,A,0,,,Y,,Y,,-,"- ",1,0,0,0,0,0,0,0,1,"- ","- ",34.413669586181641,-119.69448089599609,"SANTA BARBARA","SANTA BARBARA",-119.69906616210938,34.415622711181641
9583171,2023,2023-07-10,4203,2023-05-27,2145,6110,18,6,5,5,4203,0,0,0,,0,006,"SHORELINE DR","SANTA CRUZ BL",142.00,W,N,A,-,N,,,,,,,,,,N,2,0,1,2,D,-,00,,,N,E,E,A,-,H,-,C,D,0,,,,,Y,,-,"- ",1,0,0,0,0,0,0,0,0,"- ","- ",34.395000457763672,-119.70984649658203,"SANTA BARBARA","SANTA BARBARA",-119.71443939208984,34.396751403808594
9601892,2023,2023-08-15,4203,2023-07-30,"753 ",26946,32,7,5,5,4203,0,0,0,,0,004,"CASTILLO ST","FIGUEROA ST",160.00,N,N,A,-,N,,,,,,,,,,N,2,0,1,2,A,-,09,21804,A,N,H,G,A,A,H,-,A,D,0,,Y,,Y,Y,,L,04,1,0,0,0,0,0,1,0,0,"- ","- ",34.418281555175781,-119.70764923095703,"SANTA BARBARA","SANTA BARBARA",-119.70809936523438,34.418537139892578
9622917,2023,2024-01-24,4202,2023-09-17,1758,80826,4202,7,5,4,4202,0,0,0,,0,,"N V ST","CHERRY AV",74.00,N,N,A,-,N,,,,,,,,,,N,2,0,1,2,A,-,11,21950,B,N,G,B,E,A,H,-,A,D,0,Y,,,,Y,,N,60,1,0,0,0,1,0,0,0,0,"- ","- ",,,"SANTA BARBARA",LOMPOC,-120.47535705566406,34.651401519775391
9626872,2023,2023-10-25,4201,2023-09-25,1959,3000,,1,5,2,4201,0,0,0,,0,,"NELON DR","MAIN ST",23.00,S,N,A,-,N,,,,,,,,,,N,2,0,1,2,A,-,13,22504,,N,G,D,A,A,H,-,C,D,0,,Y,,,Y,Y,L,04,1,0,0,0,0,0,1,0,0,"- ","- ",34.957588195800781,-120.58113861083984,"SANTA BARBARA",GUADALUPE,-120.58097076416016,34.957599639892578
9654621,2024,2024-03-20,4203,2024-01-20,2326,25595,62,6,5,5,4203,0,0,0,,0,001,"MILPAS ST","HALEY ST",82.00,S,N,A,C,N,,,,,,,,,,Y,2,0,5,3,A,-,01,23153,A,N,C,E,F,B,G,-,C,A,0,Y,,,,Y,Y,A,01,1,3,1,0,1,0,0,0,0,"- ","- ",34.426380157470703,-119.68537139892578,"SANTA BARBARA","SANTA BARBARA",-119.68517303466797,34.426204681396484
9658729,2024,2024-03-19,4202,2024-01-09,1649,80749,4202,2,5,4,4202,0,0,0,,0,,"L ST","CENTRAL AV",495.00,N,N,A,-,N,,,,,,,,,,N,2,0,1,2,A,-,09,21801,A,N,D,C,A,A,H,-,A,D,0,,,Y,,Y,,D,22,1,0,0,0,0,0,0,0,1,"- ","- ",,,"SANTA BARBARA",LOMPOC,-120.46204376220703,34.662189483642578
9658733,2024,2024-03-20,4202,2024-01-10,"545 ",80737,4202,3,5,4,4202,0,0,0,,0,,"NORTH AV","H ST",230.00,E,N,A,-,N,,,,,,,,,,N,2,0,1,2,A,-,00,21954,,N,G,B,D,A,H,-,C,A,0,Y,,,,Y,,D,22,1,0,0,0,1,0,0,0,0,"- ","- ",,,"SANTA BARBARA",LOMPOC,-120.45771789550781,34.653388977050781
9713549,2024,2024-07-09,4202,2024-04-03,1752,230,4202,3,5,4,4202,0,0,0,,0,,"C ST","PINE AV",0.00,,Y,A,-,N,,,,,,,,,,N,2,0,1,3,A,-,12,22450,A,N,D,G,A,A,H,-,A,A,0,,Y,,,Y,,L,04,1,0,0,0,0,0,1,0,0,"- ","- ",,,"SANTA BARBARA",LOMPOC,-120.45140838623047,34.650154113769531
9732700,2024,2024-09-23,4203,2024-08-10,"831 ",26177,62,6,5,5,4203,0,0,0,,0,001,"N MILPAS ST","E GUTIERREZ ST",0.00,,Y,A,-,N,,,,,,,,,,Y,2,0,4,3,A,-,12,21453,A,N,D,C,A,A,H,-,A,A,0,,,,,Y,,A,01,1,3,0,0,0,0,0,0,0,"- ","- ",34.425411224365234,-119.68406677246094,"SANTA BARBARA","SANTA BARBARA",-119.68405914306641,34.425388336181641
9736327,2024,2024-09-24,4203,2024-08-25,1518,24079,61,7,5,5,4203,0,0,0,,0,001,"MILPAS ST","ALPHONSE ST",25.00,N,N,A,-,N,,,,,,,,,,Y,2,0,2,2,A,-,03,22350,,N,C,C,A,A,H,-,A,D,0,,,,,Y,,A,01,1,0,1,0,0,0,0,0,0,"- ","- ",33.442779541015625,-119.68724060058594,"SANTA BARBARA","SANTA BARBARA",-119.68732452392578,34.427776336669922
9745584,2024,2024-10-28,4203,2024-06-06,1641,27210,27,4,5,5,4203,0,0,0,,0,006,"CLIFF DR","ALAN RD",1000.00,W,N,A,-,N,,,,,,,,,,N,2,0,1,1,A,-,03,22350,,N,H,G,A,A,B,-,A,D,0,,Y,,,Y,,L,04,1,0,0,0,0,0,1,0,0,"- ","- ",34.403999328613281,-119.74089813232422,"SANTA BARBARA","SANTA BARBARA",-119.74363708496094,34.404010772705078
9751565,2024,2024-11-07,4203,2024-08-12,1653,25674,11,1,5,5,4203,0,0,0,,0,003,"MILPAS ST","CACIQUE ST",50.00,N,N,A,-,N,,,,,,,,,,N,2,0,1,2,D,-,00,,,F,B,G,A,A,H,-,A,D,0,,Y,,,Y,,-,"- ",1,0,0,0,0,0,1,0,0,"- ","- ",34.419910430908203,-119.67649078369141,"SANTA BARBARA","SANTA BARBARA",-119.67647552490234,34.41986083984375
9775604,2024,2025-02-03,4203,2024-05-28,1406,2106,43,2,5,5,4203,0,0,0,,0,003,"100 E COTA ST","SANTA BARBARA ST",54.00,W,N,A,-,N,,,,,,,,,,N,2,0,1,1,A,-,03,22350,,N,H,G,A,A,G,-,A,A,0,,Y,,,Y,,L,04,1,0,0,0,0,0,1,0,0,"- ","- ",34.419921875,-119.69455718994141,"SANTA BARBARA","SANTA BARBARA",-119.69461822509766,34.419780731201172
9816614,2025,2025-06-05,4200,2025-04-25,2005,5108,12,5,5,3,4205,0,0,0,,0,040,"VIA REAL","VIA REAL 4160",0.00,,-,A,-,N,,,,,,,,,,N,2,0,1,1,A,-,03,22350,,N,H,-,A,A,G,-,C,D,0,,Y,,,Y,Y,L,04,1,0,0,0,0,0,1,0,0,"- ","- ",,,"SANTA BARBARA",CARPINTERIA,-119.48921966552734,34.390384674072266
9819290,2025,2025-07-30,4203,2025-06-21,1933,26223,40,6,5,5,4203,0,0,0,,0,004,"STATE ST","GUTIERREZ ST",10.00,N,N,A,-,N,,,,,,,,,,Y,2,0,2,1,A,-,01,23152,A,N,F,A,A,A,H,-,A,A,0,,,Y,,Y,Y,C,02,1,1,0,0,0,0,0,0,2,"- ","- ",34.415748596191406,-119.69419860839844,"SANTA BARBARA","SANTA BARBARA",-119.69424438476562,34.415885925292969
9866823,2025,2025-08-21,4204,2025-01-04,1812,90343,,6,5,5,4204,0,0,0,,0,002,"MAIN ST","RUSSELL AV",0.00,,Y,A,-,N,,,,,,,,,,N,1,1,0,2,A,-,11,21954,A,N,G,B,B,A,H,-,C,A,0,Y,,,,Y,,N,60,0,0,0,1,0,0,0,0,0,"- ","- ",34.953121185302734,-120.45155334472656,"SANTA BARBARA","SANTA MARIA",-120.45150756835938,34.953292846679688
5912224,2014,2014-04-18,9760,2014-02-26,1438,12518,,3,2,9,4200,0,1,3,,1,022,"RT 154","SAN ANTONIO CREEK RD",1056.00,W,N,B,C,Y,SB,5,154,-,-,29.760,H,-,E,Y,1,1,1,2,A,-,03,22350,,N,D,C,A,B,H,-,A,A,0,,,,,Y,,A,01,1,0,0,0,0,0,0,0,0,"- ","- ",34.470739999999999,-119.77798,"SANTA BARBARA",UNINCORPORATED,-119.77802585000001,34.470849440000002
6290488,2014,2014-05-14,9755,2014-01-30,0658,16999,,4,1,9,4200,0,1,3,,1,051,"RT 1","JALAMA RD",4435.00,N,N,C,-,Y,SB,5,1,-,-,1.570,H,-,N,Y,1,2,1,2,A,-,05,21460,A,N,A,C,A,B,H,-,B,D,0,,,,,Y,,A,01,1,0,0,0,0,0,0,0,0,"- ","- ",34.598869999999998,-120.41767,"SANTA BARBARA",UNINCORPORATED,-120.23008036,34.510655829999997
6290646,2014,2014-05-30,9755,2014-03-09,1945,17884,,7,2,9,4200,0,3,5,,2,050,"SAN MIGUELITO RD","WILLOW AV",10560.00,S,N,A,-,N,,,,,,,,,,N,1,1,0,2,A,-,11,21956,A,N,G,B,E,A,H,-,D,D,0,Y,,,,Y,Y,N,60,0,0,0,1,0,0,0,0,0,"- ","- ",34.60389,-120.4639,"SANTA BARBARA",UNINCORPORATED,-120.46394954,34.603533929999998
6292538,2015,2017-04-04,4200,2015-04-26,0400,3077,14,7,5,4,4214,0,0,0,,0,050,"LOS CARNEROS RD","RT 101",122.00,N,N,B,-,Y,SB,5,101,-,-,23.520,R,4,N,Y,1,1,0,2,A,-,01,23152,E,N,G,B,F,A,H,-,C,D,0,Y,,,,Y,Y,A,01,0,0,0,1,0,0,0,0,0,"- ",NF,,,"SANTA BARBARA",GOLETA,-119.8495558,34.437935699999997
6292768,2015,2016-04-19,4204,2015-12-15,1125,18261,40,2,5,5,4204,0,0,0,,0,002,COOK,"BLOSSER RD",270.00,W,N,A,-,N,,,,,,,,,,N,1,1,0,2,A,-,11,21954,A,N,G,B,-,-,-,-,A,-,0,Y,,,Y,Y,,N,60,0,0,0,1,0,0,0,0,0,"- ","- ",34.9495,-120.4539,"SANTA BARBARA","SANTA MARIA",-120.45467068000001,34.94962512
6353575,2014,2014-06-16,4203,2014-01-05,1459,6978,,7,5,5,4203,0,0,0,,0,006,"W MISSION ST","SAN PASCUAL",0.00,W,N,A,-,N,,,,,,,,,,N,2,0,2,2,A,-,03,22350,,N,C,C,A,A,H,-,A,D,0,,,Y,,Y,,C,02,1,0,1,0,0,0,0,0,1,"- ","- ",34.252749999999999,-119.43173,"SANTA BARBARA","SANTA BARBARA",-119.72134993,34.4244901
6363828,2014,2014-06-23,4203,2014-01-28,0953,2520,4203,2,5,5,4203,0,0,0,,0,006,"BARRANCA AV","DEL SOL AV",0.00,,Y,A,-,N,,,,,,,,,,Y,2,0,1,2,A,-,09,21802,B,N,D,C,A,A,H,-,A,D,0,,,,,Y,,-,,1,0,0,0,0,0,0,0,0,"- ","- ",,,"SANTA BARBARA","SANTA BARBARA",-119.70491989999999,34.402760069999999
6401407,2014,2016-03-05,4200,2014-01-18,1745,4652,,6,5,2,4206,0,0,0,,0,,"RT 246","SKYTT MESA DR",953.00,E,N,A,-,Y,SB,5,246,-,-,28.790,H,-,W,N,2,0,1,1,A,-,08,22107,,N,H,A,A,A,C,E,B,D,0,,Y,,,Y,Y,L,04,1,0,0,0,0,0,1,0,0,"- ","- ",,,"SANTA BARBARA",SOLVANG,-120.15214654,34.594147800000002
6410491,2014,2014-06-11,4204,2014-01-30,0327,90239,007,4,5,5,4204,0,0,0,,0,001,RAILROAD,CRESTON,0.00,,Y,C,E,N,,,,,,,,,,Y,2,0,1,1,A,-,01,23152,A,N,E,I,A,B,H,-,C,A,0,,,,,Y,Y,A,01,1,0,0,0,0,0,0,0,0,"- ","- ",,,"SANTA BARBARA","SANTA MARIA",-120.44445,34.97139
6426233,2014,2014-06-27,4202,2014-03-18,1747,265,LOMPO,2,5,4,4202,0,0,0,,0,4202,"C ST","OLIVE AV",281.00,S,N,A,-,N,,,,,,,,,,Y,2,0,1,2,A,-,"- ",,,N,E,D,A,A,H,-,A,D,0,,,,,Y,Y,A,01,1,0,0,0,0,0,0,0,0,"- ","- ",,,"SANTA BARBARA",LOMPOC,-120.45162041,34.633298179999997
6446288,2014,2014-07-02,4203,2014-03-25,1411,2661,,2,5,5,4203,0,0,0,,0,003,"HALEY ST","SANTA BARBARA ST",20.00,E,N,A,-,N,,,,,,,,,,N,2,0,1,2,A,-,08,22100,B,N,B,C,A,A,H,-,A,A,0,,,,,Y,,-,,1,0,0,0,0,0,0,0,0,"- ","- ",34.256,-119.4132,"SANTA BARBARA","SANTA BARBARA",-119.69318547,34.419000660000002
6480000,2014,2016-04-05,4204,2014-04-30,2021,20894,33,3,5,5,4204,0,0,0,,0,002,MAIN,PINE,0.00,,Y,A,-,Y,SB,5,166,-,-,7.710,I,5,W,Y,2,0,1,2,A,-,01,23153,A,N,D,C,A,A,H,-,C,D,0,,,,,Y,Y,A,01,1,0,0,0,0,0,0,0,0,"- ","- ",,,"SANTA BARBARA","SANTA MARIA",-120.43876517,34.953231369999997
6491806,2014,2016-04-09,9755,2014-04-27,1135,15973,,7,1,9,4200,0,1,3,,1,051,"RT 1","SANTA ROSA RD",1584.00,N,N,B,-,Y,SB,5,1,-,-,18.060,H,-,S,Y,2,0,3,1,A,-,08,22107,,N,F,I,A,A,H,-,A,D,0,,,,,Y,,A,01,1,2,0,0,0,0,0,0,0,"- ","- ",34.624600000000001,-120.43015,"SANTA BARBARA",UNINCORPORATED,-120.43088065000001,34.625499980000001
6505556,2014,2014-07-30,9760,2014-05-17,1615,19397,,6,2,9,4200,0,3,5,,2,001,"E CAMINO CIELO","GIBRALTAR RD",29040.00,E,N,A,-,N,,,,,,,,,,N,2,0,2,1,A,-,08,22107,,N,F,A,A,A,H,-,A,D,0,,,,,Y,,A,07,1,1,0,0,0,0,0,0,0,"- ","- ",34.477089999999997,-119.60966000000001,"SANTA BARBARA",UNINCORPORATED,-119.62100169,34.481938630000002
6508357,2014,2014-07-21,4200,2014-04-05,1855,3940,14,6,5,4,4214,0,0,0,,0,060,ARMITOS,KINMAN,27.00,W,N,A,-,N,,,,,,,,,,N,2,0,1,2,A,-,08,22100,B,N,D,C,A,A,H,-,B,D,0,,,Y,,Y,,C,03,1,0,0,0,0,0,0,0,1,"- ","- ",,,"SANTA BARBARA",GOLETA,-119.82239948,34.43843897
6512874,2014,2014-07-30,4204,2014-05-11,2046,90228,50,7,5,5,4204,0,0,0,,0,002,"BLOSSER RD",BOONE,80.00,S,N,A,-,N,,,,,,,,,,N,2,0,1,2,A,-,11,21950,B,N,G,B,D,A,H,-,C,D,0,Y,,,Y,Y,Y,N,60,1,0,0,0,1,0,0,0,0,"- ","- ",,,"SANTA BARBARA","SANTA MARIA",-120.45381943,34.947290270000003
6524447,2014,2016-04-05,9760,2014-05-31,0435,18491,,6,3,9,4200,0,1,3,,1,022,"RT 154","PAINTED CAVE RD",1990.00,W,N,A,-,Y,SB,5,154,-,-,26.310,H,-,E,Y,2,0,1,1,A,-,08,22107,,N,F,A,A,A,H,-,D,D,0,,,,,Y,,A,01,1,0,0,0,0,0,0,0,0,"- ","- ",34.491399999999999,-119.79537000000001,"SANTA BARBARA",UNINCORPORATED,-119.80032335999999,34.495130930000002
6529104,2014,2014-08-09,4200,2014-06-06,1708,3116,14,5,5,4,4214,0,0,0,,0,050,"LOS CARNEROS RD","CALLE REAL",200.00,S,N,A,-,N,,,,,,,,,,N,2,0,1,2,A,-,08,22107,,M,D,G,A,A,H,-,A,D,0,,Y,,,Y,,-,,1,0,0,0,0,0,1,0,0,"- ","- ",,,"SANTA BARBARA",GOLETA,,
6540860,2014,2014-08-18,4203,2014-07-25,2058,6973,,5,5,5,4203,0,0,0,,0,006,"SAN ANDRES ST","MISSION ST",9.00,S,N,A,-,N,,,,,,,,,,N,2,0,1,2,A,-,10,21950,A,N,G,B,B,A,H,-,C,A,0,Y,,,,Y,,-,,1,0,0,0,1,0,0,0,0,"- ","- ",34.423360000000002,-119.72244000000001,"SANTA BARBARA","SANTA BARBARA",-119.72245748,34.423343809999999
6541094,2014,2014-08-26,9755,2014-07-13,2005,017378,,7,2,9,4200,0,3,5,,2,050,"VIA CORTEZ","VIA DONA",0.00,,Y,A,-,N,,,,,,,,,,N,2,0,1,1,A,-,01,23152,A,N,F,A,A,A,H,-,A,D,0,,,Y,,Y,Y,C,06,1,0,0,0,0,0,0,0,1,"- ","- ",34.686399999999999,-120.43510000000001,"SANTA BARBARA",UNINCORPORATED,-120.43517994,34.686369999999997
6541098,2014,2014-08-26,9755,2014-07-01,1315,017255,,2,1,9,4200,0,3,5,,2,040,"EDISON ST","PINE ST",0.00,,Y,A,-,N,,,,,,,,,,Y,2,0,1,2,A,-,12,22450,A,N,D,C,A,A,H,-,A,A,0,,,Y,,Y,,C,02,1,0,0,0,0,0,0,0,1,"- ","- ",34.615769999999998,-120.08163999999999,"SANTA BARBARA",UNINCORPORATED,-120.08177989000001,34.615790009999998
6542637,2014,2016-04-09,4204,2014-05-23,1039,23656,36,5,5,5,4204,0,0,0,,0,002,MAIN,"COLLEGE DR",0.00,,Y,A,-,Y,SCR,5,152,-,R,1.995,I,5,E,N,2,0,1,2,A,-,10,21950,A,N,G,B,B,A,H,-,A,A,0,Y,,,,Y,,A,01,1,0,0,0,1,0,0,0,0,"- ","- ",,,"SANTA BARBARA","SANTA MARIA",-121.74332817,36.935935399999998
6558562,2014,2015-10-01,4203,2014-06-01,0339,5086,,7,5,5,4203,0,0,0,,0,006,"CLIFF DR","HENDRYS BEACH",180.00,W,N,A,-,N,,,,,,,,,,Y,2,0,4,1,A,-,03,22350,,N,A,I,A,A,H,-,D,-,0,,,,,Y,,-,,1,2,1,0,0,0,0,0,0,"- ","- ",34.241419999999998,-119.44374000000001,"SANTA BARBARA","SANTA BARBARA",,
6558807,2014,2015-12-03,4202,2014-07-05,1606,235,LOMPO,6,5,4,4202,0,0,0,,0,,"O ST","MAPLE AV",0.00,,Y,A,-,N,,,,,,,,,,N,2,0,1,2,A,-,12,22450,,N,D,G,A,A,H,-,A,A,0,,Y,,,Y,Y,L,04,1,0,0,0,0,0,1,0,0,"- ","- ",,,"SANTA BARBARA",LOMPOC,-120.46670994999999,34.645490039999999
6570266,2014,2015-04-02,9755,2014-06-28,1116,018514,,6,1,9,4200,0,3,5,,2,040,"FOXEN CANYON RD","ZACA STATION RD",6336.00,E,N,A,-,N,,,,,,,,,,Y,2,0,1,2,A,-,04,21703,,N,C,C,A,A,H,-,A,D,0,,,Y,,Y,,C,02,1,0,0,0,0,0,0,0,1,"- ","- ",34.740499999999997,-120.12148999999999,"SANTA BARBARA",UNINCORPORATED,-120.1332,34.7241
6578832,2014,2014-09-03,4204,2014-07-27,2205,90273,4204,7,5,5,4204,0,0,0,,0,002,"SOUTH BROADWAY","W STOWELL RD",0.00,,Y,A,-,N,,,,,,,,,,Y,2,0,3,2,A,-,12,21453,A,F,D,C,A,A,H,-,C,A,0,,,,,Y,,A,08,1,1,1,0,0,0,0,0,0,"- ","- ",,,"SANTA BARBARA","SANTA MARIA",-120.43604000000001,34.938499999999998
6588553,2014,2016-05-09,9755,2014-07-29,0137,019800,,2,3,9,4200,0,1,2,,2,004,"RT 101","DAMASSA RD",1056.00,N,N,A,-,Y,SB,5,101,-,R,57.750,H,-,N,Y,2,0,2,1,A,-,08,22107,,N,E,I,A,A,H,-,D,D,1,,,,,Y,,A,01,1,0,1,0,0,0,0,0,0,"- ","- ",34.624009999999998,-120.10075000000001,"SANTA BARBARA",UNINCORPORATED,-120.18916492,34.621294409999997
6589753,2014,2016-05-03,9760,2014-08-10,1315,17674,,7,1,9,4200,0,1,3,,1,022,"RT 154","CATHEDRAL OAKS RD",1314.00,E,N,A,-,Y,SB,5,154,-,R,31.820,H,-,W,Y,2,0,4,2,A,-,05,21460,A,N,D,C,A,A,H,-,A,D,1,,,,,Y,,A,01,1,2,1,0,0,0,0,0,0,"- ","- ",34.448230000000002,-119.75991,"SANTA BARBARA",UNINCORPORATED,-119.7600187,34.447837059999998
6599974,2014,2016-05-03,4202,2014-08-21,0824,291,LOMPO,4,5,4,4202,0,0,0,,0,013,"RT 246","L ST",9.00,E,N,A,-,Y,SB,5,246,-,-,9.280,H,-,E,N,2,0,1,2,A,-,17,21663,,N,G,B,F,A,H,-,A,A,0,Y,,,,Y,,D,22,1,0,0,0,1,0,0,0,0,"- ","- ",,,"SANTA BARBARA",LOMPOC,-120.46367119,34.6389864
6600029,2014,2016-01-15,4200,2014-08-22,1652,4671,14,5,5,2,4212,0,0,0,,0,,"RT 246","RT 101",118.00,S,N,A,-,N,,,,,,,,,,Y,2,0,1,2,A,-,09,21804,A,N,D,C,A,A,H,-,A,A,0,,,Y,,Y,,D,22,1,0,0,0,0,0,0,0,1,"- ",SF,,,"SANTA BARBARA",BUELLTON,-120.19004,34.612029999999997
6612579,2014,2014-09-19,4203,2014-08-27,1945,4732,,3,5,5,4203,0,0,0,,0,004,"CHAPALA ST","HALEY ST",12.00,S,N,A,-,N,,,,,,,,,,Y,2,0,1,2,A,-,08,22100,B,N,D,C,A,A,H,-,C,A,0,,,,,Y,,-,,1,0,0,0,0,0,0,0,0,"- ","- ",34.245600000000003,-119.4148,"SANTA BARBARA","SANTA BARBARA",-119.69661997999999,34.415728399999999
6627082,2014,2016-05-07,4204,2014-08-13,0958,23601,81,3,5,5,4204,0,0,0,,0,003,"MCCOY LN",BROADWAY,0.00,,Y,A,-,Y,SB,5,135,-,-,13.260,I,5,N,Y,2,0,1,2,A,-,12,21453,A,N,D,C,A,A,H,-,A,A,0,,,,,Y,,A,01,1,0,0,0,0,0,0,0,0,"- ","- ",,,"SANTA BARBARA","SANTA MARIA",-120.43591462000001,34.91667082
6633065,2014,2014-09-29,4204,2014-09-17,1150,21846,4204,3,5,5,4204,0,0,0,,0,002,LEMON,SMITH,0.00,,Y,A,-,N,,,,,,,,,,Y,2,0,1,2,A,-,09,21800,A,N,D,C,A,A,H,-,A,A,0,,,,,Y,,-,,1,0,0,0,0,0,0,0,0,"- ","- ",,,"SANTA BARBARA","SANTA MARIA",-120.44260998999999,34.94779011
6648276,2014,2016-05-07,4204,2014-09-06,2020,90242,75,6,5,5,4204,0,0,0,,0,003,BROADWAY,"INGER DR",0.00,,Y,A,-,Y,SB,5,135,-,-,13.950,I,5,N,Y,2,0,1,2,A,-,11,21950,B,N,G,B,D,A,H,-,C,D,0,Y,,,,Y,,N,60,1,0,0,0,1,0,0,0,0,"- ","- ",,,"SANTA BARBARA","SANTA MARIA",-120.43594415,34.926790310000001
6664895,2014,2014-11-13,4203,2014-09-25,0813,3769,,4,5,5,4203,0,0,0,,0,001,"CARPINTERIA ST","VOLUNTARIO ST",10.00,E,N,A,-,N,,,,,,,,,,N,2,0,1,2,D,-,00,,,N,G,B,B,A,H,-,A,A,0,Y,,,,Y,,-,"- ",1,0,0,0,1,0,0,0,0,"- ","- ",34.422829999999998,-119.67531,"SANTA BARBARA","SANTA BARBARA",-119.67534841,34.42280083
6677975,2014,2014-12-15,4204,2014-10-06,1803,90271,SMPD,1,5,5,4204,0,0,0,,0,001,"DONOVAN RD",LINCOLN,33.00,W,N,A,-,N,,,,,,,,,,Y,2,0,1,2,A,-,11,21954,A,N,G,B,D,A,H,-,A,D,0,Y,,,,Y,,N,60,1,0,0,0,1,0,0,0,0,"- ","- ",,,"SANTA BARBARA","SANTA MARIA",-120.43692006000001,34.967702750000001
6678013,2015,2016-01-29,4203,2015-08-25,1809,3197,,2,5,5,4203,0,0,0,,0,001,"E GUTIERREZ ST","SALSIPUEDES ST",81.00,E,N,A,-,N,,,,,,,,,,N,1,1,0,1,A,-,01,21200,5,N,B,G,A,A,H,-,A,D,0,,Y,,,Y,Y,L,04,0,0,0,0,0,1,0,0,0,"- ","- ",34.422730000000001,-119.68749,"SANTA BARBARA","SANTA BARBARA",-119.68724228000001,34.42238665
6690720,2014,2016-06-22,9750,2014-10-19,1910,17616,,7,2,5,4204,0,1,2,,2,001,"RT 101","STOWELL RD",2112.00,N,N,A,-,Y,SB,5,101,-,-,88.000,H,-,S,Y,2,0,2,2,A,-,03,22350,,N,C,C,A,A,H,-,D,D,0,,,,,Y,,A,01,1,0,1,0,0,0,0,0,0,"- ","- ",34.944780000000002,-120.41789,"SANTA BARBARA","SANTA MARIA",-120.41786003999999,34.944089900000002
6718024,2014,2015-01-23,4204,2014-11-14,1452,18261,68,5,5,5,4204,0,0,0,,0,003,BROADWAY,"ENOS DR",0.00,,Y,A,-,Y,SB,5,135,-,-,14.470,I,5,S,Y,1,1,2,3,A,-,"- ",,,N,D,C,F,A,H,-,A,A,0,Y,,,,Y,,A,01,0,1,1,0,1,0,0,0,0,"- ","- ",,,"SANTA BARBARA","SANTA MARIA",-120.4361296,34.93411596
6718559,2014,2015-06-22,9755,2014-07-13,1604,18514,,7,2,9,4200,0,1,3,,1,055,"RT 1","SANTA LUCIA CANYON RD",1056.00,N,N,A,-,Y,SB,5,1,-,R,26.890,H,-,S,Y,1,1,2,1,A,-,07,21658,A,N,F,A,A,A,H,-,A,D,0,,,,,Y,,A,01,0,2,0,0,0,0,0,0,0,"- ","- ",,,"SANTA BARBARA",UNINCORPORATED,-120.48958904,34.71621219
6721819,2014,2016-06-22,9755,2014-11-22,0725,16058,,6,1,9,4200,0,1,2,,2,004,"RT 101","RT 154",5280.00,N,N,A,-,Y,SB,5,101,-,-,19.360,H,-,N,Y,2,0,2,1,A,-,08,22107,,N,E,I,A,A,H,-,A,D,0,,,,,Y,,A,01,1,1,0,0,0,0,0,0,0,"- ","- ",34.701120000000003,-120.16732,"SANTA BARBARA",UNINCORPORATED,-119.77718293,34.442184580000003
6747938,2014,2015-01-30,4202,2014-12-07,1356,292,,7,5,4,4202,0,0,0,,0,,"ARMSTRONG ST","ARCHER ST",325.00,N,N,B,-,N,,,,,,,,,,Y,2,0,1,2,A,-,09,21804,A,N,D,G,A,A,H,-,A,D,0,,Y,,,Y,,L,04,1,0,0,0,0,0,1,0,0,"- ","- ",,,"SANTA BARBARA",LOMPOC,-120.47444,34.655740000000002
6762071,2014,2015-02-11,9755,2014-12-12,0839,017910,,5,1,9,4200,0,1,3,,1,042,"RT 154","EDISON ST",0.00,,Y,B,-,Y,,,154,,,,,,,Y,2,0,1,2,A,-,12,22450,A,N,D,C,A,B,H,-,A,D,0,,,,Y,Y,,G,25,1,0,0,0,0,0,0,0,0,"- ","- ",34.632779999999997,-120.08019,"SANTA BARBARA",UNINCORPORATED,-120.08021616000001,34.632757669999997
6781835,2015,2015-02-20,4203,2015-01-11,1843,6969,,7,5,5,4203,0,0,0,,0,002,"MONTECITO ST","BATH ST",90.00,W,N,B,-,N,,,,,,,,,,N,2,0,1,2,A,-,11,21954,A,F,A,B,D,A,H,-,D,D,0,Y,,,,Y,Y,N,60,1,0,0,0,1,0,0,0,0,"- ","- ",34.253100000000003,-119.42400000000001,"SANTA BARBARA","SANTA BARBARA",-119.69648026,34.411609740000003