CASE_ID,ACCIDENT_YEAR,PROC_DATE,JURIS,COLLISION_DATE,COLLISION_TIME,OFFICER_ID,REPORTING_DISTRICT,DAY_OF_WEEK,CHP_SHIFT,POPULATION,CNTY_CITY_LOC,SPECIAL_COND,BEAT_TYPE,CHP_BEAT_TYPE,CITY_DIVISION_LAPD,CHP_BEAT_CLASS,BEAT_NUMBER,PRIMARY_RD,SECONDARY_RD,DISTANCE,DIRECTION,INTERSECTION,WEATHER_1,WEATHER_2,STATE_HWY_IND,CALTRANS_COUNTY,CALTRANS_DISTRICT,STATE_ROUTE,ROUTE_SUFFIX,POSTMILE_PREFIX,POSTMILE,LOCATION_TYPE,RAMP_INTERSECTION,SIDE_OF_HWY,TOW_AWAY,COLLISION_SEVERITY,NUMBER_KILLED,NUMBER_INJURED,PARTY_COUNT,PRIMARY_COLL_FACTOR,PCF_CODE_OF_VIOL,PCF_VIOL_CATEGORY,PCF_VIOLATION,PCF_VIOL_SUBSECTION,HIT_AND_RUN,TYPE_OF_COLLISION,MVIW,PED_ACTION,ROAD_SURFACE,ROAD_COND_1,ROAD_COND_2,LIGHTING,CONTROL_DEVICE,CHP_ROAD_TYPE,PEDESTRIAN_ACCIDENT,BICYCLE_ACCIDENT,MOTORCYCLE_ACCIDENT,TRUCK_ACCIDENT,NOT_PRIVATE_PROPERTY,ALCOHOL_INVOLVED,STWD_VEHTYPE_AT_FAULT,CHP_VEHTYPE_AT_FAULT,COUNT_SEVERE_INJ,COUNT_VISIBLE_INJ,COUNT_COMPLAINT_PAIN,COUNT_PED_KILLED,COUNT_PED_INJURED,COUNT_BICYCLIST_KILLED,COUNT_BICYCLIST_INJURED,COUNT_MC_KILLED,COUNT_MC_INJURED,PRIMARY_RAMP,SECONDARY_RAMP,LATITUDE,LONGITUDE,COUNTY,CITY,POINT_X,POINT_Y
6797814,2015,2015-02-25,4204,2015-01-22,0650,18261,69,4,5,5,4204,0,0,0,,0,003,"COLLEGE DR","BETTERAVIA RD",760.00,N,N,A,-,N,,,,,,,,,,Y,2,0,1,2,A,-,08,22107,,N,D,G,A,A,H,-,D,D,0,,Y,,,Y,,D,22,1,0,0,0,0,0,1,0,0,"- ","- ",,,"SANTA BARBARA","SANTA MARIA",-120.42494761,34.925734779999999
6799330,2015,2015-02-25,4204,2015-01-23,1959,90228,33,5,5,5,4204,0,0,0,,0,002,PINE,MILL,107.00,S,N,A,-,N,,,,,,,,,,N,2,0,1,2,A,-,11,21950,B,F,G,B,D,A,H,-,D,D,0,Y,,,,Y,Y,N,60,1,0,0,0,1,0,0,0,0,"- ","- ",,,"SANTA BARBARA","SANTA MARIA",-120.43883068,34.955066240000001
6805762,2014,2015-02-18,4200,2014-12-08,0814,3709,,1,5,3,4205,0,0,0,,0,030,"CARPINTERIA AV","DUMP RD",430.00,W,N,A,-,N,,,,,,,,,,N,2,0,1,2,A,-,11,21954,A,N,G,B,D,A,H,-,A,D,0,Y,,,,Y,,N,60,1,0,0,0,1,0,0,0,0,"- ","- ",,,"SANTA BARBARA",CARPINTERIA,-119.50989817,34.392085270000003
6807786,2014,2016-06-22,4200,2014-12-05,2200,3077,14,5,5,4,4214,0,0,0,,0,050,"FAIRVIEW AV","RT 101",98.00,W,N,A,-,Y,SB,5,101,-,-,22.480,R,2,N,Y,2,0,3,2,A,-,08,22107,,N,D,C,A,-,G,-,C,D,0,,,,,Y,,A,01,1,2,0,0,0,0,0,0,0,"- ",NO,,,"SANTA BARBARA",GOLETA,-119.83150654000001,34.439671349999998
6819108,2015,2016-10-28,9760,2015-02-02,0655,16739,,1,1,9,4200,0,1,2,,2,010,"RT 101","EVANS AV",2112.00,N,N,A,-,Y,SB,5,101,-,-,8.290,H,-,S,Y,2,0,1,3,A,-,03,22350,,N,C,C,A,A,H,-,A,D,1,,,,,Y,,D,22,1,0,0,0,0,0,0,0,0,"- ","- ",34.420819999999999,-119.60661,"SANTA BARBARA",UNINCORPORATED,-119.60172602999999,34.421164519999998
6820743,2015,2015-02-27,9760,2015-01-24,1525,020908,,6,2,9,4200,0,3,5,,2,001,"VIA REAL","OCEAN VIEW AV",4.00,S,N,A,-,N,,,,,,,,,,N,2,0,1,1,D,-,00,,,N,F,A,A,A,H,-,A,D,0,,Y,,,Y,,-,"- ",1,0,0,0,0,0,1,0,0,"- ","- ",34.416460000000001,-119.57329,"SANTA BARBARA",UNINCORPORATED,-119.57318273999999,34.416446989999997
6824641,2015,2016-10-28,9760,2015-02-01,2028,019464,,7,2,9,4200,0,1,2,,2,020,"RT 101","EL SUENO RD",55.00,S,N,A,-,Y,SB,5,101,-,-,18.924,R,2,N,Y,2,0,1,1,A,-,01,23152,A,N,E,I,A,A,H,-,C,A,1,,,,,Y,Y,A,01,1,0,0,0,0,0,0,0,0,"- ","- ",34.441240000000001,-119.76929,"SANTA BARBARA",UNINCORPORATED,-119.76970797,34.441031350000003
6824873,2015,2016-09-13,9755,2015-01-24,1018,17884,,6,1,9,4200,0,1,3,,1,042,"RT 154","PARADISE RD",1584.00,W,N,A,-,Y,SB,5,154,-,-,21.290,H,-,W,Y,2,0,1,1,A,-,08,22107,,N,E,I,A,A,H,-,A,D,0,,,Y,,Y,,C,02,1,0,0,0,0,0,0,0,1,"- ","- ",34.546999999999997,-119.88489,"SANTA BARBARA",UNINCORPORATED,-119.86188349,34.535716809999997
6824874,2015,2016-10-28,9755,2015-01-26,2156,17967,,1,2,9,4200,0,1,2,,2,004,"RT 101","SANTA ROSA RD",6864.00,S,N,C,-,Y,SB,5,101,-,-,55.160,H,-,N,Y,2,0,3,3,C,-,18,,,N,B,C,A,B,G,-,D,D,1,,,,,Y,,-,"- ",1,0,2,0,0,0,0,0,0,"- ","- ",34.583930000000002,-120.19315,"SANTA BARBARA",UNINCORPORATED,-120.19233344,34.585023980000003
6837049,2015,2016-10-28,9760,2015-02-08,1615,18019,,7,2,4,4214,0,1,2,,1,030,"RT 101","FAIRVIEW AV",2402.00,N,N,B,-,Y,SB,5,101,-,-,22.990,H,-,N,Y,2,0,1,2,A,-,01,23152,A,N,E,I,A,A,H,-,B,D,1,,,,,Y,Y,A,01,1,0,0,0,0,0,0,0,0,"- ","- ",34.438450000000003,-119.84546,"SANTA BARBARA",GOLETA,-119.84036952,34.438892160000002
6842962,2015,2015-03-17,4204,2015-02-15,1628,18261,75,7,5,5,4204,0,0,0,,0,003,MILLER,"BATTLES RD",0.00,,Y,A,B,N,,,,,,,,,,Y,2,0,3,3,A,-,12,21453,A,N,D,D,A,A,H,-,A,A,0,,,,,Y,,A,01,1,0,2,0,0,0,0,0,0,"- ","- ",,,"SANTA BARBARA","SANTA MARIA",-120.4317799,34.931440070000001
6845607,2015,2015-03-17,4200,2015-02-07,1311,3083,14,6,5,4,4214,0,0,0,,0,060,"STORKE RD","MARKET PLACE DR",126.00,,N,C,-,N,,,,,,,,,,N,2,0,1,3,A,-,03,22350,,N,D,C,F,B,H,-,A,D,0,Y,,,,Y,,A,01,1,0,0,0,1,0,0,0,0,"- ","- ",,,"SANTA BARBARA",GOLETA,-119.86977997,34.428660069999999
6854661,2015,2015-07-16,4202,2015-05-20,1046,239,LOMPO,3,5,4,4202,0,0,0,,0,001,"RT 1","H ST",0.00,,N,A,-,Y,SB,5,1,-,R,23.296,I,5,S,N,1,1,0,2,A,-,03,22350,,N,H,G,A,A,H,-,A,D,0,,Y,,,Y,,L,04,0,0,0,0,0,1,0,0,0,TO,TR,,,"SANTA BARBARA",LOMPOC,-120.45602739,34.678341330000002
6855947,2015,2015-03-30,9760,2015-03-05,0730,020908,,4,1,3,4205,1,4,S,,2,901,"8TH ST","PALM AV",0.00,,Y,A,-,N,,,,,,,,,,N,2,0,1,2,A,-,10,21950,A,N,G,B,B,A,H,-,A,D,0,Y,,,,Y,,H,13,1,0,0,0,1,0,0,0,0,"- ","- ",34.39537,-119.51725999999999,"SANTA BARBARA",CARPINTERIA,-119.51724996999999,34.395360019999998
6867172,2015,2016-09-13,9750,2015-03-21,2345,17616,,6,3,9,4200,0,1,3,,1,023,"RT 135","BELL ST",9504.00,N,N,A,-,Y,SB,5,135,-,-,2.740,H,-,N,Y,2,0,1,1,A,-,01,23152,A,N,F,A,A,A,H,-,D,D,0,,,,,Y,Y,D,22,1,0,0,0,0,0,0,0,0,"- ","- ",34.750439999999998,-120.31577,"SANTA BARBARA",UNINCORPORATED,-120.31725389,34.751536960000003
6870590,2015,2015-04-13,9755,2015-03-22,1749,017910,,7,2,9,4200,0,3,5,,2,040,"BASELINE AV","MORA AV",2640.00,W,N,A,-,N,,,,,,,,,,N,2,0,1,2,A,-,03,22350,,N,G,B,E,A,H,-,A,D,0,Y,,,,Y,,A,01,1,0,0,0,1,0,0,0,0,"- ","- ",34.635469999999998,-120.06135,"SANTA BARBARA",UNINCORPORATED,-120.06041127,34.635465150000002
6877466,2015,2015-04-14,9750,2015-03-20,1100,013267,,5,1,9,4200,0,3,5,,2,030,"FOXEN CANYON RD","ALISOS CANYON RD",3168.00,S,N,A,-,N,,,,,,,,,,N,2,0,1,1,A,-,03,22350,,N,F,A,A,A,G,-,A,D,0,,Y,,,Y,,L,04,1,0,0,0,0,0,1,0,0,"- ","- ",34.775489999999998,-120.14427000000001,"SANTA BARBARA",UNINCORPORATED,-120.14542964,34.775779440000001
6905711,2015,2015-05-15,4202,2015-02-11,0016,230,LOMPO,3,5,4,4202,0,0,0,,0,,"CENTRAL AV","O ST",359.00,E,N,A,-,N,,,,,,,,,,Y,1,1,0,1,A,-,08,22107,,N,E,I,A,A,H,-,C,D,0,,,,,Y,,A,01,0,0,0,0,0,0,0,0,0,"- ","- ",,,"SANTA BARBARA",LOMPOC,-120.46521683,34.660879999999999
6919762,2015,2015-06-16,9750,2015-05-02,2100,16714,,6,2,9,4200,0,3,5,,2,030,"ROSEMARY RD","STOWELL RD",26.00,S,N,A,-,N,,,,,,,,,,Y,2,0,1,1,A,-,01,23152,A,N,E,I,A,A,H,-,D,A,0,,,,,Y,Y,A,08,1,0,0,0,0,0,0,0,0,"- ","- ",34.93779,-120.40026,"SANTA BARBARA",UNINCORPORATED,-120.4004906,34.93806859
6922203,2015,2015-06-12,4203,2015-05-02,2043,7187,,6,5,5,4203,0,0,0,,0,003,"STATE ST","ARRELLAGA ST",0.00,,Y,A,-,N,,,,,,,,,,N,2,0,1,2,A,-,09,21801,A,N,D,G,A,A,H,-,C,A,0,,Y,,,Y,,-,,1,0,0,0,0,0,1,0,0,"- ","- ",34.429000000000002,-119.7097,"SANTA BARBARA","SANTA BARBARA",-119.70958994,34.427100039999999
6926831,2015,2017-01-05,9760,2015-04-25,0315,019446,,6,3,9,4200,0,1,2,,2,020,"RT 101","RT 217",200.00,N,N,A,-,Y,SB,5,101,-,-,21.450,H,-,N,Y,2,0,1,1,A,-,08,22107,,N,E,I,A,A,H,-,C,A,1,,,,,Y,Y,D,22,1,0,0,0,0,0,0,0,0,"- ","- ",34.440840000000001,-119.81712,"SANTA BARBARA",UNINCORPORATED,-119.81352305,34.441458609999998
6934022,2015,2017-01-05,9760,2015-04-06,1455,15658,,1,2,9,4200,0,1,2,,1,030,"RT 101","DOS PUEBLOS CANYON RD",1100.00,N,N,A,-,Y,SB,5,101,-,-,30.270,H,-,S,Y,2,0,1,1,A,-,08,22107,,N,E,I,A,A,H,-,A,D,5,,,,,Y,,A,01,1,0,0,0,0,0,0,0,0,"- ","- ",34.4499,-119.96259999999999,"SANTA BARBARA",UNINCORPORATED,-119.96226077999999,34.449661679999998
6935924,2015,2017-01-09,9755,2015-05-24,1002,16999,,7,1,9,4200,0,3,5,,2,040,"LIVE OAK RD","RT 154",77.00,N,N,A,-,Y,SB,5,154,-,R,32.260,H,-,E,Y,2,0,1,1,A,-,03,22350,,N,F,A,A,A,H,-,A,D,0,,,Y,,Y,,C,02,1,0,0,0,0,0,0,0,1,"- ","- ",34.545250000000003,-119.87792,"SANTA BARBARA",UNINCORPORATED,-119.75997329,34.442335819999997
6948809,2015,2017-01-09,9755,2015-06-03,1750,12436,,3,2,9,4200,0,1,3,,1,042,"RT 154","LAKEVIEW RD",8448.00,E,N,A,-,Y,SB,5,154,-,-,16.300,H,-,E,Y,2,0,1,1,C,-,18,,,N,F,A,A,A,H,-,A,D,0,,,,,Y,,-,"- ",1,0,0,0,0,0,0,0,0,"- ","- ",34.336919999999999,-119.55591,"SANTA BARBARA",UNINCORPORATED,-119.93555563,34.564134209999999
6951360,2015,2015-06-27,4202,2015-05-04,1342,265,LOMPO,1,5,4,4202,0,0,0,,0,4202,"E PINE AV","N A ST",20.00,E,N,A,-,N,,,,,,,,,,Y,2,0,1,1,A,-,03,22350,,N,A,J,A,A,H,-,A,D,0,,,,,Y,,A,01,1,0,0,0,0,0,0,0,0,"- ","- ",,,"SANTA BARBARA",LOMPOC,-120.44882352,34.650120000000001
6951971,2015,2017-01-05,9760,2015-05-26,0525,16739,,2,3,9,4200,0,1,2,,1,040,"RT 101","TAJIGUAS WASTE FACILITY",2112.00,S,N,A,-,Y,SB,5,101,-,-,38.380,H,-,N,Y,2,0,2,1,A,-,08,22107,,N,E,I,A,A,H,-,D,D,5,,,,,Y,,A,01,1,1,0,0,0,0,0,0,0,"- ","- ",,,"SANTA BARBARA",UNINCORPORATED,-120.09707797,34.463533130000002
6953109,2015,2015-06-26,4203,2015-05-31,1244,2720,,7,5,5,4203,0,0,0,,0,004,"BATH ST","W DE LA GUERRA",48.00,S,N,B,-,N,,,,,,,,,,N,2,0,1,2,A,-,21,22106,,N,-,B,E,A,H,-,A,D,0,Y,,,,Y,,-,,1,0,0,0,1,0,0,0,0,"- ","- ",34.24586,-119.42091000000001,"SANTA BARBARA","SANTA BARBARA",-119.70257938,34.41637411
6968880,2015,2017-01-05,9760,2015-06-13,2345,020323,,6,3,3,4205,0,1,2,,2,010,"RT 101","CASITAS PASS RD",816.00,N,N,A,-,Y,SB,5,101,-,-,2.790,H,-,S,Y,2,0,2,1,A,-,01,23152,A,N,E,I,A,A,H,-,C,D,1,,,,,Y,,A,01,2,0,0,0,0,0,0,0,0,"- ","- ",34.398589999999999,-119.51309000000001,"SANTA BARBARA",CARPINTERIA,-119.51304363,34.398603569999999
6989463,2015,2017-01-05,9760,2015-06-07,1415,18019,,7,2,9,4200,0,1,2,,2,010,"RT 101","SAN YSIDRO RD",200.00,N,N,A,-,Y,SB,5,101,-,-,10.060,H,-,S,Y,2,0,1,2,A,-,01,23152,A,N,C,C,A,A,H,-,A,D,1,,,Y,,Y,Y,C,02,1,0,0,0,0,0,0,0,1,"- ","- ",34.422580000000004,-119.63444,"SANTA BARBARA",UNINCORPORATED,-119.63215827000001,34.422474370000003
6993483,2015,2015-07-30,4204,2015-06-10,0840,90251,89,3,5,5,4204,0,0,0,,0,003,"PLAYA BLANCA","SAN YSIDRO ST",42.00,N,N,A,-,N,,,,,,,,,,N,2,0,1,2,A,-,10,21954,B,N,G,B,D,A,H,-,A,D,0,Y,,,,Y,,A,01,1,0,0,0,1,0,0,0,0,"- ","- ",,,"SANTA BARBARA","SANTA MARIA",-120.43019268,34.912885340000003
7005180,2015,2015-08-06,9760,2015-06-22,1730,020908,,1,2,9,4200,0,3,5,,2,001,"GIBRALTAR RD","E CAMINO CIELO",9504.00,S,N,D,-,N,,,,,,,,,,N,2,0,1,2,D,-,00,,,N,H,G,A,A,H,-,A,D,0,,Y,,,Y,,-,"- ",1,0,0,0,0,0,1,0,0,"- ","- ",34.478409999999997,-119.68025,"SANTA BARBARA",UNINCORPORATED,-119.68218491,34.483104349999998
7006124,2015,2017-04-06,9755,2015-07-29,0218,18514,,3,3,9,4200,0,3,5,,2,040,"BALLARD CANYON RD","RT 246",1584.00,N,N,A,-,N,,,,,,,,,,Y,1,1,1,1,A,-,01,23152,A,N,E,I,A,A,H,-,D,D,0,,,,,Y,,A,01,0,1,0,0,0,0,0,0,0,"- ","- ",34.612189999999998,-120.17627,"SANTA BARBARA",UNINCORPORATED,-120.1767614,34.611791259999997
7006720,2015,2016-04-14,9755,2015-07-03,0121,17967,,5,3,9,4200,0,1,3,,1,051,"RT 1","JALAMA RD",528.00,S,N,E,-,Y,SB,5,1,-,-,14.910,H,-,N,Y,1,1,4,2,A,-,01,23152,A,N,E,I,A,A,H,-,D,D,0,,,,,Y,Y,A,01,3,1,0,0,0,0,0,0,0,"- ","- ",34.507060000000003,-120.40803,"SANTA BARBARA",UNINCORPORATED,-120.40817212,34.587739460000002
7026585,2015,2017-01-14,9750,2015-08-10,1811,16469,,1,2,9,4200,0,1,3,,1,021,"RT 1","RT 135",6864.00,S,N,A,-,Y,SB,5,1,-,R,33.500,H,-,N,Y,2,0,1,1,A,-,08,22107,,N,F,A,A,A,H,-,A,D,1,,,,,Y,,A,01,1,0,0,0,0,0,0,0,0,"- ","- ",34.834870000000002,-120.45139,"SANTA BARBARA",UNINCORPORATED,-120.45122866,34.835567019999999
7030614,2015,2016-07-26,9750,2015-08-07,1100,018209,,5,1,9,4200,0,3,5,,2,020,"HARRIS GRADE RD","RT 135",3696.00,S,N,A,-,N,,,,,,,,,,Y,2,0,1,1,A,-,08,22107,,N,F,A,A,A,H,-,A,D,0,,,Y,,Y,,C,02,1,0,0,0,0,0,0,0,1,"- ","- ",34.757289999999998,-120.4268,"SANTA BARBARA",UNINCORPORATED,-120.42746291,34.756883850000001
7031706,2015,2015-09-15,9760,2015-08-06,0735,18019,,4,1,9,4200,0,3,5,,2,001,"PARK LN","E MOUNTAIN DR",528.00,N,N,A,-,N,,,,,,,,,,N,2,0,1,2,A,-,17,21662,A,N,A,G,A,A,H,-,A,D,0,,Y,,,Y,,L,04,1,0,0,0,0,0,1,0,0,"- ","- ",34.44509,-119.61526000000001,"SANTA BARBARA",UNINCORPORATED,-119.61724827,34.445521139999997
7038330,2015,2016-07-21,9755,2015-08-16,1310,017910,,7,1,9,4200,0,3,5,,2,050,"JALAMA RD","RT 1",64944.00,W,N,A,-,N,,,,,,,,,,Y,2,0,1,1,A,-,03,22350,,N,F,A,A,A,H,-,A,D,0,,,Y,,Y,,C,02,1,0,0,0,0,0,0,0,1,"- ","- ",34.511009999999999,-120.49119,"SANTA BARBARA",UNINCORPORATED,-120.48982205999999,34.509810539999997
7042048,2015,2015-09-09,4203,2015-08-22,1847,3596,,6,5,5,4203,0,0,0,,0,001,"ALAMEDA PADRE SERRA","LOMA MEDIA RD",520.00,S,N,A,-,N,,,,,,,,,,Y,2,0,1,2,A,-,05,21460,A,N,B,C,A,A,H,-,A,D,0,,,Y,,Y,,C,02,1,0,0,0,0,0,0,0,1,"- ","- ",34.435099999999998,-119.685,"SANTA BARBARA","SANTA BARBARA",-119.68516026,34.435221409999997
7053577,2015,2015-09-17,4200,2015-08-26,2007,3637,10,3,5,3,4205,0,0,0,,0,030,"VIA REAL","VALLECITO RD",0.00,,Y,A,-,N,,,,,,,,,,Y,2,0,3,2,A,-,01,23153,A,N,A,C,A,A,H,-,C,A,0,,,,,Y,Y,-,,2,1,0,0,0,0,0,0,0,"- ","- ",,,"SANTA BARBARA",CARPINTERIA,-119.51305986,34.399240040000002
7057022,2015,2015-10-19,4203,2015-09-17,2236,6967,,4,5,5,4203,0,0,0,,0,004,"STATE ST","GUTIERREZ ST",150.00,N,N,A,-,N,,,,,,,,,,N,2,0,1,2,A,-,11,21955,,F,D,B,-,A,H,-,D,A,0,Y,,,,Y,Y,N,60,1,0,0,0,1,0,0,0,0,"- ","- ",34.255200000000002,-119.43259999999999,"SANTA BARBARA","SANTA BARBARA",-119.69459934,34.416136059999999
7074743,2015,2015-09-26,4200,2015-07-11,0215,3077,14,6,5,4,4214,0,0,0,,0,080,"EVERGREEN DR","PARK CIR",80.00,S,N,A,-,N,,,,,,,,,,Y,2,0,2,3,A,-,01,23152,A,N,C,E,A,A,H,-,C,D,0,,,,,Y,Y,A,01,1,1,0,0,0,0,0,0,0,"- ","- ",,,"SANTA BARBARA",GOLETA,-119.88877379,34.438529459999998
7097537,2015,2017-01-14,4202,2015-10-01,1718,238,,4,5,4,4202,0,0,0,,0,,"RT 1","WEST BARTON AV",0.00,,Y,A,-,Y,SB,5,1,-,-,21.810,I,5,N,Y,2,0,3,2,A,-,09,21800,A,N,D,C,A,A,H,-,A,A,0,,,,,Y,,A,01,2,0,1,0,0,0,0,0,0,"- ","- ",,,"SANTA BARBARA",LOMPOC,-120.45754789999999,34.657057139999999
7109371,2015,2017-01-14,4200,2015-09-24,1133,4222,6,4,5,2,4206,0,0,0,,0,,"MISSION DR","ALAMO PINTADO RD",14.00,E,N,A,-,Y,SB,5,246,-,-,30.280,I,5,E,N,2,0,1,2,A,-,10,21950,A,N,G,B,B,A,H,-,A,A,0,Y,,,,Y,,A,07,1,0,0,0,1,0,0,0,0,"- ","- ",,,"SANTA BARBARA",SOLVANG,-120.12801570000001,34.598843729999999
7133369,2015,2016-08-10,4204,2015-11-09,2352,90322,49,1,5,5,4204,0,0,0,,0,002,MAIN,"SUEY RD",290.00,W,N,F,-,N,,,,,,,,,,Y,2,0,4,2,A,-,01,23152,A,N,A,C,A,B,H,-,C,D,0,,,,,Y,Y,A,01,1,2,1,0,0,0,0,0,0,"- ","- ",34.952829999999999,-120.40907,"SANTA BARBARA","SANTA MARIA",-120.41000731,34.952850810000001
7136710,2015,2016-04-19,4204,2015-12-03,1550,23240,89,4,5,5,4204,0,0,0,,0,003,"COLLEGE DR","BRADLEY RD S",0.00,,Y,A,-,N,,,,,,,,,,Y,1,1,2,3,A,-,09,21802,A,N,D,C,A,A,H,-,A,A,0,,,,,Y,,A,01,0,0,2,0,0,0,0,0,0,"- ","- ",34.911369999999998,-120.42401,"SANTA BARBARA","SANTA MARIA",-120.42409995,34.911360070000001
7137631,2015,2016-04-19,4200,2015-10-16,1228,3116,14,5,5,4,4214,0,0,0,,0,080,"STORKE RD","RT 101",0.00,,Y,A,-,Y,SB,5,101,-,-,24.980,R,4,S,Y,1,1,4,2,A,-,12,21453,A,N,D,C,A,A,H,-,A,A,0,,,,,Y,,A,07,0,2,2,0,0,0,0,0,0,"- ",SF,,,"SANTA BARBARA",GOLETA,-119.87439979,34.433303410000001
7144778,2015,2017-01-28,4204,2015-12-11,1654,18261,68,5,5,5,4204,0,0,0,,0,003,BROADWAY,"ENOS DR",15.00,N,N,A,-,Y,SB,5,135,-,-,14.470,H,-,S,Y,2,0,1,1,A,-,03,22350,,N,-,-,A,-,-,-,A,-,0,,,,,Y,,A,01,1,0,0,0,0,0,0,0,0,"- ","- ",34.93412,-120.4361,"SANTA BARBARA","SANTA MARIA",-120.4361296,34.93411596
7200072,2017,2017-05-11,4203,2017-03-03,1507,6693,41,5,5,5,4203,0,0,0,,0,004,"STATE ST","CARRILLO ST",42.00,N,N,A,-,N,,,,,,,,,,Y,1,1,0,1,A,-,03,22350,,N,E,I,A,A,H,-,A,D,0,,,,,Y,,-,,0,0,0,0,0,0,0,0,0,"- ","- ",34.2517,-119.4207,"SANTA BARBARA","SANTA BARBARA",-119.70202375,34.421566849999998
7204644,2016,2016-03-11,4203,2016-02-23,1245,6700,15,2,5,5,4203,0,0,0,,0,002,"CLIFF DR","RANCHERIA ST",195.00,W,N,A,-,N,,,225,,,,,,,N,2,0,1,2,A,-,11,21954,A,N,G,B,E,A,H,-,A,A,0,Y,,,,Y,,N,60,1,0,0,0,1,0,0,0,0,"- ","- ",34.409100000000002,-119.69888,"SANTA BARBARA","SANTA BARBARA",-119.69889164,34.409103520000002
7204688,2016,2016-03-11,4203,2016-02-25,1534,6700,63,4,5,5,4203,0,0,0,,0,001,"PUNTA GORDA ST","SALINAS ST",0.00,,Y,A,-,N,,,,,,,,,,N,2,0,1,2,A,-,10,21950,A,N,G,B,B,A,H,-,A,A,0,Y,,,,Y,,A,07,1,0,0,0,1,0,0,0,0,"- ","- ",34.423079999999999,-119.66827000000001,"SANTA BARBARA","SANTA BARBARA",-119.66820988000001,34.423150030000002
8004255,2016,2016-04-01,4203,2016-03-21,1627,6700,53,1,5,5,4203,0,0,0,,0,005,"STATE ST","LAS POSITAS RD",435.00,W,N,A,-,N,,,,,,,,,,N,2,0,1,2,A,-,09,21801,A,N,H,G,A,A,H,-,A,D,0,,Y,,,Y,,A,01,1,0,0,0,0,0,1,0,0,"- ","- ",34.440309999999997,-119.7358,"SANTA BARBARA","SANTA BARBARA",-119.73568071,34.440399999999997
8005447,2016,2017-02-07,4203,2016-03-26,1642,3597,,6,5,5,4203,0,0,0,,0,002,"CASTILLO ST","RT 101",15.00,N,N,A,-,Y,SB,5,101,-,R,14.340,R,4,S,N,2,0,1,1,C,-,18,,,N,F,J,A,B,G,-,A,A,0,,Y,,,Y,,-,"- ",1,0,0,0,0,0,1,0,0,"- ",SF,,,"SANTA BARBARA","SANTA BARBARA",-119.70202696,34.412495569999997
8005825,2016,2016-03-24,4203,2016-03-15,0849,6700,67,2,5,5,4203,0,0,0,,0,001,"NOPAL ST","ANAPAMU ST",214.00,S,N,A,-,N,,,,,,,,,,N,2,0,1,1,C,-,18,,,N,H,A,A,A,G,-,A,D,0,,Y,,,Y,,-,"- ",1,0,0,0,0,0,1,0,0,"- ","- ",34.431399999999996,-119.6949,"SANTA BARBARA","SANTA BARBARA",-119.69494243,34.431416659999996
8008763,2015,2016-05-02,4202,2015-12-03,1242,222,LOMPO,4,5,4,4202,0,0,0,,0,,"OCEAN WY","X ST",0.00,,Y,A,-,N,,,,,,,,,,Y,2,0,3,2,A,-,09,21801,,N,D,C,A,A,H,-,A,D,0,,,,Y,Y,,A,01,1,1,1,0,0,0,0,0,0,"- ","- ",,,"SANTA BARBARA",LOMPOC,-120.47745992,34.639380099999997
8040174,2016,2016-05-13,4203,2016-05-06,2027,3626,,5,5,5,4203,0,0,0,,0,002,"CLIFF DR","RANCHERIA ST",528.00,W,N,A,-,N,,,,,,,,,,N,2,0,1,1,D,-,00,,,N,F,I,A,A,H,-,C,D,0,,,Y,,Y,Y,-,"- ",1,0,0,0,0,0,0,0,1,"- ","- ",34.242829999999998,-119.41549999999999,"SANTA BARBARA","SANTA BARBARA",-119.69882837999999,34.40830236
8041695,2016,2016-05-26,4203,2016-05-12,1830,2059,,4,5,5,4203,0,0,0,,0,004,"DIBLEE AV","CASTILLO ST",210.00,W,N,A,-,N,,,,,,,,,,N,2,0,1,2,A,-,09,21804,A,N,D,G,A,A,H,-,A,A,0,,Y,,,Y,,L,04,1,0,0,0,0,0,1,0,0,"- ","- ",34.244880000000002,-119.42077999999999,"SANTA BARBARA","SANTA BARBARA",-119.70235738,34.413568429999998
8041703,2016,2017-02-21,4203,2016-05-05,0749,5751,58,4,5,5,4203,0,0,0,,0,005,"FOOTHILL RD","CALLE LAURELES",0.00,,Y,A,-,Y,SB,5,192,-,-,2.210,H,-,E,Y,2,0,1,2,A,-,03,22350,,N,C,C,A,A,H,-,A,D,0,,,Y,,Y,,C,02,1,0,0,0,0,0,0,0,1,"- ","- ",34.447969999999998,-119.7283,"SANTA BARBARA","SANTA BARBARA",-119.72829987,34.447992470000003
8065747,2016,2016-06-21,4200,2016-06-04,1034,4608,,6,5,4,4214,0,0,0,,0,080,"PHELPS RD","WHITMAN ST",250.00,W,N,A,-,N,,,,,,,,,,N,2,0,1,2,A,-,08,22107,,N,D,G,A,A,H,-,A,D,0,,Y,,,Y,,A,07,1,0,0,0,0,0,1,0,0,"- ","- ",,,"SANTA BARBARA",GOLETA,-119.87237279,34.424338830000003
8066470,2016,2016-06-27,4204,2016-06-14,0705,23240,68,2,5,5,4204,0,0,0,,0,003,"STOWELL RD","CECELIA DR",0.00,,Y,A,-,N,,,,,,,,,,N,2,0,1,1,C,-,18,,,N,E,-,A,A,H,-,A,A,0,,Y,,,Y,,-,"- ",1,0,0,0,0,0,1,0,0,"- ","- ",34.938279999999999,-120.42793,"SANTA BARBARA","SANTA MARIA",-120.42795992000001,34.938430060000002
8084761,2016,2016-07-25,4204,2016-07-09,1506,90277,021,6,5,5,4204,0,0,0,,0,001,"PALISADES DR","MCELHANY AV",45.00,N,N,A,-,N,,,,,,,,,,N,2,0,1,3,A,-,21,22106,,N,G,B,F,A,H,-,A,B,0,Y,,,,Y,,A,01,1,0,0,0,1,0,0,0,0,"- ","- ",34.962569999999999,-120.41256,"SANTA BARBARA","SANTA MARIA",-120.41241706,34.962483570000003