CASE_ID,ACCIDENT_YEAR,PROC_DATE,JURIS,COLLISION_DATE,COLLISION_TIME,OFFICER_ID,REPORTING_DISTRICT,DAY_OF_WEEK,CHP_SHIFT,POPULATION,CNTY_CITY_LOC,SPECIAL_COND,BEAT_TYPE,CHP_BEAT_TYPE,CITY_DIVISION_LAPD,CHP_BEAT_CLASS,BEAT_NUMBER,PRIMARY_RD,SECONDARY_RD,DISTANCE,DIRECTION,INTERSECTION,WEATHER_1,WEATHER_2,STATE_HWY_IND,CALTRANS_COUNTY,CALTRANS_DISTRICT,STATE_ROUTE,ROUTE_SUFFIX,POSTMILE_PREFIX,POSTMILE,LOCATION_TYPE,RAMP_INTERSECTION,SIDE_OF_HWY,TOW_AWAY,COLLISION_SEVERITY,NUMBER_KILLED,NUMBER_INJURED,PARTY_COUNT,PRIMARY_COLL_FACTOR,PCF_CODE_OF_VIOL,PCF_VIOL_CATEGORY,PCF_VIOLATION,PCF_VIOL_SUBSECTION,HIT_AND_RUN,TYPE_OF_COLLISION,MVIW,PED_ACTION,ROAD_SURFACE,ROAD_COND_1,ROAD_COND_2,LIGHTING,CONTROL_DEVICE,CHP_ROAD_TYPE,PEDESTRIAN_ACCIDENT,BICYCLE_ACCIDENT,MOTORCYCLE_ACCIDENT,TRUCK_ACCIDENT,NOT_PRIVATE_PROPERTY,ALCOHOL_INVOLVED,STWD_VEHTYPE_AT_FAULT,CHP_VEHTYPE_AT_FAULT,COUNT_SEVERE_INJ,COUNT_VISIBLE_INJ,COUNT_COMPLAINT_PAIN,COUNT_PED_KILLED,COUNT_PED_INJURED,COUNT_BICYCLIST_KILLED,COUNT_BICYCLIST_INJURED,COUNT_MC_KILLED,COUNT_MC_INJURED,PRIMARY_RAMP,SECONDARY_RAMP,LATITUDE,LONGITUDE,COUNTY,CITY,POINT_X,POINT_Y
8085828,2016,2016-07-26,4200,2016-06-20,1923,3822,14,1,5,4,4214,0,0,0,,0,060,"HOLLISTER AV","STORKE RD",121.00,E,N,A,-,N,,,,,,,,,,N,2,0,1,2,A,-,08,22107,,N,H,G,A,A,H,-,A,A,0,,Y,,,Y,,D,22,1,0,0,0,0,0,1,0,0,"- ","- ",,,"SANTA BARBARA",GOLETA,-119.86934902,34.430102460000001
8090380,2016,2017-02-24,4203,2016-07-16,1904,6972,,6,5,5,4203,0,0,0,,0,002,"CABRILLO BL","RT 101",0.00,,Y,A,-,Y,SB,5,101,-,-,11.520,R,3,N,N,2,0,1,2,A,-,10,21950,A,N,G,B,B,A,H,-,A,A,0,Y,,,,Y,,A,01,1,0,0,0,1,0,0,0,0,"- ","- ",,,"SANTA BARBARA","SANTA BARBARA",-119.654068,34.422924999999999
8092050,2016,2017-02-28,4204,2016-07-15,1300,90623,35,5,5,5,4204,0,0,0,,0,003,"MAIN ST","MILLER ST",0.00,,Y,A,-,Y,SB,5,166,-,-,8.140,H,-,W,N,2,0,2,2,A,-,03,22350,,N,C,C,A,A,H,-,A,A,0,,,,Y,Y,,G,27,1,0,1,0,0,0,0,0,0,"- ","- ",34.95308,-120.43145,"SANTA BARBARA","SANTA MARIA",-120.43118036,34.953211099999997
8094906,2016,2016-08-04,4204,2016-07-16,2107,90342,3,6,5,5,4204,0,0,0,,0,001,"RAILROAD AV","RANCHO VERDE",140.00,S,N,A,-,N,,,,,,,,,,Y,2,0,1,2,A,-,08,22107,,N,B,C,A,A,H,-,C,D,0,,,,,Y,,A,01,1,0,0,0,0,0,0,0,0,"- ","- ",34.977139999999999,-120.44446000000001,"SANTA BARBARA","SANTA MARIA",-120.44432205,34.97695547
8102979,2016,2016-08-19,4203,2016-08-13,1641,6973,,6,5,5,4203,0,0,0,,0,001,"CARPINTERIA ST","S MILPAS ST",0.00,,Y,A,-,N,,,,,,,,,,Y,2,0,1,2,A,-,08,22107,,N,B,C,A,A,H,-,A,D,0,,,,,Y,,-,,1,0,0,0,0,0,0,0,0,"- ","- ",34.420999999999999,-119.678,"SANTA BARBARA","SANTA BARBARA",-119.67737700000001,34.420617999999997
8103248,2016,2016-08-23,4204,2016-08-13,1441,90277,02,6,5,5,4204,0,0,0,,0,001,"TREELINE DR","RAINER WY",100.00,S,N,A,-,N,,,,,,,,,,N,2,0,1,2,A,-,11,21953,,N,G,B,D,A,H,-,A,D,0,Y,,,,Y,,N,60,1,0,0,0,1,0,0,0,0,"- ","- ",34.985700000000001,-120.44226,"SANTA BARBARA","SANTA MARIA",-120.44246192999999,34.985245339999999
8121567,2016,2016-09-19,4203,2016-09-04,1935,22857,,7,5,5,4203,0,0,0,,0,006,"SAN ANDRES ST","MICHELTORENA ST",0.00,S,N,A,-,N,,,,,,,,,,N,2,0,1,1,D,-,00,,,N,H,A,A,A,H,-,B,D,0,,Y,,,Y,Y,-,"- ",1,0,0,0,0,0,1,0,0,"- ","- ",34.256999999999998,-119.42570000000001,"SANTA BARBARA","SANTA BARBARA",-119.71617997,34.418780060000003
8142311,2016,2016-10-26,4203,2016-10-06,1239,6700,17,4,5,5,4203,0,0,0,,0,006,"CLIFF DR","OCEANO AV",0.00,,Y,A,-,N,,,225,,,,,,,N,2,0,1,2,A,-,09,21802,A,N,H,G,A,A,H,-,A,A,0,,Y,,,Y,,A,07,1,0,0,0,0,0,1,0,0,"- ","- ",34.404240000000001,-119.70547000000001,"SANTA BARBARA","SANTA BARBARA",-119.70549760999999,34.404284320000002
8166783,2016,2017-03-21,4204,2016-09-15,0545,23656,16,4,5,5,4204,0,0,0,,0,001,BROADWAY,"ORCHARD ST",0.00,,Y,A,-,Y,SB,5,135,-,-,16.660,I,5,S,N,1,1,0,2,A,-,10,21950,A,F,G,B,B,A,H,-,C,A,0,Y,,,,Y,,A,07,0,0,0,1,0,0,0,0,0,"- ","- ",34.965960000000003,-120.43549,"SANTA BARBARA","SANTA MARIA",-120.43575262,34.965908820000003
8166825,2016,2017-03-28,4200,2016-09-23,0626,3116,14,5,5,4,4214,0,0,0,,0,080,"CALLE REAL","SAN MATEO DR",63.00,W,N,A,-,N,,,,,,,,,,Y,1,1,0,2,A,-,08,22107,,N,C,G,A,A,H,-,B,D,0,,Y,,,Y,,D,22,0,0,0,0,0,1,0,0,0,"- ","- ",,,"SANTA BARBARA",GOLETA,-119.8753337,34.433475430000001
8167073,2018,2018-06-11,4203,2018-01-04,0633,8690,56,4,5,5,4203,0,0,0,,0,005,"STATE ST","RT 101",328.00,E,N,C,-,N,,,,,,,,,,Y,1,1,0,2,A,-,11,21955,,N,G,B,D,B,H,-,C,D,0,Y,,,,Y,,N,60,0,0,0,1,0,0,0,0,0,"- ",NF,34.44049072265625,-119.75287628173828,"SANTA BARBARA","SANTA BARBARA",-119.75554656982422,34.440299987792969
8171458,2016,2016-11-22,4204,2016-11-09,1536,19527,010,3,5,5,4204,0,0,0,,0,001,"DONOVAN RD","LYNNE DR",9.00,E,N,B,-,N,,,,,,,,,,N,2,0,2,4,A,-,11,21461,5,N,G,B,D,A,H,-,A,A,0,Y,,,,Y,,N,60,1,1,0,0,2,0,0,0,0,"- ","- ",34.967550000000003,-120.42657,"SANTA BARBARA","SANTA MARIA",-120.42671996999999,34.967660469999998
81754201,2022,2022-04-22,4204,2022-04-02,2205,90242,4,6,5,5,4204,0,0,0,,0,002,"ALVIN AVE","LINCOLN ST",0.00,,Y,A,-,N,,,,,,,,,,Y,2,0,6,2,A,-,01,23152,A,N,D,C,A,A,H,-,C,D,0,,,,,Y,Y,A,01,1,0,5,0,0,0,0,0,0,"- ","- ",34.96051025390625,-120.43730163574219,"SANTA BARBARA","SANTA MARIA",-120.43726348876953,34.960445404052734
81763985,2022,2022-05-04,4204,2022-04-18,0500,90031,4204,1,5,5,4204,0,0,0,,0,001,"BLOSSER RD","ATLANTIC PL",0.00,,Y,A,-,N,,,,,,,,,,Y,2,0,1,1,A,-,03,22350,,N,E,I,A,A,H,-,C,D,0,,,Y,,Y,Y,C,02,1,0,0,0,0,0,0,0,1,"- ","- ",34.988960266113281,-120.45223236083984,"SANTA BARBARA","SANTA MARIA",-120.45243072509766,34.989013671875
81779752,2022,2022-05-25,4204,2022-05-08,0122,91007,,7,5,5,4204,0,0,0,,0,003,BROADWAY,"MILLER ST",793.00,S,N,A,-,Y,SB,,135,,,12.745,H,,L,Y,2,0,2,1,A,-,03,22350,,N,F,A,A,A,H,-,D,A,0,,,,,Y,,A,01,2,0,0,0,0,0,0,0,0,"- ","- ",34.909168243408203,-120.43634033203125,"SANTA BARBARA","SANTA MARIA",-120.43601989746094,34.909168243408203
81795601,2022,2022-06-15,4204,2022-05-30,0454,90363,20,1,5,5,4204,0,0,0,,0,003,"BETTERAVIA RD","COLLEGE DR",0.00,,Y,A,-,N,,,,,,,,,,N,2,0,1,2,A,-,11,21456,B,N,G,B,B,A,H,-,B,A,0,Y,,,,Y,,N,60,1,0,0,0,1,0,0,0,0,"- ","- ",34.923480987548828,-120.42566680908203,"SANTA BARBARA","SANTA MARIA",-120.42563629150391,34.923599243164062
8187992,2016,2017-02-18,4202,2016-12-02,1957,239,LOMPO,5,5,4,4202,0,0,0,,0,013,"RT 246","N ST",0.00,,Y,A,-,Y,SB,5,246,-,-,9.130,I,5,E,N,2,0,1,2,A,-,10,21950,A,N,G,B,B,A,H,-,C,A,0,Y,,,,Y,,A,01,1,0,0,0,1,0,0,0,0,"- ","- ",,,"SANTA BARBARA",LOMPOC,-120.46550456999999,34.63899275
81892492,2022,2022-10-18,4204,2022-09-30,1540,91174,,5,5,5,4204,0,0,0,,0,002,"FESLER ST",BROADWAY,7.00,E,N,A,-,N,,,,,,,,,,N,2,0,1,2,A,-,05,21650,,N,D,G,A,A,H,-,A,A,0,,Y,,,Y,,L,04,1,0,0,0,0,0,1,0,0,"- ","- ",34.956470489501953,-120.43572998046875,"SANTA BARBARA","SANTA MARIA",-120.43579864501953,34.956462860107422
81898386,2022,2022-10-25,4204,2022-09-28,1828,90272,,3,5,5,4204,0,0,0,,0,,"TAYLOR ST","WESTERN AVE",0.00,,Y,A,-,N,,,,,,,,,,Y,2,0,1,2,A,-,10,21950,A,F,G,B,B,A,H,-,A,D,0,Y,,,,Y,,A,01,1,0,0,0,1,0,0,0,0,"- ","- ",34.974960327148438,-120.44844818115234,"SANTA BARBARA","SANTA MARIA",-120.44820404052734,34.975090026855469
82076031,2023,2023-05-24,4204,2023-04-29,"216 ",91362,,6,5,5,4204,0,0,0,,0,001,"MCELHANY AVE","EAST AVE",0.00,,Y,A,-,N,,,,,,,,,,Y,2,0,1,3,A,-,01,23152,A,N,C,E,A,A,H,-,C,D,0,,,,,Y,Y,D,82,1,0,0,0,0,0,0,0,0,"- ","- ",34.962318420410156,-120.42710113525391,"SANTA BARBARA","SANTA MARIA",-120.42711639404297,34.962398529052734
82114708,2023,2023-07-12,4204,2023-06-23,"21  ",90753,007,5,5,5,4204,0,0,0,,0,001,"MCELHANY AVE","EAST AVE",50.00,W,N,B,-,N,,,,,,,,,,Y,2,0,1,2,A,-,01,23152,A,N,C,E,A,A,H,-,C,D,0,,,,,Y,Y,A,07,1,0,0,0,0,0,0,0,0,"- ","- ",34.962318420410156,-120.42710113525391,"SANTA BARBARA","SANTA MARIA",-120.42726898193359,34.962337493896484
82143761,2023,2023-08-15,4204,2023-07-26,1700,91404,,3,5,5,4204,0,0,0,,0,002,"MAIN ST","NAVARRA WAY",0.00,,Y,A,-,N,,,,,,,,,,Y,2,0,1,2,A,-,08,22107,,N,C,C,A,A,H,-,A,D,0,,,,,Y,,A,01,1,0,0,0,0,0,0,0,0,"- ","- ",34.952678680419922,-120.40450286865234,"SANTA BARBARA","SANTA MARIA",-120.40444183349609,34.952777862548828
82146101,2023,2023-08-17,4204,2023-07-31,1330,22113,01,1,5,5,4204,0,0,0,,0,001,"RANCHO VERDE","WOODLAWN DR",0.00,,Y,A,-,N,,,,,,,,,,Y,2,0,1,2,A,-,03,22350,,N,D,C,A,A,H,-,A,A,0,,,Y,,Y,,C,02,1,0,0,0,0,0,0,0,1,"- ","- ",34.977230072021484,-120.45201873779297,"SANTA BARBARA","SANTA MARIA",-120.45178985595703,34.977230072021484
82154017,2023,2023-08-25,4204,2023-08-09,1048,90363,22,3,5,5,4204,0,0,0,,0,003,"BETTERAVIA RD",BROADWAY,0.00,,Y,A,-,Y,SB,,135," "," ",13.543,H,,L,N,2,0,1,2,A,-,12,21453,A,N,D,G,A,A,H,-,A,A,0,,Y,,,Y,,L,04,1,0,0,0,0,0,1,0,0,"- ","- ",34.920860290527344,-120.43614959716797,"SANTA BARBARA","SANTA MARIA",-120.43611907958984,34.920860290527344
82189920,2023,2023-10-04,4204,2023-09-18,"815 ",22113,11,1,5,5,4204,0,0,0,,0,002,BROADWAY,"JONES ST",0.00,,Y,A,-,Y,SB,,135," "," ",15.201,H,,R,Y,2,0,1,2,A,-,09,21802,A,N,D,C,A,A,H,-,A,A,0,,,,,Y,,D,22,1,0,0,0,0,0,0,0,0,"- ","- ",34.944778442382812,-120.43579864501953,"SANTA BARBARA","SANTA MARIA",-120.43592071533203,34.944782257080078
82203280,2023,2023-10-19,4204,2023-09-23,2100,90971,4204,6,5,5,4204,0,0,0,,0,001,"DONOVAN RD",BROADWAY,195.00,E,N,A,-,N,,,,,,,,,,N,2,0,1,2,A,-,09,21804,A,F,D,G,A,A,H,-,C,D,0,,Y,,,Y,Y,D,82,1,0,0,0,0,0,1,0,0,"- ","- ",34.966629028320312,-120.43482208251953,"SANTA BARBARA","SANTA MARIA",-120.43566131591797,34.967700958251953
82204479,2023,2023-10-23,4204,2023-10-02,1807,91405,A01,1,5,5,4204,0,0,0,,0,002,"ELM AVE","DONOVAN ROAD",30.00,W,N,A,-,N,,,,,,,,,,Y,2,0,1,2,A,-,01,23153,A,F,D,C,A,A,H,-,A,D,0,,,Y,,Y,Y,A,01,1,0,0,0,0,0,0,0,1,"- ","- ",,,"SANTA BARBARA","SANTA MARIA",-120.44081878662109,34.967739105224609
82244150,2023,2023-11-27,4204,2023-11-07,1657,91404,010,2,5,5,4204,0,0,0,,0,002,"RAILROAD AVE","MARIPOSA WAY",0.00,,Y,A,-,N,,,,,,,,,,Y,2,0,1,3,A,-,08,22107,,N,B,E,A,A,H,-,A,D,0,,,,,Y,,A,01,1,0,0,0,0,0,0,0,0,"- ","- ",34.940460205078125,-120.44544982910156,"SANTA BARBARA","SANTA MARIA",-120.44552612304688,34.940231323242188
82250796,2023,2023-12-05,4200,2023-09-20,1501,3077,14,3,5,4,4214,0,0,0,,0,080,"STORKE RD","BOLLAY DR",118.00,S,N,A,-,N,,,,,,,,,,N,1,1,0,2,A,-,08,22107,,F,G,B,E,A,H,-,A,D,0,Y,,,,Y,,A,01,0,0,0,1,0,0,0,0,0,"- ","- ",34.427661895751953,-119.86982727050781,"SANTA BARBARA",GOLETA,-119.86975860595703,34.427734375
82260720,2023,2023-12-15,4204,2023-11-25,2322,90753,007,6,5,5,4204,0,0,0,,0,001,"DONOVAN RD","MCCLELLAND ST (E)",50.00,W,N,A,-,N,,,,,,,,,,N,2,0,1,3,A,-,11,21954,A,F,G,B,D,A,H,-,C,D,0,Y,,,,Y,,N,60,1,0,0,0,1,0,0,0,0,"- ","- ",34.967708587646484,-120.43312072753906,"SANTA BARBARA","SANTA MARIA",-120.43461608886719,34.967700958251953
82263687,2023,2023-12-18,4200,2023-11-30,1002,4615,14,4,5,4,4214,0,0,0,,0,060,"HOLLISTER AVE","KINMAN AVE",0.00,,Y,A,-,N,,,,,,,,,,N,2,0,1,2,A,-,10,21950,A,N,G,B,B,A,H,-,A,A,0,Y,,,,Y,,A,01,1,0,0,0,1,0,0,0,0,"- ","- ",34.435569763183594,-119.82225799560547,"SANTA BARBARA",GOLETA,-119.82231140136719,34.435611724853516
82319971,2024,2024-02-22,4204,2024-02-07,1013,90363,,3,5,5,4204,0,0,0,,0,002,BROADWAY,"JONES ST",0.00,,Y,B,-,Y,SB,,135," "," ",15.201,H,,R,N,2,0,1,2,A,-,11,21954,A,N,G,B,D,B,H,-,A,D,0,Y,,,,Y,,N,60,1,0,0,0,1,0,0,0,0,"- ","- ",34.944778442382812,-120.43579864501953,"SANTA BARBARA","SANTA MARIA",-120.43592071533203,34.944782257080078
82328128,2024,2024-03-04,4204,2024-02-15,1318,90267,4204,4,5,5,4204,0,0,0,,0,003,"MEEHAN ST","BRADLEY RD",0.00,,Y,A,-,N,,,,,,,,,,Y,2,0,1,2,A,-,09,21801,A,N,D,C,A,A,H,-,A,A,0,,,,,Y,,A,07,1,0,0,0,0,0,0,0,0,"- ","- ",34.927989959716797,-120.42034912109375,"SANTA BARBARA","SANTA MARIA",-120.42009735107422,34.928028106689453
82700189,2024,2024-07-26,4204,2024-07-08,1532,91546,,1,5,5,4204,0,0,0,,0,003,"NEWLOVE DR","MILLER ST",0.00,,Y,A,-,N,,,,,,,,,,Y,2,0,1,2,A,-,09,21802,A,N,D,G,A,A,H,-,A,A,0,,Y,,,Y,,A,01,1,0,0,0,0,0,1,0,0,"- ","- ",34.929740905761719,-120.4320068359375,"SANTA BARBARA","SANTA MARIA",-120.43180084228516,34.9298095703125
8305756,2017,2017-02-17,4203,2017-02-03,1750,23769,,5,5,5,4203,0,0,0,,0,002,"EAST CABRILLO BL","CALLE CESAR CHAVEZ",5.00,W,N,C,-,N,,,,,,,,,,N,2,0,1,2,A,-,03,22350,,N,B,G,A,B,H,-,C,A,0,,Y,,,Y,Y,-,,1,0,0,0,0,0,1,0,0,"- ","- ",34.245519999999999,-119.40482,"SANTA BARBARA","SANTA BARBARA",-119.68037638,34.41537795
8311561,2017,2017-03-06,4204,2017-02-11,1914,19527,060,6,5,5,4204,0,0,0,,0,003,"PERSHING ST","RUSSELL AV",367.00,E,N,B,-,N,,,,,,,,,,N,2,0,1,2,A,-,01,23152,A,N,D,E,A,B,H,-,C,D,0,,,Y,,Y,Y,C,03,1,0,0,0,0,0,0,0,1,"- ","- ",34.940950000000001,-120.45291,"SANTA BARBARA","SANTA MARIA",-120.451306,34.941053629999999
8312269,2017,2017-03-03,4204,2017-01-29,1438,21338,009,7,5,5,4204,0,0,0,,0,001,"CRESTON ST","PINE ST",0.00,,Y,A,-,N,,,,,,,,,,Y,2,0,1,1,A,-,03,22350,,N,F,A,A,A,H,-,A,A,0,,,Y,,Y,,C,02,1,0,0,0,0,0,0,0,1,"- ","- ",34.971429999999998,-120.44016999999999,"SANTA BARBARA","SANTA MARIA",-120.43995986,34.97132002
8313077,2017,2017-03-03,4203,2017-02-04,0035,24048,,6,5,5,4203,0,0,0,,0,005,"STATE ST","ONTARE RD",270.00,E,N,A,-,N,,,,,,,,,,Y,2,0,2,2,A,-,09,21801,A,N,D,C,A,B,H,-,C,D,0,,,,,Y,Y,-,,1,0,1,0,0,0,0,0,0,"- ","- ",,,"SANTA BARBARA","SANTA BARBARA",-119.73919533999999,34.440408939999998
83280833,2024,2024-08-02,4204,2024-07-07,1127,91547,,7,5,5,4204,0,0,0,,0,001,"TAYLOR ST","MILLER ST",200.00,W,N,A,-,N,,,,,,,,,,N,2,0,1,2,A,-,00,23103,A,F,G,B,E,A,H,-,A,D,0,Y,,,,Y,,D,82,1,0,0,0,1,0,0,0,0,"- ","- ",34.974510192871094,-120.43100738525391,"SANTA BARBARA","SANTA MARIA",-120.43152618408203,34.974578857421875
8337410,2017,2017-04-10,4203,2017-03-29,1527,5751,16,3,5,5,4203,0,0,0,,0,006,"MEIGS RD","CLIFF DR",133.00,E,N,A,-,N,,,,,,,,,,Y,2,0,1,2,A,-,06,21751,,N,D,C,A,A,H,-,A,D,0,,,,,Y,,D,22,1,0,0,0,0,0,0,0,0,"- ","- ",34.240659999999998,-119.4319,"SANTA BARBARA","SANTA BARBARA",-119.72194184,34.40190904
8337826,2017,2017-04-10,4203,2017-03-23,0020,23518,,4,5,5,4203,0,0,0,,0,006,"CLIFF DR","LAS POSITAS RD",1050.00,E,N,A,-,N,,,,,,,,,,N,2,0,1,1,A,-,01,21200,5,N,E,I,A,A,B,-,D,D,0,,Y,,,Y,,L,04,1,0,0,0,0,0,1,0,0,"- ","- ",34.241039999999998,-119.44164000000001,"SANTA BARBARA","SANTA BARBARA",-119.73576826,34.404967579999997
8349870,2017,2017-05-02,4204,2017-04-16,2142,90623,57,7,5,5,4204,0,0,0,,0,'02,"PARK AV",BROADWAY,0.00,,Y,A,-,N,,,,,,,,,,Y,2,0,1,2,A,-,01,23152,A,N,D,C,A,B,H,-,C,D,0,,,,,Y,Y,A,01,1,0,0,0,0,0,0,0,0,"- ","- ",34.944499999999998,-120.43576,"SANTA BARBARA","SANTA MARIA",-120.44720988,34.866260019999999
8365233,2017,2017-05-12,4202,2017-04-13,1939,234,LOMPO,4,5,4,4202,0,0,0,,0,,"A ST","LAUREL AV",5.00,S,N,A,-,N,,,,,,,,,,Y,2,0,1,2,A,-,01,23153,A,N,D,C,A,A,H,-,B,D,0,,,Y,,Y,Y,A,01,1,0,0,0,0,0,0,0,1,"- ","- ",,,"SANTA BARBARA",LOMPOC,-120.44895,34.644096269999999
8375354,2017,2017-06-07,4202,2017-05-14,0448,15675,,7,5,4,4202,0,0,0,,0,,"AIRPORT AV","F ST",116.00,E,N,B,-,N,,,,,,,,,,Y,2,0,1,2,D,-,00,,,M,D,E,A,A,H,-,B,D,0,,,,,Y,Y,-,"- ",1,0,0,0,0,0,0,0,0,"- ","- ",,,"SANTA BARBARA",LOMPOC,-120.45482450999999,34.648583780000003
8387051,2017,2018-04-03,4204,2017-06-04,1429,90276,32,7,5,5,4204,0,0,0,,0,B02,"MAIN ST","WESTERN AV",99.00,W,N,A,-,Y,SB,5,166,-,-,7.100,H,-,W,Y,2,0,1,2,A,-,05,21651,A,N,H,G,A,A,H,-,A,D,0,,Y,,,Y,Y,L,04,1,0,0,0,0,0,1,0,0,"- ","- ",34.953180000000003,-120.44956999999999,"SANTA BARBARA","SANTA MARIA",-120.4497406,34.95332732
8389689,2017,2017-06-19,4203,2017-06-10,1205,9480,,6,5,5,4203,0,0,0,,0,005,"STATE ST","JUNIPERO ST",165.00,N,N,A,-,N,,,,,,,,,,N,2,0,1,2,A,-,08,22107,A,N,C,G,A,A,H,-,A,D,0,,Y,,,Y,,L,04,1,0,0,0,0,0,1,0,0,"- ","- ",34.260750000000002,-119.43183999999999,"SANTA BARBARA","SANTA BARBARA",-119.72022034,34.43482942
8392200,2017,2017-06-20,4203,2017-06-13,0932,6700,56,2,5,5,4203,0,0,0,,0,005,"CALLE REAL","DE PAUL DR",11.00,E,N,A,-,N,,,,,,,,,,Y,2,0,1,1,A,-,03,22350,,N,E,I,A,A,H,-,A,D,0,,,Y,,Y,,C,02,1,0,0,0,0,0,0,0,1,"- ","- ",34.441400000000002,-119.76329,"SANTA BARBARA","SANTA BARBARA",-119.76333354,34.44135
8393190,2017,2017-06-30,4204,2017-05-11,1147,21338,,4,5,5,4204,0,0,0,,0,,"WESTERN AV","MAIN ST",627.00,N,N,A,-,N,,,,,,,,,,N,2,0,1,2,A,-,10,21954,B,F,G,B,D,A,H,-,A,D,0,Y,,,,Y,,N,60,1,0,0,0,1,0,0,0,0,"- ","- ",34.953180000000003,-120.44956999999999,"SANTA BARBARA","SANTA MARIA",-120.44932,34.953270000000003
8393322,2017,2017-06-30,4204,2017-06-06,2248,90621,57,2,5,5,4204,0,0,0,,0,002,BROADWAY,"MORRISON AV",0.00,,Y,A,-,N,,,135,,,,,,,N,2,0,1,2,A,-,10,21950,A,F,G,B,B,A,H,-,C,A,0,Y,,,,Y,,-,,1,0,0,0,1,0,0,0,0,"- ","- ",34.943089999999998,-120.4358,"SANTA BARBARA","SANTA MARIA",-120.43595734,34.943088629999998
8403443,2017,2017-07-21,4200,2017-06-06,1123,3886,10,2,5,3,4205,0,0,0,,0,040,"FOOTHILL RD","LINDEN AV",895.00,W,N,A,-,N,,,,,,,,,,N,2,0,1,2,A,-,09,21804,A,N,D,G,A,A,H,-,A,A,0,,Y,,,Y,,D,22,1,0,0,0,0,0,1,0,0,"- ","- ",,,"SANTA BARBARA",CARPINTERIA,-119.51487,34.407820000000001
8404004,2017,2017-07-24,4203,2017-07-04,0954,24073,88,2,5,5,4203,0,0,0,,0,011,"HOLLISTER AV","AERO CAMINO",888.00,W,N,A,-,N,,,,,,,,,,Y,2,0,1,2,A,-,08,22107,,N,B,D,A,A,H,-,A,A,0,,,,,Y,,D,22,1,0,0,0,0,0,0,0,0,"- ","- ",34.431100000000001,-119.8514,"SANTA BARBARA","SANTA BARBARA",-119.85125755999999,34.43091742
8410504,2017,2017-07-27,4200,2017-06-04,1049,3822,14,7,5,4,4214,0,0,0,,0,050,"CATHEDRAL OAKS RD","ARUNDEL RD",224.00,E,N,B,-,N,,,,,,,,,,N,2,0,1,2,A,-,03,22350,,N,H,G,A,A,H,-,A,A,0,,Y,,Y,Y,,L,04,1,0,0,0,0,0,1,0,0,"- ","- ",,,"SANTA BARBARA",GOLETA,-119.82391036999999,34.451215949999998
8420063,2017,2017-08-31,4202,2017-07-05,1243,232,4202,3,5,4,4202,0,0,0,,0,,"COLLEGE AV","I ST",58.00,E,N,A,-,N,,,,,,,,,,N,2,0,1,2,A,-,"- ",,,N,D,G,A,A,H,-,A,D,0,,Y,,,Y,,L,04,1,0,0,0,0,0,1,0,0,"- ","- ",,,"SANTA BARBARA",LOMPOC,-120.45890726,34.64703694
84372685,2024,2024-08-28,4204,2024-08-10,"618 ",91486,,6,5,5,4204,0,0,0,,0,002,"VINE ST","FESLER ST",0.00,,Y,A,-,N,,,,,,,,,,Y,2,0,2,3,A,-,09,21800,A,N,D,C,A,A,H,-,A,D,0,,,,,Y,Y,A,01,2,0,0,0,0,0,0,0,0,"- ","- ",34.955329895019531,-120.43222045898438,"SANTA BARBARA","SANTA MARIA",-120.43267822265625,34.956478118896484
84389560,2024,2024-09-11,4204,2024-08-18,2037,23332,,7,5,5,4204,0,0,0,,0,002,"MAIN ST","BLOSSER RD",480.00,W,N,A,-,Y,,,,,,,,,,N,2,0,1,2,A,-,03,22350,,F,G,B,D,A,H,-,C,A,0,Y,,,,Y,Y,-,99,1,0,0,0,1,0,0,0,0,"- ","- ",34.952548980712891,-120.45327758789062,"SANTA BARBARA","SANTA MARIA",-120.45531463623047,34.95330810546875
84410429,2024,2024-09-27,4204,2024-09-10,1244,90753,,2,5,5,4204,0,0,0,,0,001,"HIDDEN PINES WAY","TREE LINE DR",0.00,,Y,A,-,N,,,,,,,,,,Y,2,0,1,2,A,-,09,21801,A,N,A,C,A,A,H,-,A,D,0,,,Y,,Y,,A,07,1,0,0,0,0,0,0,0,1,"- ","- ",34.986129760742188,-120.44225311279297,"SANTA BARBARA","SANTA MARIA",-120.44246673583984,34.985969543457031
84469056,2024,2024-11-14,4204,2024-10-27,1000,91488,,7,5,5,4204,0,0,0,,0,002,"BATTLES RD","DEPOT ST",0.00,,Y,A,-,N,,,,,,,,,,N,2,0,1,2,A,-,08,22107,,F,B,G,A,A,H,-,A,A,0,,Y,,,Y,,D,22,1,0,0,0,0,0,1,0,0,"- ","- ",34.930850982666016,-120.44483184814453,"SANTA BARBARA","SANTA MARIA",-120.44455718994141,34.931781768798828
84497929,2024,2024-12-13,4204,2024-11-22,1947,91467,,5,5,5,4204,0,0,0,,0,001,BROADWAY,"PREISKER LN",30.00,S,N,A,-,Y,SB,,135," "," ",17.531,H,,R,N,2,0,1,2,A,-,07,21658,A,F,B,C,A,A,H,-,A,A,0,,,Y,,Y,,-,99,1,0,0,0,0,0,0,0,1,"- ","- ",34.9788818359375,-120.43472290039062,"SANTA BARBARA","SANTA MARIA",-120.43466949462891,34.978836059570312