CASE_ID,ACCIDENT_YEAR,PROC_DATE,JURIS,COLLISION_DATE,COLLISION_TIME,OFFICER_ID,REPORTING_DISTRICT,DAY_OF_WEEK,CHP_SHIFT,POPULATION,CNTY_CITY_LOC,SPECIAL_COND,BEAT_TYPE,CHP_BEAT_TYPE,CITY_DIVISION_LAPD,CHP_BEAT_CLASS,BEAT_NUMBER,PRIMARY_RD,SECONDARY_RD,DISTANCE,DIRECTION,INTERSECTION,WEATHER_1,WEATHER_2,STATE_HWY_IND,CALTRANS_COUNTY,CALTRANS_DISTRICT,STATE_ROUTE,ROUTE_SUFFIX,POSTMILE_PREFIX,POSTMILE,LOCATION_TYPE,RAMP_INTERSECTION,SIDE_OF_HWY,TOW_AWAY,COLLISION_SEVERITY,NUMBER_KILLED,NUMBER_INJURED,PARTY_COUNT,PRIMARY_COLL_FACTOR,PCF_CODE_OF_VIOL,PCF_VIOL_CATEGORY,PCF_VIOLATION,PCF_VIOL_SUBSECTION,HIT_AND_RUN,TYPE_OF_COLLISION,MVIW,PED_ACTION,ROAD_SURFACE,ROAD_COND_1,ROAD_COND_2,LIGHTING,CONTROL_DEVICE,CHP_ROAD_TYPE,PEDESTRIAN_ACCIDENT,BICYCLE_ACCIDENT,MOTORCYCLE_ACCIDENT,TRUCK_ACCIDENT,NOT_PRIVATE_PROPERTY,ALCOHOL_INVOLVED,STWD_VEHTYPE_AT_FAULT,CHP_VEHTYPE_AT_FAULT,COUNT_SEVERE_INJ,COUNT_VISIBLE_INJ,COUNT_COMPLAINT_PAIN,COUNT_PED_KILLED,COUNT_PED_INJURED,COUNT_BICYCLIST_KILLED,COUNT_BICYCLIST_INJURED,COUNT_MC_KILLED,COUNT_MC_INJURED,PRIMARY_RAMP,SECONDARY_RAMP,LATITUDE,LONGITUDE,COUNTY,CITY,POINT_X,POINT_Y
84519030,2024,2024-12-30,4204,2024-12-09,1001,22113,,1,5,5,4204,0,0,0,,0,003,"SANTA MARIA WAY","MILLER ST",0.00,,Y,A,-,N,,,,,,,,,,Y,2,0,2,4,A,-,12,21453,A,N,A,C,A,A,H,-,A,A,0,,,,,Y,,A,07,1,1,0,0,0,0,0,0,0,"- ","- ",34.909549713134766,-120.4344482421875,"SANTA BARBARA","SANTA MARIA",-120.43415069580078,34.909549713134766
84551802,2024,2025-01-28,4204,2024-12-28,1241,91363,,6,5,5,4204,0,0,0,,0,003,"STOWELL RD","DEPOT ST",0.00,,Y,A,-,N,,,,,,,,,,N,2,0,1,2,A,-,11,21954,A,N,G,B,D,A,H,-,A,A,0,Y,,,,Y,,N,60,1,0,0,0,1,0,0,0,0,"- ","- ",34.938831329345703,-120.44464111328125,"SANTA BARBARA","SANTA MARIA",-120.4447021484375,34.938655853271484
84565784,2025,2025-02-05,4204,2025-01-15,1729,91402,,3,5,5,4204,0,0,0,,0,,"BRADLEY RD","STOWELL RD",0.00,,Y,A,-,N,,,,,,,,,,Y,2,0,2,2,A,-,09,21453,C,N,D,C,A,A,H,-,C,A,0,,,,,Y,,A,07,1,1,0,0,0,0,0,0,0,"- ","- ",34.938278198242188,-120.41947174072266,"SANTA BARBARA","SANTA MARIA",-120.41941833496094,34.938343048095703
84590128,2025,2025-02-26,4204,2025-02-06,1629,90267,,4,5,5,4204,0,0,0,,0,003,"SKYWAY DR","FAIRWAY DR",925.00,S,N,C,-,N,,,,,,,,,,Y,2,0,2,1,A,-,03,22350,,N,E,I,A,B,H,-,A,D,0,,,,,Y,,A,01,2,0,0,0,0,0,0,0,0,"- ","- ",34.912731170654297,-120.45490264892578,"SANTA BARBARA","SANTA MARIA",-120.45419311523438,34.910888671875
8462969,2017,2017-10-23,4203,2017-10-06,1610,3849,,5,5,5,4203,0,0,0,,0,006,"CLIFF DR","FLORA VISTA",29.00,E,N,A,-,N,,,225,,,,,,,N,2,0,1,2,A,-,21,22106,,N,C,C,A,A,H,-,A,A,0,,,,,Y,,-,,1,0,0,0,0,0,0,0,0,"- ","- ",34.403500000000001,-119.72969999999999,"SANTA BARBARA","SANTA BARBARA",-119.72971231,34.403455989999998
84693474,2025,2025-05-20,4204,2025-04-26,1803,91401,,6,5,5,4204,0,0,0,,0,001,"ALVIN AVE","SUEY RD",0.00,,Y,A,-,N,,,,,,,,,,N,2,0,2,4,A,-,01,23152,A,F,G,B,B,A,H,-,A,A,0,Y,,,,Y,Y,A,07,2,0,0,0,2,0,0,0,0,"- ","- ",34.960109710693359,-120.40873718261719,"SANTA BARBARA","SANTA MARIA",-120.40895080566406,34.960132598876953
84719358,2025,2025-06-10,4204,2025-05-08,1909,90971,,4,5,5,4204,0,0,0,,0,001,BROADWAY,"GRANT ST",0.00,,Y,A,-,N,,,,,,,,,,N,2,0,1,2,A,-,10,21950,A,F,G,B,B,A,H,-,A,A,0,Y,,,,Y,Y,A,07,1,0,0,0,1,0,0,0,0,"- ","- ",34.972789764404297,-120.43578338623047,"SANTA BARBARA","SANTA MARIA",-120.43557739257812,34.972766876220703
8474521,2017,2017-12-09,4203,2017-10-21,1928,23766,,6,5,5,4203,0,0,0,,0,004,"DE LA VINH ST","MICHELTORENA ST",0.00,,Y,A,-,N,,,,,,,,,,Y,2,0,1,2,A,-,01,23152,,N,D,C,A,A,H,-,B,A,0,,,Y,,Y,Y,A,07,1,0,0,0,0,0,0,0,1,"- ","- ",34.423900000000003,-119.7105,"SANTA BARBARA","SANTA BARBARA",-119.71056,34.424050000000001
8478673,2017,2017-11-14,4204,2017-09-30,2323,21338,089,6,5,5,4204,0,0,0,,0,003,"COLLEGE DR","BRADLEY RD S",250.00,S,N,A,-,N,,,,,,,,,,Y,2,0,1,1,A,-,01,23152,A,N,E,I,A,A,H,-,C,D,0,,,,,Y,Y,A,01,1,0,0,0,0,0,0,0,0,"- ","- ",34.911369999999998,-120.42401,"SANTA BARBARA","SANTA MARIA",-120.42386084,34.910704180000003
8521458,2017,2018-01-08,4203,2017-12-12,1945,23133,,2,5,5,4203,0,0,0,,0,008,"HOLLISTER AV","ROBIN HILL RD",0.00,,Y,A,-,N,,,,,,,,,,Y,2,0,1,2,A,-,09,21802,A,N,D,C,A,A,H,-,C,A,0,,,Y,,Y,,C,02,1,0,0,0,0,0,0,0,1,"- ","- ",34.432839999999999,-119.84143,"SANTA BARBARA","SANTA BARBARA",-119.84473993,34.432010099999999
8529210,2017,2018-01-10,4200,2017-12-16,1800,4708,14,6,5,4,4214,0,0,0,,0,080,"HOLLISTER AV","CATHEDRAL OAKS",111.00,E,N,A,-,N,,,,,,,,,,N,2,0,1,2,A,-,11,21956,A,N,G,B,E,A,H,-,C,D,0,Y,,,,Y,,N,60,1,0,0,0,1,0,0,0,0,"- ","- ",,,"SANTA BARBARA",GOLETA,-119.90603375000001,34.431067059999997
8544770,2017,2018-02-07,4204,2017-12-24,1216,90374,01,7,5,5,4204,0,0,0,,0,001,"CANAL ST","DIESEL AV",46.00,W,N,A,-,N,,,,,,,,,,N,2,0,1,1,A,-,03,22350,,N,H,A,A,A,H,-,A,D,0,,,Y,,Y,,C,02,1,0,0,0,0,0,0,0,1,"- ","- ",34.98236,-120.44692000000001,"SANTA BARBARA","SANTA MARIA",-120.44707346,34.982463369999998
8546097,2017,2018-07-06,4202,2017-12-15,1732,237,4202,5,5,4,4202,0,0,0,,0,,"OCEAN AV","J ST",0.00,,Y,A,-,Y,SB,5,246,-,-,9.410,I,5,W,N,2,0,1,2,A,-,10,21950,A,N,G,B,B,A,H,-,C,-,0,Y,,,,Y,,A,01,1,0,0,0,1,0,0,0,0,"- ","- ",,,"SANTA BARBARA",LOMPOC,-120.46208454000001,34.639067150000002
8552418,2018,2018-02-20,4204,2018-01-30,2036,90268,50,2,5,5,4204,0,0,0,,0,002,"WESTERN AV","ORANGE ST",70.00,S,N,A,-,N,,,,,,,,,,N,2,0,1,1,A,-,08,22107,,N,E,J,A,A,H,-,C,A,0,,,Y,,Y,,C,02,1,0,0,0,0,0,0,0,1,"- ","- ",34.948200225830078,-120.44956207275391,"SANTA BARBARA","SANTA MARIA",-120.44940948486328,34.948188781738281
8561086,2018,2018-04-04,4202,2018-01-29,0616,239,LOMPO,1,5,4,4202,0,0,0,,0,007,"COLLEGE AV","D ST",0.00,W,N,A,-,N,,,,,,,,,,Y,2,0,1,4,A,-,03,22350,,M,D,J,A,A,H,-,B,A,0,,,,,Y,,A,01,1,0,0,0,0,0,0,0,0,"- ","- ",,,"SANTA BARBARA",LOMPOC,-120.45271301269531,34.646968841552734
8565282,2018,2018-03-06,4200,2018-02-04,1043,4983,,7,5,3,4205,0,0,0,,0,030,"CARPINTERIA AV","CASITAS PASS RD",324.00,E,N,A,-,N,,,,,,,,,,N,2,0,1,2,A,-,17,22517,,N,D,G,A,A,H,-,A,A,0,,Y,,,Y,,A,01,1,0,0,0,0,0,1,0,0,"- ","- ",,,"SANTA BARBARA",CARPINTERIA,-119.51356506347656,34.394889831542969
8580800,2018,2018-03-22,4203,2018-03-10,0940,24576,,6,5,5,4203,0,0,0,,0,006,"LAS POSITAS RD","LAS POSITAS RD 2900",21.00,W,N,A,-,N,,,,,,,,,,Y,2,0,3,3,A,-,05,21460,A,N,A,C,A,A,H,-,A,D,0,,,,,Y,,-,,2,0,1,0,0,0,0,0,0,"- ","- ",34.266998291015625,-119.44100189208984,"SANTA BARBARA","SANTA BARBARA",,
8580803,2018,2018-03-22,4203,2018-03-11,1230,22857,,7,5,5,4203,0,0,0,,0,003,"ANACAPA ST","FIGUEROA ST",21.00,S,N,B,-,N,,,,,,,,,,Y,2,0,1,1,C,-,18,,,N,E,I,A,A,H,-,A,A,0,,,,,Y,,-,"- ",1,0,0,0,0,0,0,0,0,"- ","- ",,,"SANTA BARBARA","SANTA BARBARA",-119.70195007324219,34.423480987548828
8582929,2018,2018-03-28,4200,2018-02-23,1926,5140,50,5,5,4,4214,0,0,0,,0,FRIDAY,"CALLE REAL","FAIRVIEW AV",353.00,W,N,A,-,N,,,,,,,,,,N,2,0,1,2,A,-,09,21804,A,N,D,C,A,A,H,-,C,D,0,,,Y,,Y,,A,01,1,0,0,0,0,0,0,0,1,"- ","- ",,,"SANTA BARBARA",GOLETA,-119.83163452148438,34.441192626953125
8633076,2018,2018-06-14,4200,2018-04-06,1657,3077,15,5,5,4,4214,0,0,0,,0,050,"CALLE REAL","FAIRVIEW AV",385.00,W,N,A,-,N,,,,,,,,,,Y,2,0,1,2,A,-,09,21804,A,N,D,C,A,A,H,-,A,D,0,,,,,Y,,A,07,1,0,0,0,0,0,0,0,0,"- ","- ",,,"SANTA BARBARA",GOLETA,-119.83171081542969,34.441135406494141
8648129,2018,2018-09-21,4200,2018-03-30,0121,3077,14,5,5,4,4214,0,0,0,,0,080,"STROKE RD","HOLLISTER AV",0.00,,Y,A,-,N,,,,,,,,,,Y,1,1,4,2,A,-,12,21453,A,N,D,C,A,A,H,-,C,A,0,,,,,Y,,A,01,0,2,2,0,0,0,0,0,0,"- ","- ",,,"SANTA BARBARA",GOLETA,-119.8697509765625,34.430099487304688
8649769,2018,2018-09-06,4203,2018-07-15,1329,23136,,7,5,5,4203,0,0,0,,0,,"SHORELINE DR","SALIDA DEL SOL",146.00,W,N,A,-,N,,,,,,,,,,N,2,0,1,2,A,-,08,22107,,N,H,G,A,A,H,-,A,D,0,,Y,,,Y,,-,,1,0,0,0,0,0,1,0,0,"- ","- ",34.235511779785156,-119.43196105957031,"SANTA BARBARA","SANTA BARBARA",-119.71994018554688,34.396896362304688
8665441,2018,2018-07-31,4203,2018-07-17,2250,22856,,2,5,5,4203,0,0,0,,0,001,"E HALEY ST","CHIQUITA RD",9.00,E,N,A,-,N,,,,,,,,,,Y,2,0,1,3,A,-,01,23152,,M,F,E,A,A,H,-,C,D,0,,,,,Y,Y,-,,1,0,0,0,0,0,0,0,0,"- ","- ",34.430999755859375,-119.6802978515625,"SANTA BARBARA","SANTA BARBARA",-119.68048095703125,34.430919647216797
8667321,2018,2018-10-25,4203,2018-07-06,1051,4937,,5,5,5,4203,0,0,0,,0,005,"RT 154","CALLE REAL",271.00,N,N,A,-,Y,SB,5,101,-,-,18.820,R,4,N,Y,2,0,1,3,A,-,03,22350,,N,C,B,E,A,H,-,A,D,0,Y,,,,Y,,J,41,1,0,0,0,1,0,0,0,0,"- ","- ",,,"SANTA BARBARA","SANTA BARBARA",-119.76790618896484,34.441005706787109
8669217,2018,2018-08-17,4203,2018-07-12,1105,23946,,4,5,5,4203,0,0,0,,0,006,"CLIFF DR","LAS GAVIOTAS",860.00,E,N,A,-,N,,,,,,,,,,N,2,0,1,1,A,-,03,22350,A,N,H,G,A,A,H,-,A,D,0,,Y,,,Y,,L,04,1,0,0,0,0,0,1,0,0,"- ","- ",34.403961181640625,-119.74392700195312,"SANTA BARBARA","SANTA BARBARA",-119.74388885498047,34.403961181640625
8682739,2018,2018-09-14,4203,2018-08-09,1102,6983,,4,5,5,4203,0,0,0,,0,004,"STATE ST","ANAPAMU ST",180.00,S,N,A,-,N,,,,,,,,,,N,2,0,1,2,A,-,17,22517,,N,B,G,A,A,H,-,A,A,0,,Y,,,Y,,-,,1,0,0,0,0,0,1,0,0,"- ","- ",,,"SANTA BARBARA","SANTA BARBARA",-119.70402526855469,34.423023223876953
8684689,2018,2018-09-18,4204,2018-08-17,1643,90718,94,5,5,5,4204,0,0,0,,0,003,"UNION VALLEY PKWY","CALIFORNIA BL",0.00,,Y,A,-,N,,,,,,,,,,Y,2,0,2,2,A,-,21,22106,,N,D,C,A,A,H,-,A,A,0,,,,,Y,,A,01,1,0,1,0,0,0,0,0,0,"- ","- ",34.879928588867188,-120.4456787109375,"SANTA BARBARA","SANTA MARIA",-120.4456787109375,34.879840850830078
8687591,2018,2018-08-29,4202,2018-04-26,1111,23489,,4,5,4,4202,0,0,0,,0,,"CENTRAL AV","L ST",0.00,,Y,A,-,N,,,,,,,,,,Y,2,0,2,2,A,-,12,21453,A,N,D,C,A,A,G,H,A,A,0,,,,,Y,,A,01,1,0,1,0,0,0,0,0,0,"- ","- ",,,"SANTA BARBARA",LOMPOC,-120.46201324462891,34.660831451416016
8688934,2018,2018-12-28,4202,2018-08-03,1059,277,4202,5,5,4,4202,0,0,0,,0,,"RT 1","RT 246",228.00,N,N,A,-,Y,SB,5,1,-,-,20.610,H,-,S,N,2,0,1,2,A,-,08,22107,,N,D,G,A,A,H,-,A,D,0,,Y,,,Y,,A,01,1,0,0,0,0,0,1,0,0,"- ","- ",,,"SANTA BARBARA",LOMPOC,-120.45796203613281,34.639949798583984
8691930,2018,2018-09-20,4204,2018-08-23,0555,90269,26,4,5,5,4204,0,0,0,,0,001,"RAILROAD AV","EL CAMINO ST",70.00,N,N,A,-,N,,,,,,,,,,N,2,0,1,2,A,-,11,21954,A,N,G,B,D,A,H,-,D,D,0,Y,,,,Y,,N,60,1,0,0,0,1,0,0,0,0,"- ","- ",34.958858489990234,-120.44464111328125,"SANTA BARBARA","SANTA MARIA",-120.44460296630859,34.958843231201172
8696244,2018,2018-10-23,4203,2018-08-20,1756,6983,,1,5,5,4203,0,0,0,,0,004,"CASTILLO ST","RT 101",0.00,,Y,A,-,Y,SB,5,101,-,R,14.280,R,4,N,Y,2,0,1,2,A,-,12,21453,A,N,D,G,A,A,H,-,A,A,0,,Y,,,Y,,L,04,1,0,0,0,0,0,1,0,0,"- ",NO,34.244571685791016,-119.41999816894531,"SANTA BARBARA","SANTA BARBARA",-119.700113,34.412610000000001
8700692,2018,2018-11-13,4204,2018-09-17,1509,19527,059,1,5,5,4204,0,0,0,,0,003,"STOWELL RD","BRADLEY RD",316.00,W,N,A,-,N,,,,,,,,,,N,2,0,3,2,A,-,09,21801,A,N,A,C,A,A,H,-,A,A,0,,,,,Y,,A,08,1,0,2,0,0,0,0,0,0,"- ","- ",34.938301086425781,-120.41944885253906,"SANTA BARBARA","SANTA MARIA",-120.42047119140625,34.938350677490234
8708808,2018,2018-10-12,4203,2018-09-02,1741,3510,,7,5,5,4203,0,0,0,,0,006,"CLIFF DR","ALAN RD",78.00,W,N,A,-,N,,,,,,,,,,N,2,0,1,2,A,-,11,21954,A,N,-,B,D,A,H,-,A,D,0,Y,,,,Y,,N,60,1,0,0,0,1,0,0,0,0,"- ","- ",34.404800415039062,-119.74089813232422,"SANTA BARBARA","SANTA BARBARA",-119.74093627929688,34.404823303222656
8733489,2018,2018-11-08,4203,2018-10-22,0122,9018,72,1,5,5,4203,0,0,0,,0,001,"OLD COAST HWY","HOT SPRINGS RD",2112.00,W,N,A,-,N,,,,,,,,,,N,2,0,1,1,A,-,"- ",,,N,E,J,A,A,G,-,D,D,0,,Y,,,Y,,L,04,1,0,0,0,0,0,1,0,0,"- ","- ",34.423351287841797,-119.65971374511719,"SANTA BARBARA","SANTA BARBARA",,
8740032,2018,2018-12-13,4204,2018-10-28,1600,90753,15,7,5,5,4204,0,0,0,,0,001,"ALVIN AV","CURRYER ST",0.00,,Y,A,-,N,,,,,,,,,,N,2,0,1,2,A,-,08,22107,,F,H,G,A,A,H,-,A,D,0,,Y,,,Y,,L,04,1,0,0,0,0,0,1,0,0,"- ","- ",34.960628509521484,-120.44136810302734,"SANTA BARBARA","SANTA MARIA",-120.44135284423828,34.960479736328125
8748843,2018,2019-01-25,4203,2018-11-09,0308,2720,,5,5,5,4203,0,0,0,,0,007,"HOLLISTER AV","FAIRVIEW AV",30.00,W,N,A,-,N,,,,,,,,,,Y,2,0,1,1,A,-,01,23152,,N,E,I,A,A,H,-,C,A,0,,,,,Y,Y,A,01,1,0,0,0,0,0,0,0,0,"- ","- ",34.436199188232422,-119.83110046386719,"SANTA BARBARA","SANTA BARBARA",-119.83074951171875,34.436111450195312
8749359,2018,2018-12-18,4200,2018-09-25,0932,4608,14,2,5,4,4214,0,0,0,,0,050,"CATHEDRAL OAKS RD","GLENN ANNIE RD",3432.00,E,N,A,-,N,,,,,,,,,,N,2,0,1,1,C,-,18,,,N,H,A,A,-,H,-,A,D,0,,Y,,,Y,,-,"- ",1,0,0,0,0,0,1,0,0,"- ","- ",,,"SANTA BARBARA",GOLETA,-119.86325073242188,34.441787719726562
8756184,2018,2019-01-26,4203,2018-12-01,1236,22859,,6,5,5,4203,0,0,0,,0,,"ORTEGA ST","CHAPALA ST",0.00,,Y,A,-,N,,,,,,,,,,N,2,0,1,2,A,-,10,21950,A,N,G,B,B,A,H,-,A,A,0,Y,,,,Y,,-,,1,0,0,0,1,0,0,0,0,"- ","- ",34.417999267578125,-119.69899749755859,"SANTA BARBARA","SANTA BARBARA",-119.69918060302734,34.417629241943359
8758466,2018,2019-01-19,4200,2018-11-14,0838,4608,14,3,5,4,4214,0,0,0,,0,060,"CATHEDRAL OAKS","LOS CARNEROS RD",0.00,,Y,A,-,N,,,,,,,,,,N,2,0,1,2,A,-,09,21802,A,N,D,G,A,-,H,-,A,D,0,,Y,,,Y,,A,01,1,0,0,0,0,0,1,0,0,"- ","- ",,,"SANTA BARBARA",GOLETA,-119.85543060302734,34.445960998535156
8770385,2018,2019-02-15,4200,2018-10-21,0111,5129,14,7,5,4,4214,0,0,0,,0,060,"FAIRVIEW AV","RT 101",50.00,S,N,A,-,Y,SB,5,101,-,-,22.360,R,4,S,Y,2,0,2,1,A,-,01,23152,A,N,E,I,A,A,H,-,C,A,0,,,,,Y,Y,A,01,1,0,1,0,0,0,0,0,0,"- ","- ",,,"SANTA BARBARA",GOLETA,-119.82939147949219,34.439735412597656
8783689,2019,2019-02-02,4203,2019-01-20,0321,24073,18,7,5,5,4203,0,0,0,,0,006,"MEIGS RD","ELISE WY",600.00,S,N,A,-,N,,,,,,,,,,N,2,0,1,2,A,-,11,21954,A,N,G,B,E,A,H,-,D,D,0,Y,,,,Y,Y,N,60,1,0,0,0,1,0,0,0,0,"- ","- ",34.398380279541016,-119.72255706787109,"SANTA BARBARA","SANTA BARBARA",-119.72247314453125,34.398468017578125
8783745,2019,2019-07-19,4203,2019-01-16,1741,7897,62,3,5,5,4203,0,0,0,,0,001,"N MILPAS ST","MASON ST",132.00,S,N,B,C,N,,,,,,,,,,Y,1,1,2,2,A,-,01,23152,,N,A,C,A,B,H,-,C,A,0,,,,,Y,,A,01,0,0,2,0,0,0,0,0,0,"- ","- ",34.4228515625,-119.68064880371094,"SANTA BARBARA","SANTA BARBARA",-119.67984008789062,34.422321319580078
8787329,2019,2019-02-15,4204,2019-01-04,1821,90753,75,5,5,5,4204,0,0,0,,0,003,BROADWAY,"NEWLOVE DR",184.00,S,N,A,-,Y,SB,5,135,-,-,14.120,H,-,N,N,2,0,1,2,A,-,11,21461,5,N,G,B,D,A,H,-,C,D,0,Y,,,,Y,Y,N,60,1,0,0,0,1,0,0,0,0,"- ","- ",34.929878234863281,-120.43621826171875,"SANTA BARBARA","SANTA MARIA",-120.43595123291016,34.929183959960938
8792906,2019,2019-03-12,4203,2019-02-01,1511,8825,35,5,5,5,4203,0,0,0,,0,005,"LOS OLIVOS ST","DE LA VINA ST",2.00,E,N,B,-,N,,,,,,,,,,N,2,0,1,2,A,-,10,21950,A,N,G,B,D,A,H,-,A,A,0,Y,,,,Y,,A,07,1,0,0,0,1,0,0,0,0,"- ","- ",34.430660247802734,-119.71949768066406,"SANTA BARBARA","SANTA BARBARA",-119.71944427490234,34.430683135986328
8795128,2019,2019-02-15,4200,2019-01-07,1825,5108,10,1,5,3,4205,0,0,0,,0,040,"CARPINTERIA AV","HOLLY AV",0.00,,Y,A,-,N,,,,,,,,,,N,2,0,1,2,A,-,10,21950,A,N,G,B,B,A,H,-,C,D,0,Y,,,,Y,,-,"- ",1,0,0,0,1,0,0,0,0,"- ","- ",,,"SANTA BARBARA",CARPINTERIA,-119.52047729492188,34.400699615478516
8808628,2019,2019-12-11,4202,2019-07-02,2223,22072,4202,2,5,4,4202,0,0,0,,0,,"A ST","AIRPORT AV",0.00,,Y,A,-,N,,,,,,,,,,N,2,0,1,2,A,-,10,21950,A,N,G,B,B,A,H,-,C,D,0,Y,,,,Y,,A,07,1,0,0,0,1,0,0,0,0,"- ","- ",,,"SANTA BARBARA",LOMPOC,-120.44889831542969,34.648540496826172
8831443,2019,2019-04-04,4203,2019-03-24,0150,24081,,7,5,5,4203,0,0,0,,0,001,"N MILPAS ST","FIGUEROA ST",109.00,N,N,A,-,N,,,,,,,,,,Y,2,0,1,2,D,-,00,,,F,B,E,A,A,H,-,C,D,0,,,,,Y,,-,"- ",1,0,0,0,0,0,0,0,0,"- ","- ",34.255599975585938,-119.41380310058594,"SANTA BARBARA","SANTA BARBARA",-119.69334411621094,34.432094573974609
8832272,2018,2019-04-30,4202,2018-11-04,1550,234,4202,7,5,4,4202,0,0,0,,0,,"COLLEGE AV","L ST",9.00,W,N,A,-,N,,,,,,,,,,Y,2,0,1,2,A,-,10,21950,,N,G,B,B,A,H,-,A,A,0,Y,,,,Y,,D,22,1,0,0,0,1,0,0,0,0,"- ","- ",,,"SANTA BARBARA",LOMPOC,-120.46292877197266,34.647071838378906
8835608,2019,2019-04-11,4200,2019-03-09,1412,5257,14,6,5,4,4214,0,0,0,,0,080,"STORKE RD","MARKET PLACE DR",0.00,,Y,A,-,N,,,,,,,,,,Y,2,0,1,2,A,-,09,21801,A,N,A,C,A,A,H,-,A,A,0,,,,,Y,,A,07,1,0,0,0,0,0,0,0,0,"- ","- ",,,"SANTA BARBARA",GOLETA,-119.86978149414062,34.428661346435547
8874418,2019,2019-06-18,4203,2019-05-21,1929,23133,,2,5,5,4203,0,0,0,,0,006,"CLIFF DR","FELLOWSHIP RD",0.00,,Y,A,-,N,,,225,,,,,,,Y,2,0,1,2,A,-,09,21801,A,N,D,C,A,A,H,-,A,A,0,,,Y,,Y,,A,01,1,0,0,0,0,0,0,0,1,"- ","- ",34.403110504150391,-119.72808074951172,"SANTA BARBARA","SANTA BARBARA",-119.72810363769531,34.403018951416016
8875210,2019,2019-11-07,4204,2019-05-28,1812,90269,32,2,5,5,4204,0,0,0,,0,002,"BLOSSER RD","MAIN ST",100.00,N,N,A,-,Y,SB,5,166,-,-,6.870,I,6,W,Y,2,0,3,2,A,-,09,21804,A,F,D,C,A,A,H,-,A,D,0,,,,,Y,Y,A,07,2,1,0,0,0,0,0,0,0,"- ","- ",34.952548980712891,-120.45327758789062,"SANTA BARBARA","SANTA MARIA",-120.45388031005859,34.953369140625
8895381,2019,2019-07-15,4203,2019-06-21,1739,24802,13,5,5,5,4203,0,0,0,,0,002,"STATE ST","YANONALI ST",0.00,,Y,A,-,N,,,,,,,,,,Y,2,0,1,2,A,-,08,22107,,N,D,C,A,A,H,-,A,A,0,,,Y,,Y,Y,A,01,1,0,0,0,0,0,0,0,1,"- ","- ",34.411960601806641,-119.6871337890625,"SANTA BARBARA","SANTA BARBARA",-119.69165802001953,34.413990020751953
8901501,2019,2019-07-30,4202,2019-06-13,2106,239,4202,4,5,4,4202,0,0,0,,0,,"O ST","WALNUT AV",0.00,,Y,A,-,N,,,,,,,,,,N,2,0,1,2,A,-,09,21802,A,N,D,G,A,A,H,-,C,A,0,,Y,,,Y,,A,01,1,0,0,0,0,0,1,0,0,"- ","- ",,,"SANTA BARBARA",LOMPOC,-120.46675872802734,34.640708923339844
8911363,2020,2020-07-24,4204,2020-03-15,2038,90139,02,7,5,5,4204,0,0,0,,0,010,"BLOSSER RD","CHURCH ST",10.00,S,N,C,-,N,,,,,,,,,,N,1,1,0,2,A,-,06,21760,C,F,C,G,A,B,H,-,C,D,0,,Y,,,Y,,-,,0,0,0,0,0,1,0,0,0,"- ","- ",34.951301574707031,-120.45336151123047,"SANTA BARBARA","SANTA MARIA",-120.45372772216797,34.951992034912109
8915886,2019,2019-08-13,4203,2019-07-06,0848,9480,57,6,5,5,4203,0,0,0,,0,005,"NORTHRIDGE RD","FOOTHILL RD",535.00,N,N,A,-,N,,,,,,,,,,,2,0,1,1,B,-,22,,,N,H,A,A,A,H,-,A,D,0,,Y,,,Y,,L,04,1,0,0,0,0,0,1,0,0,"- ","- ",34.45166015625,-119.73689270019531,"SANTA BARBARA","SANTA BARBARA",-119.74241638183594,34.454299926757812
8938638,2019,2020-07-30,4204,2019-09-10,1515,90276,68,2,5,5,4204,0,0,0,,0,003,BROADWAY,"ENOS DR",358.00,N,N,A,-,Y,SB,5,135,-,-,14.540,H,-,N,Y,2,0,1,2,A,-,01,23153,F,N,D,E,A,A,H,-,A,A,0,,,,,Y,,D,22,1,0,0,0,0,0,0,0,0,"- ","- ",34.934108734130859,-120.43611145019531,"SANTA BARBARA","SANTA MARIA",-120.43592071533203,34.935100555419922
8939031,2019,2019-12-04,4203,2019-09-01,1330,6693,5,7,5,5,4203,0,0,0,,0,005,"LOS OLIVOS ST","MOUNTAIN DR",0.00,,Y,A,-,N,,,,,,,,,,N,2,0,1,1,A,-,08,22107,,N,H,J,A,A,H,-,A,A,0,,Y,,,Y,,L,04,1,0,0,0,0,0,1,0,0,"- ","- ",34.438541412353516,-119.70761871337891,"SANTA BARBARA","SANTA BARBARA",-119.71275329589844,34.440288543701172
8939499,2019,2020-01-21,4203,2019-12-16,1717,8825,12,1,5,5,4203,0,0,0,,0,002,"EAST CABRILLO BL","CALLE PUERTO VALLARTA",703.00,W,N,A,-,N,,,,,,,,,,N,1,1,0,2,A,-,11,21955,,N,G,B,D,A,H,-,B,A,0,Y,,,,Y,,N,60,0,0,0,1,0,0,0,0,0,"- ","- ",34.413928985595703,-119.67066192626953,"SANTA BARBARA","SANTA BARBARA",-119.67753601074219,34.415737152099609
8963545,2019,2019-10-30,4200,2019-10-06,1913,5257,14,7,5,4,4214,0,0,0,,0,060,"HOLLISTER AV","WARD DR",0.00,,Y,A,-,N,,,,,,,,,,N,2,0,3,2,A,-,12,21453,A,N,D,C,A,A,H,-,C,A,0,,,,,Y,,A,01,1,2,0,0,0,0,0,0,0,"- ","- ",,,"SANTA BARBARA",GOLETA,-119.81684875488281,34.435211181640625
8964154,2019,2020-09-14,4203,2019-09-14,1843,24799,,6,5,5,4203,0,0,0,,0,002,"RT 101","COAST VILLAGE RD",47.00,S,N,A,-,Y,SB,5,101,-,-,11.030,R,1,N,Y,2,0,1,1,A,-,03,22350,,N,F,A,A,A,G,-,A,A,0,,,Y,,Y,,C,02,1,0,0,0,0,0,0,0,1,NF,"- ",34.421298980712891,-119.649169921875,"SANTA BARBARA","SANTA BARBARA",-119.64813232421875,34.420783996582031