CASE_ID,ACCIDENT_YEAR,PROC_DATE,JURIS,COLLISION_DATE,COLLISION_TIME,OFFICER_ID,REPORTING_DISTRICT,DAY_OF_WEEK,CHP_SHIFT,POPULATION,CNTY_CITY_LOC,SPECIAL_COND,BEAT_TYPE,CHP_BEAT_TYPE,CITY_DIVISION_LAPD,CHP_BEAT_CLASS,BEAT_NUMBER,PRIMARY_RD,SECONDARY_RD,DISTANCE,DIRECTION,INTERSECTION,WEATHER_1,WEATHER_2,STATE_HWY_IND,CALTRANS_COUNTY,CALTRANS_DISTRICT,STATE_ROUTE,ROUTE_SUFFIX,POSTMILE_PREFIX,POSTMILE,LOCATION_TYPE,RAMP_INTERSECTION,SIDE_OF_HWY,TOW_AWAY,COLLISION_SEVERITY,NUMBER_KILLED,NUMBER_INJURED,PARTY_COUNT,PRIMARY_COLL_FACTOR,PCF_CODE_OF_VIOL,PCF_VIOL_CATEGORY,PCF_VIOLATION,PCF_VIOL_SUBSECTION,HIT_AND_RUN,TYPE_OF_COLLISION,MVIW,PED_ACTION,ROAD_SURFACE,ROAD_COND_1,ROAD_COND_2,LIGHTING,CONTROL_DEVICE,CHP_ROAD_TYPE,PEDESTRIAN_ACCIDENT,BICYCLE_ACCIDENT,MOTORCYCLE_ACCIDENT,TRUCK_ACCIDENT,NOT_PRIVATE_PROPERTY,ALCOHOL_INVOLVED,STWD_VEHTYPE_AT_FAULT,CHP_VEHTYPE_AT_FAULT,COUNT_SEVERE_INJ,COUNT_VISIBLE_INJ,COUNT_COMPLAINT_PAIN,COUNT_PED_KILLED,COUNT_PED_INJURED,COUNT_BICYCLIST_KILLED,COUNT_BICYCLIST_INJURED,COUNT_MC_KILLED,COUNT_MC_INJURED,PRIMARY_RAMP,SECONDARY_RAMP,LATITUDE,LONGITUDE,COUNTY,CITY,POINT_X,POINT_Y
8972327,2019,2019-11-12,4203,2019-10-08,1913,6983,23,2,5,5,4203,0,0,0,,0,006,"MODOC RD","KENTIA AV",100.00,S,N,A,-,N,,,,,,,,,,,2,0,1,2,A,-,17,22517,,N,H,G,A,A,H,-,D,A,0,,Y,,,Y,,A,01,1,0,0,0,0,0,1,0,0,"- ","- ",34.424930572509766,-119.72537231445312,"SANTA BARBARA","SANTA BARBARA",-119.72565460205078,34.424854278564453
8975317,2019,2020-02-28,4204,2019-10-25,1605,90082,82,5,5,5,4204,0,0,0,,0,003,BROADWAY,"DAL PORTO LN",0.00,,Y,A,-,Y,SB,5,135,-,-,13.630,I,5,S,,2,0,1,2,A,-,08,22107,,F,B,C,A,A,H,-,A,A,0,,,Y,,Y,,-,99,1,0,0,0,0,0,0,0,1,"- ","- ",34.921001434326172,-120.43659210205078,"SANTA BARBARA","SANTA MARIA",-120.43611907958984,34.922149658203125
8987083,2019,2020-08-26,4203,2019-11-18,2025,5124,27,1,5,5,4203,0,0,0,,0,006,"LAS POSITAS RD","JERRY HARWIN PKWY",125.00,N,N,A,-,N,,,225,,,,,,,Y,2,0,1,2,A,-,01,23152,F,N,C,C,A,A,H,-,C,A,0,,,,,Y,,A,01,1,0,0,0,0,0,0,0,0,"- ","- ",34.413700103759766,-119.74009704589844,"SANTA BARBARA","SANTA BARBARA",-119.74014282226562,34.413703918457031
8990969,2019,2020-09-28,4203,2019-11-29,0258,24575,52,5,5,5,4203,0,0,0,,0,005,"FOOTHILL RD","LA MILPITA RD",90.00,W,N,A,-,Y,SB,5,192,-,-,1.480,H,-,W,,2,0,1,1,A,-,01,23152,A,N,E,I,A,A,H,-,D,D,0,,,,,Y,Y,A,01,1,0,0,0,0,0,0,0,0,"- ","- ",34.451301574707031,-119.74050140380859,"SANTA BARBARA","SANTA BARBARA",-119.74037170410156,34.451389312744141
90014740,2015,2015-10-19,9750,2015-08-23,1347,015514,,7,1,9,4200,0,1,3,,1,022,"SR-1 N/B (CABRILLO HIGHWAY)","BLACK ROAD",3168.00,S,N,A,-,Y,,,1,,,,,,N,Y,2,0,2,1,A,-,08,22107,,F,E,I,A,A,H,-,A,D,0,,,,,Y,Y,A,07,1,1,0,0,0,0,0,0,0,"- ","- ",34.877079999999999,-120.48648,"SANTA BARBARA",UNINCORPORATED,-120.48649524,34.877029739999998
90016659,2015,2015-10-19,9750,2015-08-22,0410,016773,,6,3,9,4200,0,1,3,,1,023,"SR-135 S/B","HARRIS GRADE ROAD",8448.00,E,N,A,-,Y,,,135,,,,,,S,Y,1,1,0,1,A,-,08,22107,,N,E,I,A,A,H,-,D,D,0,,,,,Y,Y,A,07,0,0,0,0,0,0,0,0,0,"- ","- ",34.758270000000003,-120.39789,"SANTA BARBARA",UNINCORPORATED,-120.39789055999999,34.758260270000001
90018118,2015,2015-10-19,9750,2015-08-26,1306,015514,,3,1,9,4200,0,1,3,,1,064,"SR-166 E/B","ALISOS CANYON ROAD",2640.00,W,N,A,-,Y,,,166,,,,,,E,Y,1,1,0,1,A,-,08,22107,,N,E,I,A,A,H,-,A,D,0,,,,,Y,,A,07,0,0,0,0,0,0,0,0,0,"- ","- ",34.966679999999997,-119.73705,"SANTA BARBARA",UNINCORPORATED,-119.7370694,34.966598740000002
90025887,2015,2015-10-19,9760,2015-09-19,2320,021061,,6,3,3,4205,0,1,2,,2,010,"US-101 N/B","SANTA MONICA RD",300.00,N,N,A,-,Y,,,,,,,,,,Y,2,0,2,2,A,-,01,23152,A,N,C,C,A,A,H,-,C,D,0,,,,,Y,Y,A,01,1,1,0,0,0,0,0,0,0,"- ","- ",34.40137,-119.53079,"SANTA BARBARA",CARPINTERIA,,
90041302,2015,2015-11-19,9755,2015-10-27,0028,018264,,2,3,9,4200,0,1,3,,1,055,"SR-1 SOUTHBOUND","SANTA LUCIA CANYON RD",3696.00,N,N,A,-,Y,,,1,,,,,,S,Y,2,0,1,1,A,-,01,23152,A,N,F,A,A,A,H,-,D,D,0,,,,,Y,Y,A,01,1,0,0,0,0,0,0,0,0,"- ","- ",34.71951,-120.49105,"SANTA BARBARA",UNINCORPORATED,-120.49100731,34.719542990000001
90046254,2015,2015-11-06,9750,2015-11-02,1625,016469,,1,2,9,4200,0,1,3,,1,022,"SR-1 S/B (CABRILLO HIGHWAY)",SR-135,1056.00,S,N,B,C,Y,,,1,,,,,,S,Y,2,0,1,1,A,-,08,22107,,N,F,A,A,B,H,-,A,D,0,,,,,Y,,A,07,1,0,0,0,0,0,0,0,0,"- ","- ",34.799050000000001,-120.44483,"SANTA BARBARA",UNINCORPORATED,-120.44480378999999,34.799021240000002
90067126,2015,2015-12-07,9750,2015-11-30,2005,019417,,1,2,9,4200,0,1,3,,1,011,"SR-166 (W. MAIN STREET)","BONITA SCHOOL ROAD",3168.00,W,N,A,-,Y,,,166,,,,,,,Y,2,0,2,2,A,-,01,23152,A,N,A,C,A,A,H,-,D,D,0,,,,,Y,Y,A,01,2,0,0,0,0,0,0,0,0,"- ","- ",34.958359999999999,-120.51895,"SANTA BARBARA",UNINCORPORATED,-120.51897446,34.958138239999997
90069007,2015,2015-12-09,9755,2015-11-27,1230,016999,,5,1,9,4200,0,3,5,,2,050,"SANTA ROSA RD",SR-1,14784.00,S,N,A,-,N,,,,,,,,,,Y,2,0,1,1,A,-,01,23152,A,N,F,A,A,A,H,-,A,D,0,,,Y,,Y,Y,C,02,1,0,0,0,0,0,0,0,1,"- ","- ",34.62153,-120.39858,"SANTA BARBARA",UNINCORPORATED,-120.42874,34.621549999999999
90076596,2015,2016-01-07,9760,2015-12-08,0800,018483,,2,1,9,4200,0,3,5,,2,001,"VIA REAL","S. PADARO LANE",1000.00,N,N,A,-,N,,,,,,,,,,N,2,0,1,2,A,-,08,22107,,F,H,G,A,A,H,-,A,D,0,,Y,,,Y,,D,22,1,0,0,0,0,0,1,0,0,"- ","- ",34.412909999999997,-119.55507,"SANTA BARBARA",UNINCORPORATED,-119.58613139000001,34.417375970000002
90080973,2015,2015-12-23,9760,2015-08-09,1250,020757,,7,1,9,4200,0,1,2,,2,010,"US-101 S/B","VALENICA ROAD",256.00,S,N,A,-,Y,,,101,,,,,,S,Y,1,1,0,1,A,-,08,22107,,N,E,I,A,A,H,-,A,D,0,,,Y,,Y,,C,02,0,0,0,0,0,0,0,1,0,"- ","- ",34.42022,-119.59711,"SANTA BARBARA",UNINCORPORATED,-119.59715289,34.420082999999998
90083221,2015,2015-12-28,9760,2015-12-19,1600,020483,,6,2,9,4200,0,1,3,,1,022,"SR-154 W/B","SAN ANTONIO CREEK RD.",9504.00,W,N,C,-,Y,,,,,,,,,,Y,2,0,8,2,A,-,05,21460,A,N,A,C,A,B,H,-,A,D,0,,,,,Y,,D,22,1,0,7,0,0,0,0,0,0,"- ","- ",34.283700000000003,-119.4684,"SANTA BARBARA",UNINCORPORATED,,
90090263,2015,2016-01-07,9755,2015-12-21,1601,014934,,1,2,9,4200,0,1,2,,2,004,"US 101 N/B","ALISAL RD",3168.00,S,N,C,-,Y,,,,,,,,,,Y,2,0,1,1,A,-,03,22350,,N,E,I,A,B,H,-,A,D,0,,,,,Y,,D,22,1,0,0,0,0,0,0,0,0,"- ","- ",34.521529999999998,-120.21205999999999,"SANTA BARBARA",UNINCORPORATED,,
90090287,2015,2016-01-07,9755,2015-12-29,1110,012518,,2,1,9,4200,0,3,5,,2,040,"BALLARD CANYON ROAD SOUTHBOUND","VIA DE LOS RANCHOS",30.00,N,N,A,-,N,,,,,,,,,,N,2,0,2,1,A,-,08,22107,,N,F,A,A,A,H,-,A,D,0,,,Y,,Y,,C,02,1,1,0,0,0,0,0,0,2,"- ","- ",34.642420000000001,-120.13874,"SANTA BARBARA",UNINCORPORATED,-120.13872864,34.642440620000002
90098439,2016,2016-01-20,9760,2016-01-02,1550,020483,,6,2,9,4200,0,1,2,,2,010,"US-101 N/B","S. PADARO LN.",980.00,N,N,A,-,Y,,,,,,,,,,Y,2,0,1,2,A,-,03,22350,,N,C,C,A,A,H,-,A,D,0,,,Y,,Y,,C,02,1,0,0,0,0,0,0,0,1,"- ","- ",34.244399999999999,-119.3318,"SANTA BARBARA",UNINCORPORATED,-119.58264,34.416679999999999
90108493,2016,2016-02-03,9755,2016-01-18,1127,015973,,1,1,9,4200,0,1,3,,1,042,SR-154,"ZACA STATION RD.",2112.00,E,N,C,-,Y,,,154,,,,,,,Y,1,1,2,2,A,-,03,22350,,N,A,C,A,B,H,-,A,D,0,,,,,Y,,D,22,0,0,2,0,0,0,0,0,0,"- ","- ",34.680799999999998,-120.15394999999999,"SANTA BARBARA",UNINCORPORATED,-120.15394404,34.680823660000001
90120551,2016,2016-05-24,9755,2016-02-17,2000,017255,,3,2,9,4200,0,1,2,,2,004,"US-101 N/B","GAVIOTA TUNNEL",5280.00,N,N,A,-,Y,,,101,,,,,,N,Y,2,0,1,1,A,-,03,22350,,N,E,I,A,B,H,-,D,D,0,,,,,Y,,A,01,1,0,0,0,0,0,0,0,0,"- ","- ",34.493940000000002,-120.2282,"SANTA BARBARA",UNINCORPORATED,-120.22819018,34.49396634
9013209,2019,2020-02-13,4200,2019-12-14,2057,5104,14,6,5,4,4214,0,0,0,,0,060,"MANDARIN DR","MAGNOLIA AV",27.00,W,N,A,-,N,,,,,,,,,,N,2,0,1,2,A,-,01,21200,5,N,B,G,A,A,H,-,C,D,0,,Y,,,Y,Y,L,04,1,0,0,0,0,0,1,0,0,"- ","- ",,,"SANTA BARBARA",GOLETA,-119.82798767089844,34.437397003173828
90140509,2015,2016-03-21,9760,2015-10-17,0110,020511,,6,3,9,4200,0,1,2,,2,010,"US-101 S/B (EL CAMINO REAL)","EVANS AVE",2357.00,N,N,A,-,Y,,,101,,,,,,S,Y,1,1,0,3,A,-,08,22107,,N,B,E,A,A,H,-,D,D,0,,,,Y,Y,,A,08,0,0,0,0,0,0,0,0,0,"- ","- ",34.420749999999998,-119.60638,"SANTA BARBARA",UNINCORPORATED,-119.60637885,34.420670899999998
90151167,2016,2016-04-05,9760,2016-03-29,0837,015658,,2,1,4,4214,0,1,2,,2,020,"US 101 N/B (EL CAMINO REAL)","PATTERSON AVE",900.00,N,N,A,-,Y,,,,,,,,,,Y,2,0,1,2,A,-,07,21658,A,N,B,C,A,A,H,-,A,D,0,,,,,Y,,A,01,1,0,0,0,0,0,0,0,0,"- ","- ",34.441040000000001,-119.81665,"SANTA BARBARA",GOLETA,-119.81083,34.4422
90164569,2016,2016-04-27,9755,2016-04-18,1440,013618,,1,2,9,4200,0,1,3,,1,053,"STATE ROUTE 246","TULAROSA ROAD",1584.00,E,N,A,-,Y,,,246,,,,,,,Y,2,0,1,2,A,-,06,21750,,N,D,C,A,A,H,-,A,D,0,,,Y,Y,Y,,C,02,1,0,0,0,0,0,0,0,1,"- ","- ",34.664569999999998,-120.3683,"SANTA BARBARA",UNINCORPORATED,-120.36830003,34.664606849999998
90167056,2016,2016-04-27,9750,2016-04-23,0657,015915,,6,1,9,4200,0,1,2,,2,003,"US 101 S/B","PALMER ROAD",10560.00,S,N,A,-,Y,,,,,,,,,,Y,2,0,4,1,A,-,08,22107,,N,F,A,A,A,H,-,A,D,0,,,,,Y,,A,01,1,1,2,0,0,0,0,0,0,"- ","- ",34.775100000000002,-120.31100000000001,"SANTA BARBARA",UNINCORPORATED,-120.30822779,34.771763409999998
90171674,2016,2016-05-03,9755,2016-04-06,0534,017884,,3,3,9,4200,0,1,3,,1,053,"SR-246 E/B","SWEENEY RD",391.00,E,N,A,-,Y,,,246,,,,,,E,N,1,1,0,2,A,-,11,21954,A,N,B,B,E,A,H,-,D,D,0,Y,,,,Y,,N,60,0,0,0,1,0,0,0,0,0,"- ","- ",34.645800000000001,-120.4288,"SANTA BARBARA",UNINCORPORATED,-120.42883698999999,34.645825109999997
90185308,2016,2016-05-23,9760,2016-03-12,1430,020777,,6,2,9,4200,0,1,2,,2,010,"US-101 SOUTHBOUND","SAN YSIDRO ROAD",723.00,S,N,A,-,Y,,,101,,,,,,S,Y,1,2,0,1,A,-,08,22107,,N,E,I,A,A,H,-,A,D,0,,,,,Y,,A,01,0,0,0,0,0,0,0,0,0,"- ","- ",34.42163,-119.62938,"SANTA BARBARA",UNINCORPORATED,-119.62936882,34.421666500000001
90186280,2016,2016-05-24,9760,2016-05-14,1003,020528,,6,1,9,4200,0,3,5,,2,002,"WEST CAMINO CIELO (FORREST ROUTE 5N12)","WINCHESTER CANYON GUN CLUB",5280.00,W,N,B,-,N,,,,,,,,,,N,2,0,1,1,A,-,03,22350,,N,F,A,A,A,A,H,A,D,0,,,Y,,Y,,C,02,1,0,0,0,0,0,0,0,1,"- ","- ",34.507730000000002,-119.87312,"SANTA BARBARA",UNINCORPORATED,,
90193962,2016,2016-06-03,9755,2016-05-18,0615,016058,,3,1,9,4200,0,1,3,,1,042,"STATE ROUTE 154","LIVE OAK RD",4224.00,W,N,B,-,Y,,,154,,,,,,,Y,2,0,2,2,A,-,01,23152,A,N,A,C,A,A,H,-,A,D,0,,,,,Y,Y,A,01,2,0,0,0,0,0,0,0,0,"- ","- ",34.546999999999997,-119.89107,"SANTA BARBARA",UNINCORPORATED,-119.89107027999999,34.547144070000002
90197214,2016,2016-06-08,9760,2016-05-25,1240,015669,,3,1,9,4200,0,2,4,,2,026,"CATHEDRAL OAKS ROAD","SR-154 E/B ON AND OFF RAMPS",0.00,,Y,A,-,Y,,,,,,,,,,Y,2,0,1,2,A,-,09,21802,A,N,D,C,A,A,H,-,A,A,0,,,Y,,Y,,A,01,1,0,0,0,0,0,0,0,1,"- ","- ",34.451140000000002,-119.76291999999999,"SANTA BARBARA",UNINCORPORATED,,
90222955,2016,2016-07-14,9750,2016-07-09,0600,020510,,6,1,9,4200,0,2,4,,1,024,"CLARK AVENUE","TELEPHONE RD",0.00,,Y,B,-,N,,,,,,,,,,Y,2,0,1,2,A,-,12,22450,A,N,D,C,A,A,H,-,A,A,0,,,,,Y,,A,01,1,0,0,0,0,0,0,0,0,"- ","- ",34.865340000000003,-120.38325,"SANTA BARBARA",UNINCORPORATED,-120.38319998999999,34.865330059999998
90231517,2016,2016-12-29,9760,2016-06-26,1756,017603,,7,2,5,4203,0,1,2,,2,011,"US-101 S/B","LAS POSITAS RD",595.00,S,N,A,-,Y,,,101,,,,,,S,Y,2,0,5,1,A,-,01,23152,A,N,F,A,A,A,H,-,A,D,0,,,,,Y,Y,D,22,1,4,0,0,0,0,0,0,0,"- ","- ",34.427909999999997,-119.73350000000001,"SANTA BARBARA","SANTA BARBARA",-119.73350026999999,34.427907949999998
90242406,2016,2016-08-11,9760,2016-08-04,0437,020226,,4,3,9,4200,0,1,3,,1,022,"SR-154 WESTBOUND","PARADISE ROAD",4.00,W,N,E,-,Y,,,154,,,,,,W,N,2,0,1,1,A,-,03,22350,,N,E,I,A,A,H,-,D,D,0,,,Y,,Y,,C,02,1,0,0,0,0,0,0,0,1,"- ","- ",34.533639999999998,-119.85778999999999,"SANTA BARBARA",UNINCORPORATED,-119.8578277,34.533550830000003
90242420,2016,2016-08-11,9760,2016-08-05,2500,020226,,5,4,3,4205,0,3,5,,2,001,"VIA REAL","NIDEVER ROAD",445.00,S,N,A,-,N,,,,,,,,,,N,2,0,1,2,A,-,08,22107,,F,G,B,E,A,H,-,D,D,0,Y,,,,Y,,-,99,1,0,0,0,1,0,0,0,0,"- ","- ",34.41601,-119.55916999999999,"SANTA BARBARA",CARPINTERIA,-119.55920733000001,34.416003310000001
90248438,2016,2016-08-19,9755,2016-08-17,1300,012436,,3,1,9,4200,0,1,3,,1,051,SR-1,SR-246,2865.00,S,N,A,-,Y,,,1,,,,,,,Y,2,0,2,3,A,-,05,21460,A,N,B,C,A,A,H,-,A,D,0,,,,Y,Y,,F,26,1,1,0,0,0,0,0,0,0,"- ","- ",34.634120000000003,-120.43245,"SANTA BARBARA",UNINCORPORATED,-120.43244111999999,34.634128609999998
90249971,2016,2016-08-22,9750,2016-06-30,0240,018786,,4,3,5,4204,0,1,2,,2,001,"US-101 N/B (LOREN D. SCRUGGS MEM. HWY)","BETTERAVIA RD",4634.00,S,N,A,-,Y,,,101,,,,,,N,Y,1,1,0,1,A,-,01,23152,A,N,E,I,A,A,H,-,C,D,0,,,,,Y,Y,A,01,0,0,0,0,0,0,0,0,0,"- ","- ",34.918979999999998,-120.41759999999999,"SANTA BARBARA","SANTA MARIA",-120.41786822,34.918982819999997
90257354,2016,2016-08-30,9750,2016-08-29,0045,020323,,1,3,9,4200,0,1,2,,2,003,"US-101 S/B (EL CAMINO REAL)","CAT CANYON RD",4752.00,N,N,A,-,Y,,,101,,,,,,S,Y,2,0,2,1,A,-,01,23153,A,N,F,A,A,A,H,-,D,D,0,,,,,Y,Y,A,08,1,1,0,0,0,0,0,0,0,"- ","- ",34.78586,-120.32216,"SANTA BARBARA",UNINCORPORATED,-120.32218902,34.785804429999999
90265420,2016,2016-09-12,9755,2016-08-20,0013,018483,,6,3,9,4200,0,3,5,,2,040,"SANTA BARBARA AVENUE NORTHBOUND","OLIVET AVENUE",1199.00,S,N,A,-,N,,,,,,,,,,Y,1,1,0,1,A,-,01,23152,A,N,E,I,A,A,H,-,D,D,0,,,,,Y,Y,D,22,0,0,0,0,0,0,0,0,0,"- ","- ",34.659959999999998,-120.11834,"SANTA BARBARA",UNINCORPORATED,-120.11946832,34.660919900000003
90267618,2016,2016-09-14,9760,2016-08-20,2012,020226,,6,2,4,4214,0,1,3,,2,027,"US-101 N/B TO SR-217 W/B","PATTERSON AVENUE",1150.00,N,N,A,-,Y,,,101,,,,R,,N,Y,2,0,1,1,A,-,03,22350,,N,E,I,A,A,H,-,C,D,0,,,Y,,Y,,C,02,1,0,0,0,0,0,0,0,1,"- ","- ",34.441920000000003,-119.81246,"SANTA BARBARA",GOLETA,-119.81246,34.441920000000003
90285349,2016,2016-10-06,9760,2016-04-12,2232,020908,,2,3,9,4200,0,1,2,,2,020,"US-101 N/B (EL CAMINO REAL)","TURNPIKE ROAD",2356.00,S,N,A,-,Y,,,101,,,,,,N,Y,1,1,1,2,A,-,11,21954,A,N,G,B,E,A,H,-,D,D,0,Y,,,,Y,,N,60,0,1,0,1,0,0,0,0,0,"- ","- ",34.442120000000003,-119.78127000000001,"SANTA BARBARA",UNINCORPORATED,-119.78127069999999,34.442142439999998
90293208,2016,2016-10-17,9750,2016-10-12,1950,018454,,3,2,5,4204,0,1,2,,2,001,"US-101 N/B (EL CAMINO REAL)","BROADWAY ST",3696.00,S,N,A,-,Y,,,101,,,,,,N,Y,2,0,1,1,A,-,08,22107,,N,E,I,A,A,H,-,D,D,0,,,,,Y,,A,01,1,0,0,0,0,0,0,0,0,"- ","- ",34.972070000000002,-120.42552000000001,"SANTA BARBARA","SANTA MARIA",-120.42558871999999,34.972027339999997
90310795,2016,2016-11-03,9755,2016-10-11,1625,015973,,2,2,9,4200,0,3,5,,2,050,"FLORADALE AVE","OCEAN AVE.",3696.00,N,N,A,-,N,,,,,,,,,,Y,2,0,1,2,A,-,03,22350,,N,D,C,A,A,H,-,A,D,0,,,Y,,Y,,C,02,1,0,0,0,0,0,0,0,1,"- ","- ",34.650370000000002,-120.49296,"SANTA BARBARA",UNINCORPORATED,-120.49299394000001,34.650031560000002
9031662,2020,2020-02-26,4203,2020-01-23,1332,24576,62,4,5,5,4203,0,0,0,,0,001,"MILPAS ST","MONTECITO ST",7.00,N,N,A,-,N,,,,,,,,,,,2,0,1,2,A,-,10,21950,A,N,G,B,B,A,H,-,A,A,0,Y,,,,Y,,D,22,1,0,0,0,1,0,0,0,0,"- ","- ",34.424461364746094,-119.68282318115234,"SANTA BARBARA","SANTA BARBARA",-119.68282318115234,34.424472808837891
9032144,2019,2020-02-05,4203,2019-12-20,1515,7775,,5,5,5,4203,0,0,0,,0,,"MEIGS RD","LIGHTHOUSE WY",0.00,,Y,A,-,N,,,,,,,,,,Y,2,0,1,3,D,-,00,,,F,D,C,A,A,H,-,A,D,0,,,Y,,Y,,-,"- ",1,0,0,0,0,0,0,0,1,"- ","- ",34.987518310546875,-119.72242736816406,"SANTA BARBARA","SANTA BARBARA",-119.72087097167969,34.396938323974609
90329346,2016,2016-11-25,9750,2016-11-18,1650,017379,,5,2,9,4200,0,1,3,,1,011,SR-166,"BLACK ROAD",150.00,W,N,A,-,Y,,,166,,,,,,,Y,2,0,1,2,A,-,05,21650,,N,A,C,A,A,H,-,B,D,0,,,,Y,Y,,A,01,1,0,0,0,0,0,0,0,0,"- ","- ",34.95532,-120.49033,"SANTA BARBARA",UNINCORPORATED,-120.49032526000001,34.955398760000001
90337310,2016,2016-12-06,9760,2016-11-21,0215,021300,,1,3,5,4203,0,1,2,,2,020,"US-101 N/B TO HOPE AVE","US-101 N/B",95.00,E,N,A,-,Y,,,101,,,,R,,N,Y,2,0,1,1,A,-,01,23152,A,N,E,I,A,B,H,-,C,D,0,,,,,Y,Y,A,01,1,0,0,0,0,0,0,0,0,"- ","- ",34.433799999999998,-119.74782,"SANTA BARBARA","SANTA BARBARA",-119.74782,34.433799999999998
90338447,2016,2016-12-06,9760,2016-11-29,1725,017374,,2,2,5,4203,0,1,2,,2,011,"US-101 N/B","ARRELLAGA ST",1056.00,S,N,A,-,Y,,,101,,,,,,N,Y,2,0,1,2,A,-,07,21658,A,F,F,A,A,A,H,-,B,D,0,,,Y,,Y,,A,01,1,0,0,0,0,0,0,0,1,"- ","- ",34.418039999999998,-119.70989,"SANTA BARBARA","SANTA BARBARA",-119.70990136,34.418023099999999
9034188,2019,2020-06-30,4204,2019-10-25,1605,21338,99,5,5,5,4204,0,0,0,,0,003,"BETTERAVIA RD","RT 101",0.00,,Y,A,-,Y,SB,5,101,-,-,86.690,R,4,N,N,2,0,1,2,A,-,12,21453,A,N,D,C,A,A,H,-,A,A,0,,,Y,,Y,,A,01,1,0,0,0,0,0,0,0,1,"- ",NO,34.923500061035156,-120.41779327392578,"SANTA BARBARA","SANTA MARIA",-120.41781616210938,34.925075531005859
90357460,2016,2016-12-29,9750,2016-10-25,0628,014358,,2,1,9,4200,0,1,3,,1,062,"STATE ROUTE 166","TEPUSQUET ROAD",2112.00,W,N,A,-,Y,,,,,,,,,,Y,1,1,1,2,A,-,05,21460,A,N,A,C,A,A,H,-,D,D,0,,,,Y,Y,,A,08,0,1,0,0,0,0,0,0,0,"- ","- ",35.011600000000001,-120.12529000000001,"SANTA BARBARA",UNINCORPORATED,,
90384192,2017,2017-03-31,9760,2017-01-20,2011,021476,,5,2,9,4200,0,3,5,,2,002,"SANDSPIT RD., 5900 BLOCK","GOLETA BEACH ENTRANCE RD.",160.00,E,N,A,-,N,,,,,,,,,,Y,2,0,1,1,A,-,08,22107,,N,F,A,A,D,H,-,D,D,0,,,Y,,Y,,C,02,1,0,0,0,0,0,0,0,1,"- ","- ",34.417349999999999,-119.83071,"SANTA BARBARA",UNINCORPORATED,,
90388291,2017,2017-02-08,9760,2017-01-29,1822,020965,,7,2,5,4203,0,1,2,,2,011,"US-101 N/B TO CARRILLO ST","CARRILLO ST",365.00,S,N,A,-,Y,,,101,,,,R,,N,Y,2,0,1,2,A,-,11,21954,A,N,G,B,E,A,H,-,D,D,0,Y,,,,Y,,N,60,1,0,0,0,1,0,0,0,0,"- ","- ",34.415849999999999,-119.70602,"SANTA BARBARA","SANTA BARBARA",-119.70602,34.415849999999999
90393533,2017,2017-02-15,9760,2017-02-04,1307,021476,,6,1,9,4200,0,1,3,,1,022,"SR-154 W/B","PAINTED CAVE RD",1950.00,E,N,A,-,Y,,,154,,,,,,W,Y,2,0,1,1,A,-,03,22350,,N,E,I,A,A,H,-,A,D,0,,,Y,,Y,,C,02,1,0,0,0,0,0,0,0,1,"- ","- ",34.487859999999998,-119.79237999999999,"SANTA BARBARA",UNINCORPORATED,-119.79243348,34.48780292
90401205,2017,2017-02-27,9755,2017-02-18,2003,017884,,6,2,9,4200,0,3,5,,2,050,"JONATA PARK ROAD","BOBCAT SPRINGS RD",16.00,S,N,B,-,N,,,,,,,,,,Y,2,0,3,1,A,-,03,22350,,N,E,I,A,B,B,-,D,D,0,,,,,Y,,A,01,1,1,1,0,0,0,0,0,0,"- ","- ",34.633659999999999,-120.18736,"SANTA BARBARA",UNINCORPORATED,-120.18762747,34.633088499999999
90413626,2016,2017-03-16,9760,2016-12-18,1625,020908,,7,2,9,4200,0,1,3,,1,014,"SR-192 (FOOTHILL ROAD)","TORO CANYON ROAD",380.00,E,N,A,-,Y,,,192,,,,,,,Y,1,1,0,2,A,-,03,22350,,N,F,A,A,A,H,-,A,D,0,,,Y,,Y,,C,02,0,0,0,0,0,0,0,1,0,"- ","- ",34.426490000000001,-119.57351,"SANTA BARBARA",UNINCORPORATED,-119.57352047000001,34.42651979
90443750,2017,2017-04-27,9760,2017-04-19,0635,019446,,3,1,9,4200,0,1,2,,2,010,"US-101 N/B",SR-150,1185.00,S,N,A,-,Y,,,101,,,,,,N,Y,2,0,1,2,A,-,03,22350,,N,C,C,A,A,H,-,B,D,0,,,Y,,Y,,C,02,1,0,0,0,0,0,0,0,1,"- ","- ",34.381169999999997,-119.48219,"SANTA BARBARA",UNINCORPORATED,-119.48218764000001,34.381171209999998
90451519,2017,2017-05-08,9755,2017-05-07,0235,020777,,7,3,9,4200,0,1,3,,2,041,"HIGHWAY 246, WESTBOUND","HIGH MEADOW DR",351.00,E,N,C,-,N,,,,,,,,,,Y,2,0,1,1,A,-,01,23152,A,N,E,I,A,B,H,-,D,D,0,,,,,Y,Y,A,01,1,0,0,0,0,0,0,0,0,"- ","- ",34.600059999999999,-120.12581,"SANTA BARBARA",UNINCORPORATED,-120.12588452999999,34.599937740000001
90462286,2017,2017-05-24,9760,2017-03-21,1445,020483,,2,2,9,4200,0,1,3,,1,022,"SR-154 (SAN MARCOS PASS)","PAINTED CAVE ROAD",4400.00,E,N,C,-,Y,,,154,,,,,,,Y,1,2,2,2,A,-,03,22350,,N,A,C,A,B,H,-,A,D,0,,,,,Y,,A,01,0,1,1,0,0,0,0,0,0,"- ","- ",34.48921,-119.78424,"SANTA BARBARA",UNINCORPORATED,-119.78418938999999,34.489176069999999