CASE_ID,ACCIDENT_YEAR,PROC_DATE,JURIS,COLLISION_DATE,COLLISION_TIME,OFFICER_ID,REPORTING_DISTRICT,DAY_OF_WEEK,CHP_SHIFT,POPULATION,CNTY_CITY_LOC,SPECIAL_COND,BEAT_TYPE,CHP_BEAT_TYPE,CITY_DIVISION_LAPD,CHP_BEAT_CLASS,BEAT_NUMBER,PRIMARY_RD,SECONDARY_RD,DISTANCE,DIRECTION,INTERSECTION,WEATHER_1,WEATHER_2,STATE_HWY_IND,CALTRANS_COUNTY,CALTRANS_DISTRICT,STATE_ROUTE,ROUTE_SUFFIX,POSTMILE_PREFIX,POSTMILE,LOCATION_TYPE,RAMP_INTERSECTION,SIDE_OF_HWY,TOW_AWAY,COLLISION_SEVERITY,NUMBER_KILLED,NUMBER_INJURED,PARTY_COUNT,PRIMARY_COLL_FACTOR,PCF_CODE_OF_VIOL,PCF_VIOL_CATEGORY,PCF_VIOLATION,PCF_VIOL_SUBSECTION,HIT_AND_RUN,TYPE_OF_COLLISION,MVIW,PED_ACTION,ROAD_SURFACE,ROAD_COND_1,ROAD_COND_2,LIGHTING,CONTROL_DEVICE,CHP_ROAD_TYPE,PEDESTRIAN_ACCIDENT,BICYCLE_ACCIDENT,MOTORCYCLE_ACCIDENT,TRUCK_ACCIDENT,NOT_PRIVATE_PROPERTY,ALCOHOL_INVOLVED,STWD_VEHTYPE_AT_FAULT,CHP_VEHTYPE_AT_FAULT,COUNT_SEVERE_INJ,COUNT_VISIBLE_INJ,COUNT_COMPLAINT_PAIN,COUNT_PED_KILLED,COUNT_PED_INJURED,COUNT_BICYCLIST_KILLED,COUNT_BICYCLIST_INJURED,COUNT_MC_KILLED,COUNT_MC_INJURED,PRIMARY_RAMP,SECONDARY_RAMP,LATITUDE,LONGITUDE,COUNTY,CITY,POINT_X,POINT_Y
9046857,2020,2020-05-28,4203,2020-02-09,0113,23781,53,7,5,5,4203,0,0,0,,0,005,"CALLE REAL","PEACH GROVE LN",15.00,E,N,A,-,N,,,,,,,,,,N,2,0,1,1,A,-,01,23152,A,N,E,I,A,A,H,-,C,D,0,,,,,Y,Y,A,01,1,0,0,0,0,0,0,0,0,"- ","- ",34.431499481201172,-119.74420166015625,"SANTA BARBARA","SANTA BARBARA",-119.744140625,34.431415557861328
90469260,2017,2017-06-01,9760,2017-05-25,0735,016739,,4,1,9,4200,0,1,3,,1,022,"SR-154 (SAN MARCOS PASS RD.)","SAN MARCOS RD.",2112.00,E,N,B,C,Y,,,154,,,,,,,Y,2,0,2,2,A,-,03,22350,,N,A,C,A,B,H,-,A,D,0,,,,,Y,,A,01,1,1,0,0,0,0,0,0,0,"- ","- ",34.486870000000003,-119.79008,"SANTA BARBARA",UNINCORPORATED,-119.79006719,34.486779419999998
90470245,2017,2017-06-02,9760,2017-05-12,0230,020964,,5,3,9,4200,0,3,5,,2,001,"GIBRALTAR RD","EL CIELITO RD",7392.00,N,N,A,-,N,,,,,,,,,,Y,2,0,5,1,A,-,03,22350,,F,E,I,A,A,H,-,D,D,0,,,,,Y,,A,01,1,4,0,0,0,0,0,0,0,"- ","- ",34.470570000000002,-119.67918,"SANTA BARBARA",UNINCORPORATED,-119.67986552000001,34.463032329999997
90488383,2017,2017-06-27,9755,2017-06-20,0525,020202,,2,3,9,4200,0,3,5,,2,050,"OCEAN AVE","FLORADALE AVE",0.00,,Y,A,-,Y,,,,,,,,,,Y,2,0,1,2,A,-,09,21802,A,F,D,C,A,A,H,-,D,A,0,,,Y,,Y,,D,22,1,0,0,0,0,0,0,0,1,"- ","- ",34.639899999999997,-120.4931,"SANTA BARBARA",UNINCORPORATED,-120.49315996,34.63988003
90499430,2017,2017-07-12,9750,2017-07-08,1158,017910,,6,1,9,4200,0,1,3,,1,023,SR-135,"HARRIS GRADE RD",80.00,S,N,A,-,Y,,,135,,,,,,,N,2,0,1,1,A,-,03,22350,,N,F,A,A,A,H,-,A,D,0,,Y,,,Y,,L,04,1,0,0,0,0,0,1,0,0,"- ","- ",34.76632,-120.42386,"SANTA BARBARA",UNINCORPORATED,-120.42384804,34.76634653
90500351,2017,2017-07-13,9760,2017-02-18,2200,021476,,6,3,9,4200,0,1,2,,2,020,"US-101 N/B TO EL SUENO ROAD","CALLE REAL",55.00,S,N,B,-,Y,,,101,,,,R,,N,Y,1,1,0,1,A,-,03,22350,,N,E,I,A,B,H,-,D,D,0,,,,,Y,,A,08,0,0,0,0,0,0,0,0,0,"- ","- ",34.441279999999999,-119.76929,"SANTA BARBARA",UNINCORPORATED,-119.76929,34.441279999999999
90523671,2017,2017-08-15,9760,2017-08-06,1400,020964,,7,2,9,4200,0,1,3,,1,022,"STATE ROUTE 154 (SAN MARCOS PASS ROAD)","PAINTED CAVE RD",5280.00,E,N,A,-,Y,,,154,,,,,,,Y,2,0,2,1,A,-,01,23152,A,N,E,I,A,A,H,-,A,D,0,,,,,Y,Y,D,22,2,0,0,0,0,0,0,0,0,"- ","- ",34.489490000000004,-119.78207999999999,"SANTA BARBARA",UNINCORPORATED,-119.78205122,34.489514919999998
90541541,2017,2017-09-06,9760,2017-08-27,1305,021300,,7,1,9,4200,0,3,5,,2,001,"GIBRALTAR RD","EAST CAMINO CIELO",2957.00,S,N,A,-,N,,,,,,,,,,N,2,0,1,1,A,-,08,22107,,N,E,I,A,A,H,-,A,D,0,,Y,,,Y,,L,04,1,0,0,0,0,0,1,0,0,"- ","- ",34.484380000000002,-119.68449,"SANTA BARBARA",UNINCORPORATED,-119.69130011,34.492322059999999
90562292,2017,2017-10-03,9750,2017-09-23,2358,020510,,6,3,5,4204,0,3,5,,2,030,"DOMINION RD","FOXEN CANYON RD",1283.00,S,N,A,-,N,,,,,,,,,,Y,2,0,6,2,A,-,01,23152,A,N,E,E,A,A,H,-,D,D,0,,,,,Y,Y,D,22,2,0,4,0,0,0,0,0,0,"- ","- ",34.906939999999999,-120.34775,"SANTA BARBARA","SANTA MARIA",-120.34782484999999,34.907022310000002
90571121,2017,2017-10-16,9760,2017-10-06,1310,16739,,5,1,4,4214,0,1,2,,1,030,"US-101 N/B (EL CAMINO REAL)","GLEN ANNIE RD.",2112.00,N,N,A,-,Y,,,101,,,,,,N,Y,2,0,3,1,A,-,08,22107,,N,E,I,A,A,H,-,A,D,0,,,,,Y,,A,01,1,1,1,0,0,0,0,0,0,"- ","- ",34.432769999999998,-119.87754,"SANTA BARBARA",GOLETA,-119.87754996,34.432846259999998
90576097,2017,2017-10-23,9755,2017-10-13,1855,021818,,5,2,9,4200,0,3,5,,2,040,"ALAMO PINTADO RD","BASELINE AVE",1584.00,N,N,A,-,N,,,,,,,,,,N,2,0,1,2,A,-,08,22107,,F,G,B,E,A,H,-,C,D,0,Y,,,,Y,,-,99,1,0,0,0,1,0,0,0,0,"- ","- ",34.639200000000002,-120.1152,"SANTA BARBARA",UNINCORPORATED,-120.11557268,34.640079909999997
90582582,2017,2017-10-30,9750,2017-10-27,2340,020511,,5,3,9,4200,0,3,5,,2,060,"FOOTHILL RD","KIRSCHENMANN RD",8026.00,E,N,A,-,N,,,,,,,,,,Y,2,0,1,1,A,-,08,22107,,N,F,A,A,A,H,-,D,D,0,,,,,Y,,A,07,1,0,0,0,0,0,0,0,0,"- ","- ",34.897919999999999,-119.5685,"SANTA BARBARA",UNINCORPORATED,-119.56874737,34.897938740000001
90598583,2017,2017-11-20,9750,2017-11-13,1415,016542,,1,2,9,4200,0,3,5,,2,030,"FOXEN CANYON RD","ALISO CANYON RD",9715200.00,S,N,A,-,N,,,,,,,,,,Y,2,0,1,1,A,-,08,22107,,N,E,I,A,A,H,-,A,D,0,,,,,Y,,A,01,1,0,0,0,0,0,0,0,0,"- ","- ",34.776020000000003,-120.1493,"SANTA BARBARA",UNINCORPORATED,-120.1332,34.7241
90603900,2017,2017-11-28,9750,2017-11-24,1545,018786,,5,2,9,4200,0,3,5,,2,020,"CALIFORNIA BLVD","FLAGSTONE DR",0.00,,Y,A,-,N,,,,,,,,,,Y,2,0,1,2,A,-,01,23152,A,N,B,C,A,A,H,-,A,D,0,,,Y,,Y,Y,C,02,1,0,0,0,0,0,0,0,1,"- ","- ",34.87012,-120.4469,"SANTA BARBARA",UNINCORPORATED,-120.44697995,34.870100059999999
90611923,2017,2017-12-07,9760,2017-11-27,1505,020804,,1,2,9,4200,0,3,5,,2,002,"N. SAN MARCOS RD.",SR-154,3200.00,S,N,A,-,N,,,,,,,,,,Y,2,0,2,2,A,-,01,23152,A,N,A,C,A,A,H,-,A,D,0,,,,,Y,Y,D,22,1,0,1,0,0,0,0,0,0,"- ","- ",34.482329999999997,-119.79797000000001,"SANTA BARBARA",UNINCORPORATED,,
90615342,2017,2017-12-12,9750,2017-12-11,0240,019656,,1,3,9,4200,0,1,3,,1,062,SR-166,"CABLE CORRAL RD",3168.00,W,N,A,-,Y,,,166,,,,,,,Y,2,0,1,1,A,-,01,23152,A,N,F,A,A,A,H,-,D,D,0,,,,,Y,Y,A,01,1,0,0,0,0,0,0,0,0,"- ","- ",35.106819999999999,-120.10651,"SANTA BARBARA",UNINCORPORATED,-120.10660126000001,35.106861260000002
90615702,2017,2017-12-12,9755,2017-12-09,1915,012436,,6,2,9,4200,0,3,5,,2,040,"ROBLAR AVE","CALZADA AVE",700.00,E,N,A,-,N,,,,,,,,,,Y,2,0,1,1,A,-,08,22107,,N,E,I,A,A,H,-,D,D,0,,,,,Y,,A,01,1,0,0,0,0,0,0,0,0,"- ","- ",34.650089999999999,-120.08664,"SANTA BARBARA",UNINCORPORATED,-120.08678383,34.650125240000001
90617622,2017,2018-10-29,9760,2017-12-11,1045,020495,,1,1,4,4214,0,1,2,,2,020,"US-101 SOUTHBOUND (EL CAMINO REAL)",SR-217,415.00,S,N,A,-,Y,,,101,,,,,,S,Y,1,1,0,1,A,-,08,22107,,N,E,I,A,A,H,-,A,D,0,,,,,Y,,D,22,0,0,0,0,0,0,0,0,0,"- ","- ",34.441569999999999,-119.81171999999999,"SANTA BARBARA",GOLETA,-119.81172952,34.441632800000001
90632212,2017,2018-01-03,9750,2017-12-24,2015,017884,,7,2,9,4200,0,1,3,,1,021,"SR-135 N/B","CLARK AVE",3168.00,N,N,A,-,Y,,,135,,,,,,N,N,2,0,1,2,A,-,11,21954,A,F,G,B,D,A,H,-,D,D,0,Y,,,,Y,Y,N,60,1,0,0,0,1,0,0,0,0,"- ","- ",34.873869999999997,-120.43653,"SANTA BARBARA",UNINCORPORATED,-120.43658205,34.87387004
90633266,2018,2018-01-04,9760,2018-01-02,1647,018431,,2,2,9,4200,0,1,2,,1,040,"US-101 S/B","MARIPOSA REINA",5808.00,S,N,B,-,Y,,,101,,,,,,S,Y,2,0,2,1,A,-,08,22107,,N,F,A,A,A,H,-,A,D,0,,,,,Y,,D,22,1,1,0,0,0,0,0,0,0,"- ","- ",34.471458435058594,-120.1878662109375,"SANTA BARBARA",UNINCORPORATED,-120.1878662109375,34.471527099609375
90641344,2018,2018-01-17,9750,2018-01-15,1530,017267,,1,2,9,4200,0,3,5,,2,030,"TELEPHONE ROAD (2700 BLOCK)","BETTERAVIA ROAD",256.00,S,N,A,-,N,,,,,,,,,,Y,2,0,4,2,A,-,03,22350,,N,C,C,A,A,H,-,A,D,0,,,,,Y,,A,01,1,2,1,0,0,0,0,0,0,"- ","- ",34.922760009765625,-120.38292694091797,"SANTA BARBARA",UNINCORPORATED,-120.38288116455078,34.922836303710938
90651505,2017,2018-01-30,9755,2017-12-13,1300,013618,,3,1,9,4200,0,3,5,,2,050,"JALAMA BEACH ROAD","RT 1",30096.00,W,N,A,-,N,,,,,,,,,,Y,1,1,0,1,A,-,01,23152,A,N,E,I,A,A,H,-,A,D,0,,,,,Y,Y,D,22,0,0,0,0,0,0,0,0,0,"- ","- ",34.527940000000001,-120.39884000000001,"SANTA BARBARA",UNINCORPORATED,,
90656049,2017,2018-02-06,9760,2017-11-11,1647,020965,,6,2,9,4200,0,1,3,,1,022,"SR-154 (SAN MARCOS PASS ROAD)","SALVAR RD",1292.00,W,N,A,-,Y,,,154,,,,,,,Y,1,1,1,1,A,-,01,23152,F,N,F,A,A,A,H,-,A,D,0,,,,,Y,,A,01,0,1,0,0,0,0,0,0,0,"- ","- ",34.458150000000003,-119.76924,"SANTA BARBARA",UNINCORPORATED,-119.76921622,34.458163110000001
90656609,2018,2018-02-07,9760,2018-01-26,2345,021531,,5,3,9,4200,0,2,4,,1,021,"HOLLISTER AVENUE W/B","WALNUT LANE",0.00,,Y,A,-,N,,,,,,,,,,Y,2,0,3,2,A,-,01,23152,A,F,C,C,A,A,H,-,C,A,0,,,,,Y,Y,A,07,1,2,0,0,0,0,0,0,0,"- ","- ",34.434940338134766,-119.80219268798828,"SANTA BARBARA",UNINCORPORATED,-119.80223846435547,34.434951782226562
9066024,2020,2020-09-16,4204,2020-04-24,2349,90276,11,5,5,5,4204,0,0,0,,0,002,BROADWAY,"STOWELL RD",0.00,,Y,A,-,Y,SB,5,135,-,-,14.780,I,5,S,Y,2,0,2,2,A,-,01,23152,A,N,D,C,A,A,H,-,C,A,0,,,,,Y,Y,A,01,1,1,0,0,0,0,0,0,0,"- ","- ",34.938499450683594,-120.43598937988281,"SANTA BARBARA","SANTA MARIA",-120.43610382080078,34.938503265380859
90661503,2018,2018-06-18,9750,2018-02-11,1210,017709,,7,1,9,4200,0,3,5,,2,030,"TEPUSQUET RD",SR-166,12144.00,S,N,A,-,N,,,,,,,,,,Y,2,0,1,1,A,-,03,22350,,N,F,A,A,A,H,-,A,D,0,,,Y,,Y,,C,02,1,0,0,0,0,0,0,0,1,"- ","- ",34.992740631103516,-120.19699096679688,"SANTA BARBARA",UNINCORPORATED,,
90666872,2018,2018-02-22,9760,2018-02-09,2140,021531,,5,2,4,4214,0,1,3,,2,027,"SR-217 W/B","HOLLISTER AVE",3000.00,E,N,A,-,Y,,,217,,,,,,W,Y,2,0,1,1,A,-,01,23152,A,N,E,I,A,A,H,-,C,A,0,,,,,Y,Y,A,07,1,0,0,0,0,0,0,0,0,"- ","- ",34.442081451416016,-119.81211090087891,"SANTA BARBARA",GOLETA,-119.81208801269531,34.442024230957031
90669810,2018,2018-02-26,9755,2018-02-20,1635,016999,,2,2,9,4200,0,1,2,,2,004,"US-101 S/B","DAMASSA RD",4171.00,N,N,A,-,Y,,,101,,,,,,S,Y,2,0,1,1,A,-,08,22107,,N,E,I,A,A,H,-,A,D,0,,,,,Y,,A,01,1,0,0,0,0,0,0,0,0,"- ","- ",34.627769470214844,-120.18868255615234,"SANTA BARBARA",UNINCORPORATED,-120.18845367431641,34.627731323242188
90674717,2018,2018-03-05,9750,2018-02-23,0330,015915,,5,3,9,4200,0,1,3,,1,022,"SR-1 N/B","SAN ANTONIO ROAD EAST",6336.00,N,N,A,-,Y,,,1,,,,,,N,Y,2,0,1,1,A,-,08,22107,,N,F,A,A,A,H,-,D,D,0,,,,,Y,,A,07,1,0,0,0,0,0,0,0,0,"- ","- ",34.779029846191406,-120.47608184814453,"SANTA BARBARA",UNINCORPORATED,-120.47608184814453,34.779075622558594
90687325,2018,2018-03-22,9760,2018-03-12,1205,019464,,1,1,9,4200,0,3,5,,2,002,"SR-192 (CATHEDRAL OAKS RD) EASTBOUND","PATTERSON AVENUE",150.00,W,N,B,-,Y,,,,,,,,,,N,2,0,1,1,C,-,18,,,N,F,A,A,A,H,-,A,D,0,,Y,,,Y,,-,"- ",1,0,0,0,0,0,1,0,0,"- ","- ",34.452808380126953,-119.80944061279297,"SANTA BARBARA",UNINCORPORATED,,
9071356,2020,2020-12-21,4204,2020-06-17,2131,90456,10,3,5,5,4204,0,0,0,,0,002,"MAIN ST","OAKLEY AV",75.00,W,N,A,-,Y,SB,5,166,-,-,7.230,H,-,W,N,2,0,1,2,A,-,11,21954,A,F,G,B,D,A,H,-,C,A,0,Y,,,,Y,Y,N,60,1,0,0,0,1,0,0,0,0,"- ","- ",34.953399658203125,-120.44716644287109,"SANTA BARBARA","SANTA MARIA",-120.44740295410156,34.953304290771484
90718768,2018,2018-05-03,9760,2018-04-20,1635,018786,,5,2,4,4214,0,1,2,,2,020,"US-101 NORTHBOUND","FAIRVIEW AVE",2640.00,S,N,A,-,Y,,,101,,,,,,N,Y,2,0,1,2,A,-,03,22350,,N,C,C,A,A,H,-,A,D,0,,,Y,,Y,,C,02,1,0,0,0,0,0,0,0,1,"- ","- ",34.440689086914062,-119.82160949707031,"SANTA BARBARA",GOLETA,-119.82160186767578,34.440574645996094
90721361,2018,2018-05-07,9750,2018-05-02,1425,017496,,3,2,9,4200,0,3,5,,2,020,"HARRIS GRADE ROAD",SR-135,13200.00,S,N,A,-,N,,,,,,,,,,Y,2,0,1,1,A,-,08,22107,,N,F,A,A,A,H,-,A,D,0,,,Y,,Y,,C,02,1,0,0,0,0,0,0,0,1,"- ","- ",34.739650726318359,-120.43701171875,"SANTA BARBARA",UNINCORPORATED,-120.43712615966797,34.739776611328125
90730191,2018,2018-05-21,9760,2018-05-11,2216,020965,,5,3,9,4200,0,1,3,,1,022,SR-154,"PAINTED CAVE RD",2203.00,E,N,B,-,Y,,,154,,,,,,,Y,2,0,1,3,A,-,05,21651,A,N,B,C,A,B,H,-,D,D,0,,,Y,,Y,,C,02,1,0,0,0,0,0,0,0,1,"- ","- ",34.486751556396484,-119.79067993164062,"SANTA BARBARA",UNINCORPORATED,-119.79067230224609,34.486801147460938
90742885,2018,2018-06-07,9760,2018-05-29,2210,021294,,2,3,5,4203,0,1,2,,2,011,"US-101 N/B","LAS POSITAS RD",94.00,S,N,C,-,Y,,,101,,,,,,N,Y,2,0,3,3,A,-,07,21658,A,N,D,C,A,B,H,-,C,D,0,,,,,Y,,A,01,1,0,2,0,0,0,0,0,0,"- ","- ",34.428020477294922,-119.73329925537109,"SANTA BARBARA","SANTA BARBARA",-119.73329925537109,34.428016662597656
90753328,2018,2018-06-21,9755,2018-06-12,1225,016058,,2,1,9,4200,0,1,2,,2,004,"US-101 S/B",SR-1,5280.00,N,N,A,-,N,,,101,,,,,,S,Y,2,0,1,1,A,-,08,22107,,N,E,J,A,A,H,-,A,D,0,,,,,Y,,A,07,1,0,0,0,0,0,0,0,0,"- ","- ",34.519641876220703,-120.21494293212891,"SANTA BARBARA",UNINCORPORATED,-120.21492004394531,34.519584655761719
90757562,2018,2018-06-28,9760,2018-06-17,2035,021294,,7,2,9,4200,0,1,2,,1,040,"US-101 S/B","REFUGIO ROAD",4520.00,N,N,A,-,Y,,,101,,,,,,S,Y,2,0,1,1,A,-,01,23152,A,N,F,A,A,A,H,-,D,D,0,,,,,Y,Y,A,07,1,0,0,0,0,0,0,0,0,"- ","- ",34.461620330810547,-120.08287048339844,"SANTA BARBARA",UNINCORPORATED,-120.08287811279297,34.461498260498047
90771522,2018,2018-07-18,9760,2018-07-06,2045,021531,,5,2,9,4200,0,3,5,,2,002,"1281 CHANNEL DRIVE","BONNYMEDE DR",290.00,S,N,A,-,N,,,,,,,,,,Y,2,0,1,1,A,-,01,23152,A,N,F,A,A,A,H,-,C,D,0,,,Y,,Y,Y,C,02,1,0,0,0,0,0,0,0,1,"- ","- ",34.416828155517578,-119.64080047607422,"SANTA BARBARA",UNINCORPORATED,-119.64073944091797,34.416805267333984
90780571,2018,2018-07-30,9760,2018-07-22,1423,020423,,7,2,5,4203,0,1,2,,2,011,"US-101 S/B","MILPAS ST",1320.00,N,N,A,-,Y,,,101,,,,,,S,N,2,0,3,3,A,-,03,22350,,F,C,C,A,A,H,-,A,D,0,,,,,Y,Y,D,22,1,2,0,0,0,0,0,0,0,"- ","- ",34.419929504394531,-119.68170166015625,"SANTA BARBARA","SANTA BARBARA",-119.68170166015625,34.419910430908203
90783990,2018,2018-08-03,9760,2018-07-25,1610,017314,,3,2,9,4200,0,3,5,,2,005,"DEL PLAYA DRIVE","CAMINO DEL SUR",525.00,W,N,A,-,N,,,,,,,,,,N,2,0,1,1,A,-,03,22350,,N,F,A,A,A,H,-,A,D,0,,Y,,,Y,,L,04,1,0,0,0,0,0,1,0,0,"- ","- ",34.409751892089844,-119.86431884765625,"SANTA BARBARA",UNINCORPORATED,-119.86432647705078,34.4097900390625
90796783,2018,2018-08-23,9760,2018-03-09,1607,018786,,5,2,9,4200,0,3,5,,2,005,"EL COLEGIO ROAD","STADIUM ROAD",123.00,W,N,A,-,N,,,,,,,,,,Y,1,1,0,1,A,-,08,22107,,N,E,I,A,A,H,-,A,D,0,,,Y,,Y,,C,02,0,0,0,0,0,0,0,1,0,"- ","- ",34.417469024658203,-119.853759765625,"SANTA BARBARA",UNINCORPORATED,-119.85385131835938,34.417259216308594
90801618,2018,2018-08-30,9755,2018-08-25,0150,020323,,6,3,9,4200,0,1,2,,2,004,"US-101 N/B","JONATA PARK RD",5860.00,N,N,A,-,Y,,,101,,,,,,N,Y,1,1,0,1,A,-,08,22107,,N,E,J,A,A,H,-,D,D,0,,,,,Y,,A,01,0,0,0,0,0,0,0,0,0,"- ","- ",34.666511535644531,-120.17279815673828,"SANTA BARBARA",UNINCORPORATED,-120.1728515625,34.666576385498047
9080705,2020,2020-05-26,4202,2020-02-03,1648,00080,LOMPO,1,5,4,4202,0,0,0,,0,,"O ST","BARTON AV",0.00,,Y,A,F,N,,,,,,,,,,N,2,0,1,2,A,-,11,21451,C,N,G,B,B,A,H,-,A,A,0,Y,,,,Y,,N,60,1,0,0,0,1,0,0,0,0,"- ","- ",,,"SANTA BARBARA",LOMPOC,-120.46645355224609,34.657440185546875
90817131,2018,2018-09-20,9760,2018-09-09,2215,021476,,7,3,9,4200,0,1,3,,1,022,SR-154,"VISTA POINT",506.00,E,N,A,-,Y,,,154,,,,,,,Y,2,0,4,2,A,-,08,22107,,N,E,I,A,A,H,-,D,D,0,,,,,Y,,A,01,1,1,2,0,0,0,0,0,0,"- ","- ",34.529830932617188,-119.84072113037109,"SANTA BARBARA",UNINCORPORATED,-119.84071350097656,34.529834747314453
90817528,2018,2018-09-20,9760,2018-09-10,0200,020528,,1,3,9,4200,0,1,2,,1,040,"US-101 NB","ARROYO QUEMADA LN",2686.00,N,N,A,-,Y,,,101,,,,,,N,Y,2,0,1,1,A,-,08,22107,,N,F,A,A,A,H,-,D,D,0,,,,,Y,Y,A,07,1,0,0,0,0,0,0,0,0,"- ","- ",34.467658996582031,-120.10822296142578,"SANTA BARBARA",UNINCORPORATED,-120.10824584960938,34.467594146728516
90832061,2018,2018-10-09,9760,2018-09-28,1135,020495,,5,1,5,4203,0,1,2,,2,011,"US-101 NORTHBOUND (EL CAMINO REAL)","SALINAS STREET",300.00,N,N,A,-,Y,,,101,,,,,,N,Y,2,0,1,2,A,-,07,21658,A,N,B,C,A,A,H,-,A,D,0,,,Y,,Y,,A,07,1,0,0,0,0,0,0,0,1,"- ","- ",34.421001434326172,-119.66777038574219,"SANTA BARBARA","SANTA BARBARA",-119.667724609375,34.420871734619141
90852586,2018,2018-11-05,9750,2018-10-27,0415,020765,,6,3,5,4204,0,1,2,,2,001,"US-101 SOUTHBOUND","DONOVAN RD",2600.00,N,N,A,-,Y,,,101,,,,,,S,Y,2,0,1,1,A,-,08,22107,,N,F,A,A,A,H,-,D,D,0,,,,,Y,,A,07,1,0,0,0,0,0,0,0,0,"- ","- ",34.974128723144531,-120.42716979980469,"SANTA BARBARA","SANTA MARIA",-120.42713928222656,34.974147796630859
90924111,2019,2019-02-12,9750,2019-02-10,0357,020510,,7,3,9,4200,0,1,2,,2,003,"US-101 S/B","MM 101-SB 66.00",1735.00,N,N,C,-,Y,,,101,,,,,,S,Y,2,0,1,1,A,-,01,23152,A,N,E,I,A,B,H,-,D,D,0,,,,,Y,Y,A,07,1,0,0,0,0,0,0,0,0,"- ","- ",34.717258453369141,-120.19737243652344,"SANTA BARBARA",UNINCORPORATED,-120.19739532470703,34.717159271240234
9093827,2020,2020-09-16,4202,2020-04-09,0042,234,4202,4,5,4,4202,0,0,0,,0,,"RT 1","HANCOCK DR",3.00,S,N,A,-,Y,SB,5,1,-,R,23.500,H,-,S,Y,2,0,1,1,D,-,00,,,N,E,J,A,A,H,-,C,A,0,,,,,Y,Y,-,"- ",1,0,0,0,0,0,0,0,0,"- ","- ",,,"SANTA BARBARA",LOMPOC,-120.45802307128906,34.680896759033203
90950755,2019,2019-03-21,9755,2019-03-16,1525,019292,,6,2,9,4200,0,1,3,,1,055,"SR-1 S/B","SANTA LUCIA CANYON RD",2640.00,N,N,A,-,Y,,,1,,,,,,S,Y,2,0,1,1,A,-,01,23152,A,N,E,I,A,A,H,-,A,D,0,,,,,Y,Y,A,07,1,0,0,0,0,0,0,0,0,"- ","- ",34.716770172119141,-120.48960113525391,"SANTA BARBARA",UNINCORPORATED,-120.48966217041016,34.716758728027344
90953905,2019,2019-04-11,9755,2019-01-31,1224,017560,,4,1,9,4200,0,1,2,,2,004,US-101,"RT 1",3696.00,N,N,B,-,Y,,,101,,,,,,,Y,1,2,1,2,A,-,08,22107,,N,D,D,A,B,H,-,A,D,0,,,,,Y,,A,07,1,0,0,0,0,0,0,0,0,"- ","- ",34.517601013183594,-120.21739959716797,"SANTA BARBARA",UNINCORPORATED,-120.2174072265625,34.517604827880859
90957036,2019,2019-03-29,9750,2019-03-26,1732,019070,,2,2,9,4200,0,1,2,,2,003,"US-101 NORTHBOUND","TWIN OAKS",1056.00,S,N,A,-,Y,,,101,,,,,,N,Y,2,0,1,1,A,-,01,23152,A,N,E,I,A,A,H,-,A,D,0,,,,,Y,Y,A,01,1,0,0,0,0,0,0,0,0,"- ","- ",34.717418670654297,-120.19696044921875,"SANTA BARBARA",UNINCORPORATED,-120.19696807861328,34.717376708984375
90965658,2019,2019-04-29,9755,2019-03-29,1918,021818,,5,2,9,4200,0,1,3,,2,041,"SR-246 E/B","REFUGIO RD",30.00,W,N,A,-,Y,,,246,,,,,,E,Y,2,0,3,3,A,-,08,22107,,N,A,C,A,A,H,-,B,A,0,,,,,Y,,A,07,2,0,1,0,0,0,0,0,0,"- ","- ",34.606609344482422,-120.09822845458984,"SANTA BARBARA",UNINCORPORATED,-120.09822845458984,34.606616973876953
90976428,2019,2019-04-26,9760,2019-04-15,1145,019831,,1,1,9,4200,0,3,5,,2,001,"SHEFFIELD DRIVE","ORTEGA HILL ROAD",0.00,,Y,A,-,N,,,,,,,,,,N,2,0,1,1,A,-,03,22350,,N,F,A,A,A,H,-,A,D,0,,Y,,,Y,,L,04,1,0,0,0,0,0,1,0,0,"- ","- ",34.422229766845703,-119.61253356933594,"SANTA BARBARA",UNINCORPORATED,-119.61250305175781,34.422298431396484
9098096,2020,2020-07-17,4203,2020-03-19,1645,24575,26,4,5,5,4203,0,0,0,,0,006,"CALLE CANON","VALERIO ST",22.00,S,N,A,-,N,,,,,,,,,,,2,0,1,1,A,-,03,22350,,N,F,A,A,A,H,-,A,D,0,,,Y,,Y,,C,03,1,0,0,0,0,0,0,0,1,"- ","- ",34.413600921630859,-119.72913360595703,"SANTA BARBARA","SANTA BARBARA",-119.72892761230469,34.413440704345703
90997160,2019,2019-05-28,9755,2019-05-18,0200,021818,,6,3,5,4203,0,1,S,,2,904,"LOS CARNEROS RD",US-101,0.00,,Y,A,-,Y,,,,,,,,,,Y,2,0,2,1,A,-,01,23152,A,N,E,I,A,A,H,-,D,A,0,,,,,Y,Y,A,01,2,0,0,0,0,0,0,0,0,"- ","- ",34.437099456787109,-119.85269927978516,"SANTA BARBARA","SANTA BARBARA",-119.85294342041016,34.437770843505859