CASE_ID,ACCIDENT_YEAR,PROC_DATE,JURIS,COLLISION_DATE,COLLISION_TIME,OFFICER_ID,REPORTING_DISTRICT,DAY_OF_WEEK,CHP_SHIFT,POPULATION,CNTY_CITY_LOC,SPECIAL_COND,BEAT_TYPE,CHP_BEAT_TYPE,CITY_DIVISION_LAPD,CHP_BEAT_CLASS,BEAT_NUMBER,PRIMARY_RD,SECONDARY_RD,DISTANCE,DIRECTION,INTERSECTION,WEATHER_1,WEATHER_2,STATE_HWY_IND,CALTRANS_COUNTY,CALTRANS_DISTRICT,STATE_ROUTE,ROUTE_SUFFIX,POSTMILE_PREFIX,POSTMILE,LOCATION_TYPE,RAMP_INTERSECTION,SIDE_OF_HWY,TOW_AWAY,COLLISION_SEVERITY,NUMBER_KILLED,NUMBER_INJURED,PARTY_COUNT,PRIMARY_COLL_FACTOR,PCF_CODE_OF_VIOL,PCF_VIOL_CATEGORY,PCF_VIOLATION,PCF_VIOL_SUBSECTION,HIT_AND_RUN,TYPE_OF_COLLISION,MVIW,PED_ACTION,ROAD_SURFACE,ROAD_COND_1,ROAD_COND_2,LIGHTING,CONTROL_DEVICE,CHP_ROAD_TYPE,PEDESTRIAN_ACCIDENT,BICYCLE_ACCIDENT,MOTORCYCLE_ACCIDENT,TRUCK_ACCIDENT,NOT_PRIVATE_PROPERTY,ALCOHOL_INVOLVED,STWD_VEHTYPE_AT_FAULT,CHP_VEHTYPE_AT_FAULT,COUNT_SEVERE_INJ,COUNT_VISIBLE_INJ,COUNT_COMPLAINT_PAIN,COUNT_PED_KILLED,COUNT_PED_INJURED,COUNT_BICYCLIST_KILLED,COUNT_BICYCLIST_INJURED,COUNT_MC_KILLED,COUNT_MC_INJURED,PRIMARY_RAMP,SECONDARY_RAMP,LATITUDE,LONGITUDE,COUNTY,CITY,POINT_X,POINT_Y
91002468,2019,2019-06-03,9755,2019-05-25,1045,015973,,6,1,9,4200,0,1,3,,1,055,"SR-1 S/B","TIMBER LN.",7920.00,S,N,B,-,Y,,,1,,,,,,S,N,2,0,1,1,A,-,03,22350,,N,E,I,A,A,H,-,A,D,0,,Y,,,Y,,L,04,1,0,0,0,0,0,1,0,0,"- ","- ",34.72760009765625,-120.49790191650391,"SANTA BARBARA",UNINCORPORATED,-120.49791717529297,34.727584838867188
91014239,2019,2019-06-20,9750,2019-04-06,1230,016469,,6,1,9,4200,0,1,3,,1,062,SR-166,"ROCK FRONT RANCH",13728.00,W,N,A,-,Y,,,166,,,,,,,Y,1,2,3,2,A,-,01,23152,F,N,A,C,A,A,H,-,A,D,0,,,,,Y,,A,01,2,1,0,0,0,0,0,0,0,"- ","- ",35.095279693603516,-120.13282012939453,"SANTA BARBARA",UNINCORPORATED,-120.13280487060547,35.095310211181641
91027908,2019,2019-07-10,9760,2019-06-28,2350,021294,,5,3,9,4200,0,1,3,,1,022,"SR-154 W/B","SANTA YNEZ VALLEY VISTA POINT",1440.00,W,N,A,-,Y,,,154,,,,,,W,Y,2,0,1,1,A,-,01,23152,A,N,F,A,A,A,H,-,D,D,0,,,,,Y,Y,A,01,1,0,0,0,0,0,0,0,0,"- ","- ",34.532299041748047,-119.84654998779297,"SANTA BARBARA",UNINCORPORATED,-119.84654235839844,34.532375335693359
91028131,2019,2019-07-10,9760,2019-01-13,0138,020965,,7,3,9,4200,0,1,3,,1,022,"SR-154 (SAN MARCOS PASS ROAD)","SAN ANTONIO CREEK ROAD",1901.00,W,N,A,-,Y,,,154,,,,,,,Y,1,1,2,2,A,-,01,23152,A,N,A,C,A,B,H,-,D,D,0,,,,,Y,Y,A,01,2,0,0,0,0,0,0,0,0,"- ","- ",34.471839904785156,-119.77805328369141,"SANTA BARBARA",UNINCORPORATED,-119.77797698974609,34.471794128417969
91038031,2019,2019-07-25,9750,2019-07-19,2500,019397,,5,4,9,4200,0,3,5,,2,020,"BROWN RD",SR-1,12144.00,W,N,A,-,N,,,,,,,,,,Y,2,0,2,1,A,-,01,23152,A,N,E,I,A,A,H,-,A,D,0,,,,,Y,Y,A,01,2,0,0,0,0,0,0,0,0,"- ","- ",34.92864990234375,-120.60738372802734,"SANTA BARBARA",UNINCORPORATED,-120.60800933837891,34.92852783203125
91047889,2019,2019-08-08,9750,2019-07-31,1800,019397,,3,2,9,4200,0,1,3,,1,022,"SR-1 S/B","GRACIOSA RD",4224.00,S,N,A,-,Y,,,1,,,,,,S,Y,2,0,1,1,A,-,08,22107,,N,E,I,A,A,H,-,A,D,0,,,Y,,Y,,C,02,1,0,0,0,0,0,0,0,1,"- ","- ",34.800418853759766,-120.44361114501953,"SANTA BARBARA",UNINCORPORATED,-120.44366455078125,34.800441741943359
91048440,2018,2019-08-16,9760,2018-12-07,2304,021125,,5,3,4,4214,0,1,2,,1,030,"US-101 S/B (EL CAMINO REAL)","CATHEDRAL OAKS RD",4066.00,N,N,A,-,Y,,,101,,,,,,S,Y,1,1,0,2,A,-,11,21956,,N,G,B,E,A,H,-,D,D,0,Y,,,,Y,,N,60,0,0,0,1,0,0,0,0,0,"- ","- ",34.4351806640625,-119.91838836669922,"SANTA BARBARA",GOLETA,-119.91838073730469,34.435207366943359
91052760,2019,2019-08-15,9760,2019-08-05,0230,022181,,1,3,9,4200,0,3,5,,2,002,"LAS PALMAS DR","VIA BENDITA",2.00,W,N,A,-,N,,,,,,,,,,Y,2,0,1,1,A,-,01,23152,A,N,E,I,A,A,H,-,D,D,0,,,,,Y,Y,A,01,1,0,0,0,0,0,0,0,0,"- ","- ",34.419620513916016,-119.77285766601562,"SANTA BARBARA",UNINCORPORATED,-119.77292633056641,34.419334411621094
9108223,2020,2021-01-21,4204,2020-05-19,1330,90415,21,2,5,5,4204,0,0,0,,0,003,"SKYWAY DR","AUTO PARK DR",0.00,,Y,A,-,N,,,,,,,,,,Y,2,0,2,2,A,-,09,21802,A,N,D,C,A,-,H,-,A,A,0,,,Y,,Y,,A,01,1,0,1,0,0,0,0,0,1,"- ","- ",34.894699096679688,-120.43916320800781,"SANTA BARBARA","SANTA MARIA",-120.43904113769531,34.894618988037109
91087228,2019,2019-09-30,9760,2019-09-26,1442,018786,,4,2,9,4200,0,3,5,,2,005,"CAMINO PESCADERO","ABREGO RD",0.00,,Y,A,-,N,,,,,,,,,,Y,2,0,1,2,A,-,12,22450,A,N,D,G,A,A,H,-,A,A,0,,Y,,,Y,,L,04,1,0,0,0,0,0,1,0,0,"- ","- ",34.414138793945312,-119.85870361328125,"SANTA BARBARA",UNINCORPORATED,-119.85870361328125,34.414150238037109
91097110,2019,2019-10-14,9760,2019-10-11,1520,020757,,5,2,9,4200,0,3,5,,2,001,"ORTEGA HILL ROAD S/B","SHEFFIELD DRIVE",115.00,E,N,A,-,N,,,,,,,,,,N,2,0,1,1,A,-,08,22107,,N,F,J,A,A,H,-,A,D,0,,Y,,,Y,,L,04,1,0,0,0,0,0,1,0,0,"- ","- ",34.422218322753906,-119.61193084716797,"SANTA BARBARA",UNINCORPORATED,-119.61219024658203,34.422157287597656
91102158,2019,2019-10-21,9750,2019-10-07,0535,015973,,1,3,9,4200,0,1,3,,1,063,SR-166,"WASIOJA RD",4224.00,W,N,A,-,Y,,,166,,,,,,,Y,2,0,2,2,A,-,06,21751,,N,A,C,A,A,H,-,C,D,0,,,,,Y,,A,01,1,0,1,0,0,0,0,0,0,"- ","- ",34.987800598144531,-119.79682922363281,"SANTA BARBARA",UNINCORPORATED,-119.79683685302734,34.987785339355469
91113558,2019,2019-11-05,9755,2019-10-26,0656,016999,,6,1,9,4200,0,1,3,,2,041,"SR-246 W/B","MEADOWLARK RD",0.00,,Y,A,-,Y,,,246,,,,,,W,Y,2,0,1,2,A,-,03,22350,,N,C,C,A,A,H,-,A,D,0,,,,,Y,,A,07,1,0,0,0,0,0,0,0,0,"- ","- ",34.610599517822266,-120.06214904785156,"SANTA BARBARA",UNINCORPORATED,-120.06214904785156,34.610610961914062
91117184,2019,2019-12-02,9760,2019-11-01,2220,021621,,5,3,9,4200,0,1,2,,2,020,"US-101 S/B","TURNPIKE RD",4480.00,S,N,A,-,Y,,,101,,,,,,S,Y,2,0,1,3,A,-,03,22350,,N,C,C,A,A,H,-,C,D,0,,,,Y,Y,,A,01,1,0,0,0,0,0,0,0,0,"- ","- ",34.441608428955078,-119.77397918701172,"SANTA BARBARA",UNINCORPORATED,-119.77397918701172,34.441616058349609
91124974,2019,2019-11-20,9755,2019-11-14,0735,016058,,4,1,9,4200,0,3,5,,2,050,"PURISIMA RD","MISSION GATE RD",1584.00,E,N,B,-,N,,,,,,,,,,Y,2,0,1,1,A,-,08,22107,,N,F,A,A,A,H,-,A,D,0,,,,,Y,,A,01,1,0,0,0,0,0,0,0,0,"- ","- ",34.666801452636719,-120.41584014892578,"SANTA BARBARA",UNINCORPORATED,-120.41649627685547,34.667095184326172
91131363,2019,2020-09-14,9755,2019-09-22,0335,020323,,7,3,9,4200,0,1,3,,1,053,"STATE ROUTE 246","DOMINGOS RD",247.00,W,N,A,-,Y,,,246,,,,,,,Y,1,2,0,2,A,-,01,23152,G,N,A,C,A,A,H,-,D,D,0,,,,,Y,Y,A,07,0,0,0,0,0,0,0,0,0,"- ","- ",34.629280090332031,-120.279052734375,"SANTA BARBARA",UNINCORPORATED,-120.27904510498047,34.629306793212891
91131765,2019,2019-11-29,9750,2019-11-20,0105,020549,,3,3,9,4200,0,3,5,,2,020,"HARRIS GRADE RD",SR-135,5808.00,S,N,C,-,N,,,,,,,,,,Y,2,0,1,1,A,-,01,23152,A,N,F,A,A,B,H,-,D,D,0,,,,,Y,Y,A,07,1,0,0,0,0,0,0,0,0,"- ","- ",34.756660461425781,-120.43203735351562,"SANTA BARBARA",UNINCORPORATED,-120.43219757080078,34.755760192871094
91134878,2019,2019-12-03,9760,2019-11-25,0008,020965,,1,3,9,4200,0,3,5,,2,005,"CAMINO CORTO","ABREGO RD",200.00,N,N,A,-,N,,,,,,,,,,N,2,0,1,1,A,-,03,22350,,N,F,A,A,A,H,-,C,D,0,,,,,Y,,M,94,1,0,0,0,0,0,0,0,0,"- ","- ",34.41510009765625,-119.86656188964844,"SANTA BARBARA",UNINCORPORATED,-119.86653900146484,34.415027618408203
91140322,2019,2019-12-10,9760,2019-09-13,2500,016739,,5,4,9,4200,0,1,3,,1,014,"SR-192 (EAST VALLEY RD.)","PARK LN.",567.00,W,N,A,-,Y,,,192,,,,,,,Y,1,1,0,1,A,-,01,23152,G,N,F,A,A,A,H,-,D,D,0,,,Y,,Y,Y,C,02,0,0,0,0,0,0,0,1,0,"- ","- ",34.439189910888672,-119.62095642089844,"SANTA BARBARA",UNINCORPORATED,-119.62092590332031,34.439121246337891
91145362,2019,2020-08-06,9760,2019-09-10,1313,020483,,2,1,9,4200,0,1,2,,1,030,"US-101 S/B","LAS VARAS RANCH ACCESS ROAD",0.00,,Y,A,-,Y,,,101,,,,,,S,Y,1,1,4,2,A,-,09,21801,A,N,D,C,A,A,H,-,A,D,0,,,,,Y,,D,22,3,1,0,0,0,0,0,0,0,"- ","- ",34.456119537353516,-119.97308349609375,"SANTA BARBARA",UNINCORPORATED,-119.97308349609375,34.456100463867188
91193885,2020,2020-02-26,9760,2020-02-19,1815,020473,,3,2,9,4200,0,3,5,,2,005,"SEVILLE RD.","EMBARCADERO DEL MAR",50.00,W,N,A,-,N,,,,,,,,,,N,2,0,1,2,A,-,09,21801,A,N,D,G,A,A,H,-,C,D,0,,Y,,,Y,,A,01,1,0,0,0,0,0,1,0,0,"- ","- ",34.411861419677734,-119.85730743408203,"SANTA BARBARA",UNINCORPORATED,-119.85720825195312,34.411811828613281
91198232,2020,2020-02-28,9760,2020-02-17,1935,020473,,1,2,9,4200,0,3,5,,2,005,"CAMINO PESCADERO","DEL PLAYA DR",25.00,N,N,A,-,N,,,,,,,,,,N,2,0,1,1,C,-,18,,,N,E,A,A,A,H,-,C,A,0,,,,,Y,Y,-,"- ",1,0,0,0,0,0,0,0,0,"- ","- ",34.409889221191406,-119.85871887207031,"SANTA BARBARA",UNINCORPORATED,-119.85871124267578,34.409816741943359
91200881,2020,2020-03-03,9750,2020-02-22,1016,015716,,6,1,9,4200,0,3,5,,2,020,"HARRIS GRADE ROAD",SR-135,16896.00,S,N,A,-,N,,,,,,,,,,Y,2,0,3,3,A,-,08,22107,,N,A,C,A,A,H,-,A,D,0,,,,,Y,,A,08,1,2,0,0,0,0,0,0,0,"- ","- ",34.735870361328125,-120.44062805175781,"SANTA BARBARA",UNINCORPORATED,-120.44062805175781,34.734382629394531
91229583,2020,2020-04-27,9750,2020-04-14,1640,018009,,2,2,9,4200,0,3,5,,2,030,"FOXEN CANYON ROAD","SANTA MARIA MESA ROAD",2112.00,N,N,A,-,N,,,,,,,,,,N,2,0,1,1,A,-,08,22107,,N,F,A,A,A,H,-,A,D,0,,,Y,,Y,,C,02,1,0,0,0,0,0,0,0,1,"- ","- ",34.901100158691406,-120.31642913818359,"SANTA BARBARA",UNINCORPORATED,-120.3165283203125,34.901515960693359
91230482,2020,2020-04-28,9760,2020-04-25,1310,019446,,6,1,3,4205,0,1,2,,2,010,"US-101 S/B","CASITAS PASS RD",5.00,N,N,A,-,Y,,,101,,,,,,S,Y,2,0,1,1,A,-,08,22107,,N,E,I,A,A,D,-,A,D,0,,,Y,,Y,,C,02,1,0,0,0,0,0,0,0,1,"- ","- ",34.396808624267578,-119.51167297363281,"SANTA BARBARA",CARPINTERIA,-119.51171112060547,34.396781921386719
91239259,2020,2020-05-18,9760,2020-05-15,2340,021621,,5,3,9,4200,0,3,5,,2,002,"CALLE REAL","TURNPIKE RD",230.00,W,N,A,-,N,,,,,,,,,,Y,2,0,1,2,A,-,09,21801,A,N,D,C,A,A,H,-,C,D,0,,,,,Y,Y,D,22,1,0,0,0,0,0,0,0,0,"- ","- ",34.443691253662109,-119.79016876220703,"SANTA BARBARA",UNINCORPORATED,-119.79012298583984,34.443767547607422
91242664,2020,2020-05-26,9755,2020-05-23,1715,019292,,6,2,9,4200,0,3,5,,2,050,"HARRIS GRADE RD","RUCKER RD",6864.00,N,N,A,-,N,,,,,,,,,,Y,2,0,3,1,A,-,01,23152,A,N,F,A,A,A,H,-,A,D,0,,,,,Y,Y,A,01,1,1,1,0,0,0,0,0,0,"- ","- ",34.727691650390625,-120.439697265625,"SANTA BARBARA",UNINCORPORATED,-120.4403076171875,34.727428436279297
91252570,2020,2020-06-18,9750,2020-06-12,1549,017496,,5,2,9,4200,0,1,3,,1,064,"SR-166 E/B","WASIOJA RD",11088.00,W,N,A,-,Y,,,166,,,,,,E,Y,2,0,1,1,A,-,08,22107,,N,F,A,A,A,H,-,A,D,0,,,Y,,Y,,C,02,1,0,0,0,0,0,0,0,1,"- ","- ",34.999580383300781,-119.81752014160156,"SANTA BARBARA",UNINCORPORATED,-119.81753540039062,34.999530792236328
91257542,2020,2020-06-25,9750,2020-06-18,1612,019397,,4,2,9,4200,0,1,3,,1,011,SR-166,"BONITA SCHOOL RD",5280.00,W,N,A,-,Y,,,166,,,,,,,Y,2,0,3,3,A,-,09,21804,A,N,D,C,A,A,H,-,A,D,0,,,,,Y,,A,01,1,0,2,0,0,0,0,0,0,"- ","- ",34.959018707275391,-120.52687835693359,"SANTA BARBARA",UNINCORPORATED,-120.52688598632812,34.958984375
91260697,2020,2020-06-30,9760,2020-06-24,0740,018431,,3,1,9,4200,0,3,5,,2,002,"N. SAN MARCOS RD.","TWINRIDGE RD.",2640.00,N,N,E,-,N,,,,,,,,,,N,2,0,1,1,A,-,03,22350,,N,F,A,A,B,H,-,A,D,0,,Y,,,Y,,L,04,1,0,0,0,0,0,1,0,0,"- ","- ",34.471790313720703,-119.80229949951172,"SANTA BARBARA",UNINCORPORATED,-119.80210113525391,34.471595764160156
91264791,2020,2020-07-07,9750,2020-06-29,0805,015915,,1,1,9,4200,0,1,3,,1,021,"SR-135 N/B TO CLARK AVENUE","CLARK AVENUE",150.00,S,N,A,-,Y,,,135,,,,R,,N,Y,2,0,1,1,A,-,08,22107,,N,E,I,A,A,H,-,A,D,0,,,,Y,Y,,F,26,1,0,0,0,0,0,0,0,0,"- ","- ",34.864421844482422,-120.43624114990234,"SANTA BARBARA",UNINCORPORATED,-120.43624114990234,34.864421844482422
91266812,2020,2020-07-10,9750,2020-07-03,2350,016874,,5,3,9,4200,0,1,2,,2,003,"US-101 S/B","ALISOS CANYON ROAD",1056.00,N,N,A,-,Y,,,101,,,,,,S,Y,2,0,3,2,A,-,03,22350,,N,C,C,A,A,H,-,D,D,0,,,,,Y,,A,01,1,1,1,0,0,0,0,0,0,"- ","- ",34.725528717041016,-120.22191619873047,"SANTA BARBARA",UNINCORPORATED,-120.22180938720703,34.725921630859375
91273650,2020,2020-07-23,9750,2020-07-14,2142,020510,,2,2,9,4200,0,1,3,,1,021,"SR-135 S/B",SR-1,1000.00,N,N,A,-,Y,,,135,,,,,,S,Y,2,0,2,2,A,-,01,23152,A,N,A,C,A,A,H,-,D,D,0,,,,,Y,Y,A,01,1,1,0,0,0,0,0,0,0,"- ","- ",34.856151580810547,-120.45063018798828,"SANTA BARBARA",UNINCORPORATED,-120.45062255859375,34.856132507324219
91275212,2020,2020-07-27,9755,2020-07-26,2032,019292,,7,2,9,4200,0,3,5,,2,050,"HARRIS GRADE RD.","RUCKER RD.",7920.00,N,N,A,-,N,,,,,,,,,,Y,2,0,1,1,A,-,01,23152,A,N,E,I,A,A,H,-,D,D,0,,,,,Y,Y,A,01,1,0,0,0,0,0,0,0,0,"- ","- ",37.727710723876953,-120.439697265625,"SANTA BARBARA",UNINCORPORATED,-120.44251251220703,34.728328704833984
91284790,2020,2020-08-12,9750,2020-08-01,2200,017910,,6,3,9,4200,0,1,3,,1,022,"SR-1 N/B","SAN ANTONIO ROAD EAST",0.00,,Y,B,-,Y,,,1,,,,,,N,N,2,0,1,1,A,-,08,22107,,N,F,A,A,A,H,-,D,D,0,,,Y,,Y,,C,02,1,0,0,0,0,0,0,0,1,"- ","- ",34.775028228759766,-120.48725891113281,"SANTA BARBARA",UNINCORPORATED,-120.48724365234375,34.774967193603516
91286989,2020,2020-08-17,9760,2020-08-15,1830,020495,,6,2,9,4200,0,3,5,,2,001,"PUESTA DEL SOL","LAS ENCINAS ROAD",255.00,N,N,A,-,N,,,,,,,,,,N,2,0,1,2,D,-,00,,,N,B,G,A,A,H,-,A,D,0,,Y,,,Y,,-,"- ",1,0,0,0,0,0,1,0,0,"- ","- ",34.442878723144531,-119.71511077880859,"SANTA BARBARA",UNINCORPORATED,-119.7191162109375,34.442562103271484
91288733,2020,2020-08-19,9750,2020-08-07,1145,013267,,5,1,9,4200,0,3,5,,2,020,"GRACIOSA ROAD","RICE RANCH ROAD",1584.00,E,N,A,-,N,,,,,,,,,,N,2,0,1,1,C,-,18,,,N,H,H,A,A,H,-,A,D,0,,Y,,,Y,,-,"- ",1,0,0,0,0,0,1,0,0,"- ","- ",34.857700347900391,-120.44098663330078,"SANTA BARBARA",UNINCORPORATED,-120.43637084960938,34.858600616455078
91296506,2020,2020-08-31,9755,2020-08-24,0622,014820,,1,1,9,4200,0,1,3,,1,053,SR-246,"PURISIMA RD",0.00,,Y,A,E,Y,,,246,,,,,,,Y,2,0,1,1,A,-,01,23152,A,N,E,I,A,A,H,-,B,D,0,,,,,Y,Y,A,01,1,0,0,0,0,0,0,0,0,"- ","- ",34.664669036865234,-120.40780639648438,"SANTA BARBARA",UNINCORPORATED,-120.40781402587891,34.664554595947266
91312075,2020,2020-09-25,9750,2020-09-18,2346,015514,,5,3,5,4204,0,1,2,,2,001,"US-101 N/B","ALVIN O/C",400.00,S,N,E,-,Y,,,101,,,,,,N,Y,2,0,1,1,A,-,08,22107,,M,E,I,A,A,H,-,D,D,0,,,,,Y,Y,A,01,1,0,0,0,0,0,0,0,0,"- ","- ",34.958869934082031,-120.41776275634766,"SANTA BARBARA","SANTA MARIA",-120.41783142089844,34.958847045898438
91321318,2020,2020-10-12,9760,2020-10-04,1230,019464,,7,1,9,4200,0,3,5,,2,001,"ORTEGA HILL ROAD","SHEFFIELD DRIVE",50.00,E,N,A,-,N,,,,,,,,,,N,2,0,1,1,A,-,17,21200,,N,F,A,A,A,C,-,A,D,0,,Y,,,Y,Y,L,04,1,0,0,0,0,0,1,0,0,"- ","- ",34.422210693359375,-119.61222076416016,"SANTA BARBARA",UNINCORPORATED,-119.61239624023438,34.422195434570312
9132178,2020,2020-10-20,4203,2020-07-19,1727,25594,16,7,5,5,4203,0,0,0,,0,006,"MIRAMONTE DR","VIA DEL CIELO",520.00,E,N,A,-,N,,,,,,,,,,N,2,0,1,1,B,-,22,,,N,H,G,A,A,H,-,A,D,0,,Y,,,Y,,L,04,1,0,0,0,0,0,1,0,0,"- ","- ",34.409938812255859,-119.70889282226562,"SANTA BARBARA","SANTA BARBARA",-119.70880126953125,34.409210205078125
91339444,2020,2020-11-04,9750,2020-11-01,0825,015915,,7,1,9,4200,0,1,3,,1,022,"SR-1 N/B","SAN ANTONIO ROAD EAST",1584.00,S,N,A,-,Y,,,1,,,,,,N,Y,2,0,1,1,A,-,08,22107,,N,F,A,A,A,H,-,A,D,0,,,,,Y,,A,07,1,0,0,0,0,0,0,0,0,"- ","- ",34.774810791015625,-120.49289703369141,"SANTA BARBARA",UNINCORPORATED,-120.49289703369141,34.774829864501953
91339633,2020,2020-12-03,9750,2020-09-26,2500,015716,,6,4,9,4200,0,1,3,,1,022,"SR-1 S/B","GRACIOSA ROAD",504.00,N,N,A,-,Y,,,1,,,,,,S,Y,1,1,0,1,A,-,08,22107,,N,E,I,A,A,H,-,D,D,0,,,,,Y,,A,07,0,0,0,0,0,0,0,0,0,"- ","- ",34.811359405517578,-120.44837188720703,"SANTA BARBARA",UNINCORPORATED,-120.44831085205078,34.811386108398438
91340665,2020,2020-12-08,9750,2020-11-03,2202,017307,,2,3,9,4200,0,1,2,,2,001,US-101,"CLARK AVE",40.00,N,N,E,-,Y,,,101,,,,,,,Y,2,0,1,2,A,-,08,22107,,N,B,C,A,A,H,-,D,D,0,,,,Y,Y,,A,01,1,0,0,0,0,0,0,0,0,"- ","- ",34.865528106689453,-120.39649963378906,"SANTA BARBARA",UNINCORPORATED,-120.39653015136719,34.865505218505859
91343011,2020,2020-11-10,9760,2020-06-05,1040,018418,,5,1,9,4200,0,1,3,,1,022,"STATE ROUTE 154 (SAN MARCOS PASS)","STAGECOACH RD (LOWER)",4800.00,E,N,E,F,Y,,,154,,,,,,,Y,1,1,1,2,A,-,01,23152,F,N,A,C,A,B,H,-,A,D,0,,,,,Y,,D,22,1,0,0,0,0,0,0,0,0,"- ","- ",34.515548706054688,-119.82791137695312,"SANTA BARBARA",UNINCORPORATED,-119.82791900634766,34.515537261962891
9134414,2020,2020-11-25,4204,2020-08-10,1751,90971,4204,1,5,5,4204,0,0,0,,0,003,BROADWAY,"STOWELL RD",50.00,S,N,A,-,Y,SB,5,135,-,-,14.760,H,-,N,Y,2,0,2,2,A,-,03,22350,,F,C,C,A,A,H,-,A,A,0,,,,,Y,,A,01,1,1,0,0,0,0,0,0,0,"- ","- ",34.938499450683594,-120.43598937988281,"SANTA BARBARA","SANTA MARIA",-120.43594360351562,34.938217163085938
91344744,2020,2020-11-13,9750,2020-11-11,1803,018616,,3,2,9,4200,0,3,5,,2,020,"HARRIS GRADE RD",SR-135,5280.00,W,N,A,-,N,,,,,,,,,,Y,2,0,1,2,A,-,01,23152,F,N,D,C,A,A,H,-,D,D,0,,,,,Y,,A,01,1,0,0,0,0,0,0,0,0,"- ","- ",34.75775146484375,-120.43164825439453,"SANTA BARBARA",UNINCORPORATED,-120.43199920654297,34.757194519042969
91347338,2020,2020-11-17,9755,2020-11-07,0845,016999,,6,1,9,4200,0,1,2,,2,004,"US-101 S/B","GAVIOTA BEACH RD.",3747.00,N,N,C,-,Y,,,101,,,,,,S,Y,2,0,2,3,A,-,02,22400,A,N,C,C,A,B,H,-,A,D,0,,,,,Y,,A,07,1,1,0,0,0,0,0,0,0,"- ","- ",34.487911224365234,-120.22678375244141,"SANTA BARBARA",UNINCORPORATED,-120.22672271728516,34.487873077392578
91348653,2020,2020-12-08,9750,2020-11-05,0055,015915,,4,3,9,4200,0,1,2,,2,003,"US 101 N/B","ALISOS CANYON ROAD",8448.00,S,N,A,-,Y,,,,,,,,,,Y,1,1,0,1,A,-,03,22350,,N,F,A,A,A,H,-,D,D,0,,,,,Y,,A,07,0,0,0,0,0,0,0,0,0,"- ","- ",34.722049713134766,-120.20928192138672,"SANTA BARBARA",UNINCORPORATED,-120.21099090576172,34.722564697265625
91379825,2020,2021-01-04,9760,2020-11-06,1949,018786,,5,2,9,4200,0,1,2,,1,030,"US-101 NORTHBOUND","EL CAPITAN RANCH RD",4224.00,S,N,A,G,Y,,,101,,,,,,N,N,1,1,0,3,A,-,11,21954,A,M,G,B,E,A,H,-,D,D,0,Y,,,,Y,Y,N,60,0,0,0,1,0,0,0,0,0,"- ","- ",34.460269927978516,-119.99884796142578,"SANTA BARBARA",UNINCORPORATED,-119.99885559082031,34.460250854492188
91413567,2021,2021-02-23,9760,2021-02-15,0400,022291,,1,3,9,4200,0,1,2,,2,010,"US-101 N/B","PADARO LN",123.00,N,N,A,-,Y,,,101,,,,,,N,Y,2,0,2,2,C,-,18,,,N,D,C,A,A,D,-,C,D,0,,,,Y,Y,,-,"- ",1,1,0,0,0,0,0,0,0,"- ","- ",34.416751861572266,-119.58313751220703,"SANTA BARBARA",UNINCORPORATED,-119.58313751220703,34.416755676269531
91421489,2021,2021-03-05,9750,2021-02-25,1622,017709,,4,2,9,4200,0,1,3,,1,021,"SR-135 S/B","UNION VALLEY PKY",50.00,N,N,A,-,Y,,,135,,,,,,S,Y,2,0,1,1,A,-,03,22350,,N,F,A,A,A,H,-,A,A,0,,,Y,,Y,,C,02,1,0,0,0,0,0,0,0,1,"- ","- ",34.879798889160156,-120.43668365478516,"SANTA BARBARA",UNINCORPORATED,-120.43667602539062,34.879798889160156
91429556,2021,2021-03-17,9750,2021-03-14,1220,015915,,7,1,9,4200,0,3,5,,2,020,"VIA DEL CARMEL","DON RICARDO PL",96.00,W,N,A,-,N,,,,,,,,,,N,2,0,1,2,A,-,05,21650,,N,H,G,A,A,H,-,A,D,0,,Y,,,Y,,L,04,1,0,0,0,0,0,1,0,0,"- ","- ",34.857349395751953,-120.41309356689453,"SANTA BARBARA",UNINCORPORATED,-120.41300201416016,34.85736083984375
91455047,2021,2021-04-21,9760,2021-04-10,0745,018019,,6,1,9,4200,0,3,5,,2,001,"SR-192 (FOOTHILL RD.)","CRAVENS LN",183.00,W,N,A,-,Y,,,192,,,,,,,N,2,0,1,1,A,-,03,22350,,N,H,A,A,A,H,-,A,D,0,,Y,,,Y,,L,04,1,0,0,0,0,0,1,0,0,"- ","- ",34.415691375732422,-119.53922271728516,"SANTA BARBARA",UNINCORPORATED,-119.53921508789062,34.415699005126953
91457977,2021,2021-04-26,9760,2021-04-19,1800,020752,,1,2,9,4200,0,3,5,,2,002,"N. PATTERSON AVE.","TREE FARM LANE",140.00,S,N,A,-,N,,,,,,,,,,Y,2,0,1,1,A,-,01,23152,A,N,E,I,A,A,H,-,A,D,0,,,,,Y,Y,A,01,1,0,0,0,0,0,0,0,0,"- ","- ",34.448951721191406,-119.80760955810547,"SANTA BARBARA",UNINCORPORATED,-119.80774,34.448943