CASE_ID,ACCIDENT_YEAR,PROC_DATE,JURIS,COLLISION_DATE,COLLISION_TIME,OFFICER_ID,REPORTING_DISTRICT,DAY_OF_WEEK,CHP_SHIFT,POPULATION,CNTY_CITY_LOC,SPECIAL_COND,BEAT_TYPE,CHP_BEAT_TYPE,CITY_DIVISION_LAPD,CHP_BEAT_CLASS,BEAT_NUMBER,PRIMARY_RD,SECONDARY_RD,DISTANCE,DIRECTION,INTERSECTION,WEATHER_1,WEATHER_2,STATE_HWY_IND,CALTRANS_COUNTY,CALTRANS_DISTRICT,STATE_ROUTE,ROUTE_SUFFIX,POSTMILE_PREFIX,POSTMILE,LOCATION_TYPE,RAMP_INTERSECTION,SIDE_OF_HWY,TOW_AWAY,COLLISION_SEVERITY,NUMBER_KILLED,NUMBER_INJURED,PARTY_COUNT,PRIMARY_COLL_FACTOR,PCF_CODE_OF_VIOL,PCF_VIOL_CATEGORY,PCF_VIOLATION,PCF_VIOL_SUBSECTION,HIT_AND_RUN,TYPE_OF_COLLISION,MVIW,PED_ACTION,ROAD_SURFACE,ROAD_COND_1,ROAD_COND_2,LIGHTING,CONTROL_DEVICE,CHP_ROAD_TYPE,PEDESTRIAN_ACCIDENT,BICYCLE_ACCIDENT,MOTORCYCLE_ACCIDENT,TRUCK_ACCIDENT,NOT_PRIVATE_PROPERTY,ALCOHOL_INVOLVED,STWD_VEHTYPE_AT_FAULT,CHP_VEHTYPE_AT_FAULT,COUNT_SEVERE_INJ,COUNT_VISIBLE_INJ,COUNT_COMPLAINT_PAIN,COUNT_PED_KILLED,COUNT_PED_INJURED,COUNT_BICYCLIST_KILLED,COUNT_BICYCLIST_INJURED,COUNT_MC_KILLED,COUNT_MC_INJURED,PRIMARY_RAMP,SECONDARY_RAMP,LATITUDE,LONGITUDE,COUNTY,CITY,POINT_X,POINT_Y
91459765,2021,2021-04-27,9755,2021-04-22,0840,013618,,4,1,9,4200,0,1,3,,1,051,"RT 1","JALAMA BEACH RD",16896.00,S,N,B,-,Y,,,1,,,,,,,Y,2,0,1,2,A,-,03,22350,,N,C,C,A,A,D,-,A,A,0,,,,Y,Y,,A,01,1,0,0,0,0,0,0,0,0,"- ","- ",34.567150115966797,-120.36733245849609,"SANTA BARBARA",UNINCORPORATED,-120.36735534667969,34.567108154296875
91468327,2021,2021-05-10,9750,2021-04-30,1735,018616,,5,2,9,4200,0,3,5,,2,020,"JENSEN RANCH RD.","SOLOMON VIEW ROAD",163.00,W,N,A,-,N,,,,,,,,,,N,2,0,1,2,A,-,11,21950,B,N,G,B,D,A,H,-,A,B,0,Y,,,,Y,,N,60,1,0,0,0,1,0,0,0,0,"- ","- ",34.862918853759766,-120.4036865234375,"SANTA BARBARA",UNINCORPORATED,-120.40292358398438,34.862957000732422
91470914,2021,2021-05-12,9750,2021-04-30,1000,016170,,5,1,9,4200,0,3,5,,2,030,"BETTERAVIA RD","TELEPHONE RD",0.00,,Y,A,-,N,,,,,,,,,,Y,2,0,3,2,A,-,09,21801,A,N,D,C,A,A,H,-,A,A,0,,,,Y,Y,,A,01,1,2,0,0,0,0,0,0,0,"- ","- ",34.923549652099609,-120.38282775878906,"SANTA BARBARA",UNINCORPORATED,-120.38287353515625,34.923538208007812
91472310,2021,2021-05-13,9755,2021-05-12,0350,019292,,3,3,9,4200,0,3,5,,2,050,"RUCKER RD","PURISIMA RD",1584.00,N,N,B,-,N,,,,,,,,,,Y,2,0,1,1,A,-,01,23152,A,N,E,I,A,A,H,-,D,D,0,,,,,Y,Y,A,07,1,0,0,0,0,0,0,0,0,"- ","- ",34.679061889648438,-120.43717193603516,"SANTA BARBARA",UNINCORPORATED,-120.43722534179688,34.678653717041016
91499780,2021,2021-07-02,9760,2021-06-06,1625,022291,,7,2,9,4200,0,3,5,,2,001,"E. MOUNTAIN DRIVE","ASHLEY ROAD",2950.00,N,N,B,-,N,,,,,,,,,,N,2,0,1,2,A,-,03,22350,,N,C,G,A,A,H,-,A,D,0,,Y,,,Y,,L,04,1,0,0,0,0,0,1,0,0,"- ","- ",34.454608917236328,-119.65338134765625,"SANTA BARBARA",UNINCORPORATED,-119.64927673339844,34.449089050292969
91509781,2021,2021-06-30,9755,2021-06-19,1810,020473,,6,2,9,4200,0,3,5,,2,040,"SAGUNTO ST.","MEADOWVALE RD.",250.00,W,N,A,-,N,,,,,,,,,,Y,2,0,1,1,A,-,01,23152,A,N,F,A,A,A,H,-,A,D,0,,,Y,,Y,Y,C,02,1,0,0,0,0,0,0,0,1,"- ","- ",34.612861633300781,-120.77300262451172,"SANTA BARBARA",UNINCORPORATED,-120.07736968994141,34.612869262695312
91511318,2021,2021-07-01,9760,2021-06-28,2150,022547,,1,2,9,4200,0,3,5,,2,005,"ABREGO RD34","CAMINO DEL SUR",108.00,E,N,A,-,N,,,,,,,,,,N,2,0,1,2,A,-,00,21221,,N,E,E,A,A,H,-,C,D,0,,,,,Y,Y,M,94,1,0,0,0,0,0,0,0,0,"- ","- ",34.414150238037109,-119.86210632324219,"SANTA BARBARA",UNINCORPORATED,-119.8621826171875,34.4141845703125
91511983,2021,2021-07-02,9750,2021-06-25,1912,017496,,5,2,9,4200,0,3,5,,2,020,"HARRIS GRADE RD",SR-135,12150.00,S,N,A,-,N,,,,,,,,,,Y,2,0,1,1,A,-,08,22107,,N,F,A,A,A,H,-,A,D,0,,,,,Y,,A,01,1,0,0,0,0,0,0,0,0,"- ","- ",34.742778778076172,-120.43757629394531,"SANTA BARBARA",UNINCORPORATED,-120.43734741210938,34.742477416992188
91512889,2021,2021-07-07,9755,2021-06-23,0400,020528,,3,3,9,4200,0,1,2,,2,004,"US-101 NB","OLD COAST HIGHWAY",100.00,N,N,A,-,Y,,,101,,,,,,N,Y,2,0,1,1,A,-,08,22107,,N,F,A,A,A,H,-,D,D,0,,,,,Y,,A,01,1,0,0,0,0,0,0,0,0,"- ","- ",34.546321868896484,-120.19288635253906,"SANTA BARBARA",UNINCORPORATED,-120.19294738769531,34.546344757080078
91513523,2021,2021-07-06,9760,2021-06-03,0150,022547,,4,3,9,4200,0,1,2,,1,030,"US-101 SB","LAS VARAS RANCH ROAD",2390.00,S,N,E,-,Y,,,101,,,,,,S,Y,2,0,2,1,A,-,01,23152,A,N,F,0,A,A,H,-,D,D,0,,,,,Y,Y,A,01,1,1,0,0,0,0,0,0,0,"- ","- ",34.453670501708984,-119.96759033203125,"SANTA BARBARA",UNINCORPORATED,-119.9676513671875,34.453556060791016
91513921,2021,2021-07-06,9750,2021-06-26,2005,020511,,6,2,9,4200,0,3,5,,2,010,"SIMAS RD","11TH ST",63.00,S,N,A,-,N,,,,,,,,,,Y,2,0,1,1,A,-,01,23152,A,N,E,I,A,A,H,-,B,D,0,,,Y,,Y,Y,C,02,1,0,0,0,0,0,0,0,1,"- ","- ",34.966831207275391,-120.55824279785156,"SANTA BARBARA",UNINCORPORATED,-120.55828094482422,34.966701507568359
91520722,2021,2021-07-15,9760,2021-07-02,1045,016739,,5,1,9,4200,0,3,5,,2,005,"MADRID RD.","CAMINO PESCADERO",110.00,E,N,A,-,N,,,,,,,,,,N,2,0,1,2,A,-,08,22107,,N,B,E,A,A,H,-,A,D,0,,,,,Y,,M,94,1,0,0,0,0,0,0,0,0,"- ","- ",34.412441253662109,-119.85813903808594,"SANTA BARBARA",UNINCORPORATED,-119.85832214355469,34.412467956542969
91522515,2021,2021-07-16,9750,2021-07-04,2125,020549,,7,2,9,4200,0,2,4,,1,024,"S. BRADLEY RD","PARKLAND DR",48.00,S,N,B,-,N,,,,,,,,,,N,2,0,1,2,A,-,11,21954,A,N,G,B,D,A,H,-,C,D,0,Y,,,,Y,,N,60,1,0,0,0,1,0,0,0,0,"- ","- ",34.880638122558594,-120.41867065429688,"SANTA BARBARA",UNINCORPORATED,-120.41871643066406,34.880828857421875
91523833,2021,2021-07-19,9750,2021-07-10,2240,020511,,6,3,9,4200,0,3,5,,2,030,"PALMER RD","CAT CANYON RD",589.00,E,N,A,-,N,,,,,,,,,,Y,2,0,1,1,A,-,01,23152,A,N,E,I,A,A,H,-,D,D,0,,,,,Y,Y,A,01,1,0,0,0,0,0,0,0,0,"- ","- ",34.839839935302734,-120.30439758300781,"SANTA BARBARA",UNINCORPORATED,-120.30451965332031,34.839855194091797
91529594,2021,2021-07-27,9755,2021-07-25,2045,017378,,7,2,9,4200,0,1,3,,1,055,"RT 1","SANTA LUCIA CANYON RD",3696.00,N,N,A,-,Y,,,1,,,,,,,Y,2,0,2,1,A,-,01,23152,A,N,F,A,A,A,H,-,D,D,0,,,,,Y,Y,A,01,1,1,0,0,0,0,0,0,0,"- ","- ",34.722270965576172,-120.49349212646484,"SANTA BARBARA",UNINCORPORATED,-120.49343109130859,34.722305297851562
91536199,2021,2021-08-03,9750,2021-07-25,0854,015916,,7,1,9,4200,0,1,2,,2,003,"US-101 S/B (EL CAMINO REAL)","CAT CANYON ROAD",0.00,,Y,A,-,Y,,,101,,,,,,S,N,2,0,2,2,A,-,09,21802,A,N,D,C,A,A,H,-,A,A,0,,,,,Y,,A,01,2,0,0,0,0,0,0,0,0,"- ","- ",34.756698608398438,-120.29445648193359,"SANTA BARBARA",UNINCORPORATED,-120.29446411132812,34.756698608398438
91536713,2021,2021-08-04,9750,2021-07-23,1442,017496,,5,2,9,4200,0,3,5,,2,060,"FOOTHILL ROAD","KIRSCHENMANN RD",2112.00,W,N,A,-,N,,,,,,,,,,Y,2,0,2,1,A,-,08,22107,,N,F,A,A,A,H,-,A,D,0,,,,,Y,,A,07,2,0,0,0,0,0,0,0,0,"- ","- ",34.8980712890625,-119.60188293457031,"SANTA BARBARA",UNINCORPORATED,-119.60252380371094,34.898094177246094
91545550,2021,2021-08-16,9760,2021-08-06,0915,018019,,5,1,9,4200,0,3,5,,2,001,"MISSION CANYON RD.","SR-192 (FOOTHILL RD.)",376.00,N,N,A,-,N,,,,,,,,,,N,2,0,1,2,A,-,03,22350,,N,F,A,A,A,H,-,A,D,0,,,Y,,Y,,C,02,1,0,0,0,0,0,0,0,1,"- ","- ",34.447689056396484,-119.7099609375,"SANTA BARBARA",UNINCORPORATED,-119.71336364746094,34.446601867675781
91566814,2021,2021-09-09,9750,2021-08-28,1815,016874,,6,2,9,4200,0,1,2,,2,002,"US-101 S/B (EL CAMINO REAL)","CLARK AVENUE",6864.00,S,N,A,-,Y,,,101,,,,,,S,Y,2,0,1,1,A,-,01,23152,A,N,F,A,A,A,H,-,A,D,0,,,,,Y,Y,A,01,1,0,0,0,0,0,0,0,0,"- ","- ",34.850101470947266,-120.38285064697266,"SANTA BARBARA",UNINCORPORATED,-120.38301849365234,34.849952697753906
9157690,2020,2020-12-01,4204,2020-09-22,0606,90718,5,2,5,5,4204,0,0,0,,0,001,"DONOVAN RD","COLLEGE DR",40.00,W,N,A,-,N,,,,,,,,,,,2,0,1,2,A,-,03,22350,,N,C,G,A,A,H,-,C,D,0,,Y,,,Y,,A,01,1,0,0,0,0,0,1,0,0,"- ","- ",34.966388702392578,-120.42482757568359,"SANTA BARBARA","SANTA MARIA",-120.42578125,34.967670440673828
91577255,2021,2021-09-23,9750,2021-09-20,2130,017307,,1,2,9,4200,0,1,3,,1,012,"SR-1 (CABRILLO HIGHWAY)","BLACK RD",13728.00,N,N,A,-,N,,,1,,,,,,,Y,2,0,2,1,A,-,08,22107,,N,F,A,A,A,H,-,D,D,0,,,,,Y,,A,07,2,0,0,0,0,0,0,0,0,"- ","- ",34.903831481933594,-120.53533172607422,"SANTA BARBARA",UNINCORPORATED,-120.53533935546875,34.903812408447266
91579392,2021,2021-09-24,9760,2021-04-30,1833,021294,,5,2,9,4200,0,1,2,,2,010,"US-101 NORTHBOUND","NORTH PADARO LANE",4536.00,S,N,A,-,Y,,,101,,,,,,N,Y,1,1,0,1,A,-,08,22107,,N,E,I,A,A,H,-,A,D,0,,,,,Y,,A,01,0,0,0,0,0,0,0,0,0,"- ","- ",34.416801452636719,-119.56780242919922,"SANTA BARBARA",UNINCORPORATED,-119.56778717041016,34.416698455810547
91580127,2021,2021-09-27,9750,2021-05-31,1550,019397,,1,2,9,4200,0,3,5,,2,020,"BELL STREET","CAT CANYON ROAD",703.00,S,N,A,-,N,,,,,,,,,,Y,1,1,0,2,A,-,09,21804,A,N,D,C,A,A,H,-,A,D,0,,,Y,,Y,,A,01,0,0,0,0,0,0,0,1,0,"- ","- ",34.753311157226562,-120.29390716552734,"SANTA BARBARA",UNINCORPORATED,-120.29389190673828,34.753353118896484
91583106,2021,2021-09-29,9755,2021-09-19,1627,018483,,7,2,9,4200,0,1,3,,2,041,SR-246,"MEADOWLARK ROAD",0.00,,Y,A,-,Y,,,246,,,,,,,Y,2,0,2,2,A,-,05,21752,D,N,B,D,A,A,H,-,A,A,0,,,Y,,Y,,C,02,1,0,1,0,0,0,0,0,2,"- ","- ",34.610591888427734,-120.06221008300781,"SANTA BARBARA",UNINCORPORATED,-120.06221008300781,34.610610961914062
91589795,2021,2021-10-06,9750,2021-09-12,1036,015514,,7,1,9,4200,0,1,2,,2,001,"US-101 N/B FROM CLARK AVE","CLARK AVENUE",144.00,N,N,B,-,Y,,,101,,,,R,,N,Y,2,0,1,1,C,-,18,,,N,H,C,A,A,H,-,A,D,0,,,,,Y,,-,"- ",1,0,0,0,0,0,0,0,0,"- ","- ",34.865879058837891,-120.39563751220703,"SANTA BARBARA",UNINCORPORATED,-120.39563751220703,34.865879058837891
91594489,2021,2021-10-12,9755,2021-10-03,1915,020473,,7,2,9,4200,0,1,2,,2,004,"US-101 N/B","GAVIOTA STATE BEACH RD.",2100.00,N,N,A,-,Y,,,101,,,,,,N,Y,2,0,1,2,A,-,01,23152,A,N,E,I,A,B,G,-,D,D,0,,,,,Y,Y,D,22,1,0,0,0,0,0,0,0,0,"- ","- ",34.484531402587891,-120.22978210449219,"SANTA BARBARA",UNINCORPORATED,-120.22977447509766,34.484527587890625
91598604,2021,2021-10-18,9760,2021-08-25,0820,018418,,3,1,9,4200,0,1,3,,1,022,SR-154,"PAINTED CAVE ROAD",8976.00,E,N,A,-,Y,,,154,,,,,,,Y,2,0,2,2,A,-,08,22107,,N,A,C,A,A,H,-,A,D,0,,,,Y,Y,,F,26,1,1,0,0,0,0,0,0,0,"- ","- ",34.483951568603516,-119.77774047851562,"SANTA BARBARA",UNINCORPORATED,-119.77774047851562,34.483921051025391
91600188,2021,2021-10-19,9760,2021-10-10,1520,021531,,7,2,9,4200,0,3,5,,2,005,"CAMINO PESCADERO","SABADO TARDE ROAD",0.00,,Y,A,-,N,,,,,,,,,,N,2,0,2,1,A,-,08,22107,,N,F,A,A,A,H,-,A,D,0,,,,,Y,,M,94,1,1,0,0,0,0,0,0,0,"- ","- ",34.410480499267578,-119.85867309570312,"SANTA BARBARA",UNINCORPORATED,-119.85870361328125,34.410446166992188
91621776,2021,2021-11-10,9750,2021-10-30,0730,020511,,6,1,9,4200,0,1,3,,1,063,"SR-166 (CHP OFFICERS IRVINE & STOVALL MEMORIAL HIG","SIERRA MADRE RD",1320.00,E,N,A,-,Y,,,166,,,,,,,Y,2,0,1,2,A,-,03,22350,,N,C,C,A,A,G,-,B,D,0,,,Y,,Y,,C,02,1,0,0,0,0,0,0,0,1,"- ","- ",35.111240386962891,-120.08717346191406,"SANTA BARBARA",UNINCORPORATED,-120.087158203125,35.111286163330078
91627602,2021,2021-12-08,9755,2021-11-07,1450,018483,,7,2,9,4200,0,1,3,,1,042,SR-154,"FOXEN CANYON ROAD",0.00,,Y,A,-,Y,,,154,,,,,,,N,2,0,2,4,A,-,03,22350,,N,C,C,A,A,H,-,A,A,0,,Y,,,Y,,A,01,1,1,0,0,0,0,2,0,0,"- ","- ",34.668010711669922,-120.12294006347656,"SANTA BARBARA",UNINCORPORATED,-120.12293243408203,34.668045043945312
9164123,2020,2020-11-25,4200,2020-05-07,2020,3493,11,4,5,2,4212,0,0,0,,0,,"RT 246","SYCAMORE DR",24.00,W,N,A,-,Y,SB,5,246,-,R,25.260,H,-,E,Y,2,0,1,2,A,-,10,21950,A,N,G,B,B,A,H,-,C,A,0,Y,,,,Y,Y,A,01,1,0,0,0,1,0,0,0,0,"- ","- ",,,"SANTA BARBARA",BUELLTON,-120.20607757568359,34.618232727050781
91646418,2021,2021-12-08,9750,2021-06-28,2146,020511,,1,2,9,4200,0,1,3,,1,022,"SR-1 N/B",SR-135,326.00,S,N,A,-,Y,,,1,,,,,,N,Y,1,1,0,1,A,-,01,23152,A,N,E,8,A,A,H,-,D,D,0,,,,,Y,Y,D,22,0,0,0,0,0,0,0,0,0,"- ","- ",34.800018310546875,-120.44342803955078,"SANTA BARBARA",UNINCORPORATED,-120.44352722167969,34.800094604492188
91655206,2021,2021-12-17,9750,2021-12-07,0400,016542,,2,3,9,4200,0,1,2,,2,003,"US-101 S/B","ALISOS CANYON RD",8448.00,S,N,A,-,Y,,,101,,,,,,S,Y,2,0,1,1,A,-,08,22107,,N,E,I,A,A,H,-,D,D,0,,,,,Y,,A,01,1,0,0,0,0,0,0,0,0,"- ","- ",34.721908569335938,-120.20984649658203,"SANTA BARBARA",UNINCORPORATED,-120.20981597900391,34.721977233886719
91662263,2021,2021-12-27,9755,2021-12-16,1415,021818,,4,2,9,4200,0,1,2,,2,004,"US101 N/B",SR-1,3750.00,S,N,C,-,Y,,,101,,,,,,N,Y,2,0,1,1,A,-,08,22107,,N,F,A,A,B,H,-,A,D,0,,,,,Y,,D,22,1,0,0,0,0,0,0,0,0,"- ","- ",34.499820709228516,-120.22987365722656,"SANTA BARBARA",UNINCORPORATED,-120.22983551025391,34.499782562255859
91668519,2021,2022-01-03,9760,2021-12-29,0745,018418,,3,1,9,4200,0,1,2,,1,030,"U.S. 101 S/B","DOS PUEBLOS CANYON RD",2640.00,S,N,A,-,Y,,,,,,,,,,Y,2,0,1,2,A,-,03,22350,,N,E,8,A,B,H,-,D,D,0,,,,,Y,,A,01,1,0,0,0,0,0,0,0,0,"- ","- ",34.443099975585938,-119.95298004150391,"SANTA BARBARA",UNINCORPORATED,-119.95279693603516,34.443130493164062
91668571,2021,2022-01-03,9760,2021-12-29,1742,018786,,3,2,9,4200,0,1,2,,1,040,"US-101 NORTHBOUND","TAJIGUAS LANDFILL ROAD",1500.00,S,N,C,G,Y,,,101,,,,,,N,Y,2,0,1,1,A,-,08,22107,,N,E,I,A,B,H,-,D,D,0,,,,,Y,,D,22,1,0,0,0,0,0,0,0,0,"- ","- ",34.472690582275391,-120.12248229980469,"SANTA BARBARA",UNINCORPORATED,-120.12248229980469,34.472652435302734
91684519,2022,2022-01-25,9760,2022-01-22,1805,020752,,6,2,9,4200,0,3,5,,2,001,"OLIVE MILL RD","SPRING RD",370.00,S,N,A,-,N,,,,,,,,,,N,2,0,1,2,A,-,08,22107,,N,B,E,A,A,H,-,D,D,0,,Y,,,Y,,M,91,1,0,0,0,0,0,1,0,0,"- ","- ",34.418399810791016,-119.64012145996094,"SANTA BARBARA",UNINCORPORATED,-119.64012145996094,34.418781280517578
91693910,2021,2022-02-04,9750,2021-07-19,2338,020549,,1,3,9,4200,0,1,3,,1,021,"SR-135 N/B","CLARK AVE UNDERCROSSING",60.00,S,N,A,-,Y,,,135,,,,,,N,Y,1,1,0,1,A,-,08,22107,,N,E,I,A,A,H,-,D,D,0,,,,,Y,,A,01,0,0,0,0,0,0,0,0,0,"- ","- ",34.864799499511719,-120.43650054931641,"SANTA BARBARA",UNINCORPORATED,-120.43655395507812,34.864803314208984
91694670,2022,2022-02-07,9760,2022-01-28,0145,021621,,5,3,9,4200,0,1,2,,2,010,"US-101 S/B","N. PADARO LN",2175.00,N,N,A,-,Y,SB,,101,,R,7.547,H,,L,N,2,0,1,2,A,-,11,21954,A,F,G,B,E,A,D,-,C,D,0,Y,,,,Y,,N,60,1,0,0,0,1,0,0,0,0,"- ","- ",34.417758941650391,-119.58966064453125,"SANTA BARBARA",UNINCORPORATED,-119.58962249755859,34.417835235595703
91695286,2022,2022-02-07,9760,2022-02-05,1230,020423,,6,1,9,4200,0,3,5,,2,001,"GIBRALTAR ROAD","E CAMINO CIELO",3960.00,S,N,A,-,N,,,,,,,,,,N,2,0,1,2,D,-,00,,,F,F,A,A,A,H,-,A,D,0,,Y,,,Y,,-,"- ",1,0,0,0,0,0,1,0,0,"- ","- ",34.483741760253906,-119.68083190917969,"SANTA BARBARA",UNINCORPORATED,-119.68401336669922,34.483509063720703
91701154,2022,2022-04-08,9760,2022-02-12,1300,020752,,6,1,9,4200,0,3,5,,2,002,"MODOC ROAD","CLARA VISTA ROAD",0.00,,Y,A,-,N,,,,,,,,,,N,2,0,1,1,D,-,00,,,N,F,A,A,A,H,-,A,D,0,,Y,,,Y,,-,"- ",1,0,0,0,0,0,1,0,0,"- ","- ",34.437259674072266,-119.76203918457031,"SANTA BARBARA",UNINCORPORATED,-119.76000213623047,34.437049865722656
9170893,2020,2020-12-18,4203,2020-10-27,1422,24576,31,2,5,5,4203,0,0,0,,0,004,"W CARRILLO ST","DE LA VINA ST",8.00,E,N,A,-,N,,,,,,,,,,,2,0,1,2,C,-,18,,,N,A,G,A,A,H,-,A,A,0,,Y,,,Y,,-,"- ",1,0,0,0,0,0,1,0,0,"- ","- ",34.417488098144531,-119.69949340820312,"SANTA BARBARA","SANTA BARBARA",-119.70412445068359,34.419364929199219
91712376,2022,2022-03-01,9755,2022-02-02,1825,018483,,3,2,9,4200,0,1,3,,1,042,"SR-154 W/B","FOXEN CANYON RD",1960.00,W,N,A,-,Y,SB,,154,,,2.011,H,,L,Y,2,0,2,2,A,-,01,23152,A,N,A,C,A,A,H,-,D,D,0,,,,,Y,Y,A,01,2,0,0,0,0,0,0,0,0,"- ","- ",34.671428680419922,-120.12782287597656,"SANTA BARBARA",UNINCORPORATED,-120.12783050537109,34.671424865722656
91715019,2022,2022-03-04,9760,2022-02-27,1550,022485,,7,2,9,4200,0,1,3,,1,014,SR-192,"SHEPPARD MESA ROAD",300.00,S,N,A,-,N,,,,,,,,,,N,2,0,1,1,A,-,03,22350,,N,F,I,A,A,B,-,A,D,0,,,Y,,Y,,C,02,1,0,0,0,0,0,0,0,1,"- ","- ",34.391250610351562,-119.47554016113281,"SANTA BARBARA",UNINCORPORATED,-119.47555541992188,34.391231536865234
91720002,2022,2022-03-10,9750,2022-03-04,2500,020511,,5,4,5,4204,0,1,2,,2,001,"US-101 S/B","ALVIN AVE. O/C",150.00,S,N,A,-,Y,SB,,101,,,89.041,H,,L,Y,2,0,1,1,A,-,08,22107,,N,E,I,A,A,H,-,D,D,0,,,,,Y,,A,07,1,0,0,0,0,0,0,0,0,"- ","- ",34.959121704101562,-120.41819763183594,"SANTA BARBARA","SANTA MARIA",-120.41814422607422,34.959136962890625
91744670,2022,2022-04-11,9750,2022-03-28,2500,020511,,1,4,9,4200,0,1,3,,1,022,"SR-1 N/B","RICE RANCH RD",9557.00,S,N,C,-,Y,SB,,1,,R,33.817,H,,R,N,2,0,1,2,A,-,08,22107,,F,G,B,E,B,H,-,D,D,0,Y,,,,Y,,-,99,1,0,0,0,1,0,0,0,0,"- ","- ",34.840141296386719,-120.45175170898438,"SANTA BARBARA",UNINCORPORATED,-120.45170593261719,34.840141296386719
91755747,2022,2022-04-25,9755,2022-04-16,1049,016988,,6,1,9,4200,0,1,3,,1,042,"SR-154 E/B (SAN MARCOS PASS RD)","FOXEN CANYON RD",3696.00,W,N,B,C,Y,SB,,154,,,1.589,H,,R,Y,2,0,4,2,A,-,05,21460,A,N,A,C,A,B,H,-,A,D,0,,,,,Y,,D,22,3,1,0,0,0,0,0,0,0,"- ","- ",34.676048278808594,-120.13239288330078,"SANTA BARBARA",UNINCORPORATED,-120.13235473632812,34.676101684570312
91762949,2022,2022-05-03,9760,2022-05-01,0135,022291,,7,3,9,4200,0,1,2,,2,010,"US-101 S/B","EUCALYPTUS LN",149.00,N,N,A,-,Y,SB,,101,,,10.052,H,,L,N,2,0,1,1,A,-,03,22350,,N,E,I,A,A,H,-,C,D,0,,,Y,,Y,,C,02,1,0,0,0,0,0,0,0,1,"- ","- ",34.422519683837891,-119.63207244873047,"SANTA BARBARA",UNINCORPORATED,-119.63208770751953,34.422462463378906
91764254,2022,2022-05-04,9760,2022-04-23,2033,022853,,6,2,9,4200,0,2,4,,1,021,"WALNUT LANE","OLEANDER PL",58.00,N,N,A,-,N,,,,,,,,,,N,2,0,1,2,A,-,11,21954,A,N,G,B,D,A,H,-,C,D,0,Y,,,,Y,,N,60,1,0,0,0,1,0,0,0,0,"- ","- ",34.433719635009766,-119.80226898193359,"SANTA BARBARA",UNINCORPORATED,-119.80227661132812,34.433559417724609
9176477,2020,2020-11-23,4200,2020-08-26,2048,4417,14,3,5,4,4214,0,0,0,,0,060,"S KELLOGG AV","HOLLISTER AV",490.00,S,N,A,-,N,,,,,,,,,,Y,2,0,2,4,A,-,01,23152,A,N,E,I,A,A,H,-,C,D,0,,,,,Y,Y,A,01,1,1,0,0,0,0,0,0,0,"- ","- ",,,"SANTA BARBARA",GOLETA,-119.82053375244141,34.434345245361328
9177105,2020,2020-11-16,4200,2020-09-03,2155,4974,14,4,5,4,4214,0,0,0,,0,080,"HOLLISTER AV","CANNON GREEN DR",38.00,E,N,A,-,N,,,,,,,,,,N,2,0,1,2,A,-,07,21658,A,N,H,G,A,A,H,-,C,D,0,,Y,,,Y,Y,L,04,1,0,0,0,0,0,1,0,0,"- ","- ",,,"SANTA BARBARA",GOLETA,-119.88340759277344,34.42999267578125
91789811,2022,2022-06-16,9755,2022-05-26,1310,021498,,4,1,9,4200,0,1,3,,2,041,"SR-246 (MISSION DR)","ENTRANCE RD",0.00,,Y,A,-,Y,SB,,246,,,31.388,H,,R,Y,2,0,1,2,A,-,09,21802,A,N,D,C,A,A,H,-,A,A,0,,,,,Y,,A,01,1,0,0,0,0,0,0,0,0,"- ","- ",34.606048583984375,-120.11106109619141,"SANTA BARBARA",UNINCORPORATED,-120.11106872558594,34.606098175048828
91796943,2022,2022-08-12,9755,2022-03-07,1345,022749,,1,1,9,4200,0,1,3,,1,042,"SR-154 EASTBOUND","3500 SAINT FRANCIS RANCH",350.00,E,N,A,-,Y,SB,,154,,,17.011,H,,R,Y,1,1,5,2,A,-,05,21460,A,N,A,C,A,A,H,-,A,D,0,,,,,Y,,A,01,3,2,0,0,0,0,0,0,0,"- ","- ",34.561481475830078,-119.92359161376953,"SANTA BARBARA",UNINCORPORATED,-119.92359161376953,34.561485290527344
91797076,2021,2022-06-16,9755,2021-06-22,1445,020619,,2,2,9,4200,0,3,5,,2,050,"PURISIMA RD WESTBOUND","MISSION GATE RD",0.00,,Y,A,-,N,,,,,,,,,,Y,1,1,0,2,A,-,09,21802,A,N,E,I,A,A,H,-,A,A,0,,,Y,,Y,Y,A,01,0,0,0,0,0,0,0,1,0,"- ","- ",34.668930053710938,-120.42124176025391,"SANTA BARBARA",UNINCORPORATED,-120.42129516601562,34.668899536132812