CASE_ID,ACCIDENT_YEAR,PROC_DATE,JURIS,COLLISION_DATE,COLLISION_TIME,OFFICER_ID,REPORTING_DISTRICT,DAY_OF_WEEK,CHP_SHIFT,POPULATION,CNTY_CITY_LOC,SPECIAL_COND,BEAT_TYPE,CHP_BEAT_TYPE,CITY_DIVISION_LAPD,CHP_BEAT_CLASS,BEAT_NUMBER,PRIMARY_RD,SECONDARY_RD,DISTANCE,DIRECTION,INTERSECTION,WEATHER_1,WEATHER_2,STATE_HWY_IND,CALTRANS_COUNTY,CALTRANS_DISTRICT,STATE_ROUTE,ROUTE_SUFFIX,POSTMILE_PREFIX,POSTMILE,LOCATION_TYPE,RAMP_INTERSECTION,SIDE_OF_HWY,TOW_AWAY,COLLISION_SEVERITY,NUMBER_KILLED,NUMBER_INJURED,PARTY_COUNT,PRIMARY_COLL_FACTOR,PCF_CODE_OF_VIOL,PCF_VIOL_CATEGORY,PCF_VIOLATION,PCF_VIOL_SUBSECTION,HIT_AND_RUN,TYPE_OF_COLLISION,MVIW,PED_ACTION,ROAD_SURFACE,ROAD_COND_1,ROAD_COND_2,LIGHTING,CONTROL_DEVICE,CHP_ROAD_TYPE,PEDESTRIAN_ACCIDENT,BICYCLE_ACCIDENT,MOTORCYCLE_ACCIDENT,TRUCK_ACCIDENT,NOT_PRIVATE_PROPERTY,ALCOHOL_INVOLVED,STWD_VEHTYPE_AT_FAULT,CHP_VEHTYPE_AT_FAULT,COUNT_SEVERE_INJ,COUNT_VISIBLE_INJ,COUNT_COMPLAINT_PAIN,COUNT_PED_KILLED,COUNT_PED_INJURED,COUNT_BICYCLIST_KILLED,COUNT_BICYCLIST_INJURED,COUNT_MC_KILLED,COUNT_MC_INJURED,PRIMARY_RAMP,SECONDARY_RAMP,LATITUDE,LONGITUDE,COUNTY,CITY,POINT_X,POINT_Y
91799162,2022,2022-06-20,9755,2022-06-12,0105,021818,,7,3,9,4200,0,1,3,,1,042,"SR-154 E/B","LAKE VIEW RD",1735.00,W,N,A,-,Y,SB,,154,,,14.366,H,,R,N,2,0,1,1,A,-,01,23152,A,N,F,A,A,A,H,-,D,D,0,,,,,Y,Y,A,01,1,0,0,0,0,0,0,0,0,"- ","- ",34.572700500488281,-119.96446990966797,"SANTA BARBARA",UNINCORPORATED,-119.96449279785156,34.572643280029297
91801948,2022,2022-06-23,9750,2022-06-14,1545,013267,,2,2,9,4200,0,1,3,,1,064,"RT 166","WASIOJA ROAD",12672.00,W,N,A,-,Y,SB,,166,,,56.100,H,,R,Y,2,0,4,1,A,-,08,22107,,N,E,8,A,A,H,-,A,D,0,,,,,Y,,A,07,1,3,0,0,0,0,0,0,0,"- ","- ",35.000141143798828,-119.81952667236328,"SANTA BARBARA",UNINCORPORATED,-119.81954193115234,35.000095367431641
91810469,2022,2022-07-05,9750,2022-05-02,0630,016469,,1,1,9,4200,0,3,5,,2,030,"BETTERAVIA RD","PHILBRIC RD",0.00,,Y,E,-,N,,,,,,,,,,Y,1,1,3,2,A,-,09,21802,A,N,D,C,A,A,H,-,B,A,0,,,,Y,Y,,A,01,1,1,1,0,0,0,0,0,0,"- ","- ",34.923519134521484,-120.37409973144531,"SANTA BARBARA",UNINCORPORATED,-120.37401580810547,34.923412322998047
91814291,2022,2022-07-11,9750,2022-07-02,2220,020907,,6,3,9,4200,0,1,3,,1,021,"US-135 N/B","UNION VALLEY PARKWAY",770.00,S,N,A,-,Y,SB,,135,,,10.536,H,,R,N,2,0,2,2,A,-,01,23152,A,N,C,C,A,A,H,-,C,D,0,,,,,Y,Y,A,01,2,0,0,0,0,0,0,0,0,"- ","- ",34.877601623535156,-120.43653106689453,"SANTA BARBARA",UNINCORPORATED,-120.43654632568359,34.877601623535156
91825081,2022,2022-07-26,9750,2022-07-10,1728,019831,,7,2,9,4200,0,1,3,,1,023,"SR-135 S/B",SR-1,141.00,S,N,A,-,Y,SB,,135,,R,9.109,H,,L,Y,2,0,1,1,A,-,08,22107,,N,F,A,A,A,H,-,A,D,0,,,Y,,Y,,C,02,1,0,0,0,0,0,0,0,1,"- ","- ",34.853839874267578,-120.45281982421875,"SANTA BARBARA",UNINCORPORATED,-120.45267486572266,34.853801727294922
91829821,2022,2022-08-01,9760,2022-07-22,1612,022916,,5,2,9,4200,0,3,5,,2,002,"STATE STREET",SR-154,380.00,E,N,A,-,N,,,,,,,,,,N,2,0,1,2,A,-,03,22350,,N,C,G,A,A,H,-,A,D,0,,Y,,,Y,,L,04,1,0,0,0,0,0,1,0,0,"- ","- ",34.440338134765625,-119.75862884521484,"SANTA BARBARA",UNINCORPORATED,-119.75875854492188,34.440364837646484
91830167,2022,2022-10-04,9760,2022-03-18,0216,020965,,5,3,9,4200,0,1,2,,2,010,"US-101 SOUTHBOUND","NORTH PADARO LANE",2600.00,S,N,A,-,Y,SB,,101,,R,6.640,H,,R,Y,1,1,1,2,A,-,09,21804,A,N,C,2,A,A,D,-,D,D,0,,,,Y,Y,Y,F,27,1,0,0,0,0,0,0,0,0,"- ","- ",34.416000366210938,-119.57399749755859,"SANTA BARBARA",UNINCORPORATED,-119.57396697998047,34.415809631347656
91841426,2022,2022-08-16,9760,2022-08-07,0300,022916,,7,3,9,4200,0,1,2,,2,020,"US-101 NORTHBOUND","EL SUENO",235.00,S,N,A,-,Y,SB,,101,,,18.910,H,,R,Y,2,0,2,1,A,-,01,23152,A,N,E,8,A,A,H,-,D,D,0,,,,,Y,Y,A,01,2,0,0,0,0,0,0,0,0,"- ","- ",34.441131591796875,-119.76908874511719,"SANTA BARBARA",UNINCORPORATED,-119.76908874511719,34.440982818603516
91847473,2022,2022-09-13,9760,2022-08-14,1825,022926,,7,2,9,4200,0,3,5,,2,001,"VIA REAL","NIDEVER RD.",545.00,E,N,A,-,N,,,,,,,,,,Y,2,0,3,2,A,-,01,23152,A,N,A,C,A,A,H,-,A,D,0,,,,,Y,Y,A,01,1,2,0,0,0,0,0,0,0,"- ","- ",34.415260314941406,-119.55812072753906,"SANTA BARBARA",UNINCORPORATED,-119.55893707275391,34.415847778320312
91847488,2022,2022-08-24,9750,2022-08-15,1940,013267,,1,2,9,4200,0,2,4,,1,024,"CLARK AVENUE","HARMONY LANE",0.00,,Y,B,-,N,,,,,,,,,,Y,2,0,1,2,A,-,09,21801,A,N,D,C,A,A,H,-,A,D,0,,,,,Y,,A,07,1,0,0,0,0,0,0,0,0,"- ","- ",34.865180969238281,-120.40624237060547,"SANTA BARBARA",UNINCORPORATED,-120.40606689453125,34.865074157714844
91854347,2021,2022-08-31,9755,2021-10-31,1727,017378,,7,2,9,4200,0,1,3,,1,051,"STATE ROUTE 1 SOUTHBOUND","JALAMA ROAD",5280.00,N,N,A,-,Y,,,1,,,,,,S,Y,1,1,0,1,A,-,01,23152,A,N,E,8,A,A,H,-,A,D,0,,,,,Y,Y,D,22,0,0,0,0,0,0,0,0,0,"- ","- ",34.597820281982422,-120.41658782958984,"SANTA BARBARA",UNINCORPORATED,-120.41658020019531,34.597843170166016
91854612,2021,2022-08-31,9755,2021-09-15,0516,021818,,3,3,9,4200,0,1,3,,1,053,"STATE ROUTE 246 EASTBOUND","RT 1",1015.00,E,N,A,-,Y,,,246,,,,,,E,N,1,1,0,2,A,-,11,21954,A,F,G,B,D,B,H,-,D,D,0,Y,,,,Y,,N,60,0,0,0,1,0,0,0,0,0,"- ","- ",34.642879486083984,-120.43305969238281,"SANTA BARBARA",UNINCORPORATED,-120.43309020996094,34.642929077148438
91855674,2022,2022-09-01,9750,2022-03-18,2027,017709,,5,2,9,4200,0,1,2,,2,002,"US-101 N/B","PALMER ROAD",1056.00,N,N,A,-,Y,SB,,101,,,76.185,H,,R,N,1,1,0,1,A,-,01,23152,A,N,F,A,A,A,H,-,D,D,0,,,,,Y,Y,A,01,0,0,0,0,0,0,0,0,0,"- ","- ",34.794448852539062,-120.33689880371094,"SANTA BARBARA",UNINCORPORATED,-120.33682250976562,34.794498443603516
9186223,2020,2021-01-29,4203,2020-11-14,0158,24576,11,6,5,5,4203,0,0,0,,0,0UI,"HOLLISTER AV","ROBIN HILL RD",0.00,,Y,A,-,,,,,,,,,,,Y,2,0,3,2,A,-,01,23152,A,F,D,C,A,A,H,-,C,A,0,,,Y,,Y,Y,A,01,1,2,0,0,0,0,0,0,1,"- ","- ",34.432209014892578,-119.83972930908203,"SANTA BARBARA","SANTA BARBARA",-119.84474182128906,34.432010650634766
91869322,2022,2022-09-20,9750,2022-09-01,2000,016874,,4,2,9,4200,0,3,5,,2,020,"SANDALWOOD DRIVE","SATINWOOD DRIVE",0.00,,Y,A,-,N,,,,,,,,,,N,2,0,1,2,A,-,12,22450,A,M,D,C,A,A,H,-,D,A,0,,,Y,,Y,,C,02,1,0,0,0,0,0,0,0,1,"- ","- ",34.896469116210938,-120.48549652099609,"SANTA BARBARA",UNINCORPORATED,-120.48545074462891,34.896457672119141
91875625,2022,2022-09-28,9750,2022-09-27,2205,020510,,2,3,9,4200,0,1,3,,1,011,"SR-166 (W. MAIN STREET)","BLACK RD",3960.00,E,N,A,-,Y,SB,,166,,,5.590,H,,R,Y,2,0,1,1,A,-,08,22107,,N,E,I,A,B,H,-,D,D,0,,,,,Y,,A,07,1,0,0,0,0,0,0,0,0,"- ","- ",34.954448699951172,-120.47625732421875,"SANTA BARBARA",UNINCORPORATED,-120.47627258300781,34.954322814941406
9188257,2020,2020-12-07,4204,2020-10-03,0541,90880,012,6,5,5,4204,0,0,0,,0,002,"MAIN ST","COLLEGE DR",0.00,,Y,A,-,Y,SB,5,166,-,-,8.510,I,5,W,,2,0,1,2,A,-,11,21456,B,N,G,B,B,A,H,-,C,A,0,Y,,,,Y,,N,60,1,0,0,0,1,0,0,0,0,"- ","- ",34.952911376953125,-120.42484283447266,"SANTA BARBARA","SANTA MARIA",-120.42472839355469,34.953166961669922
91883414,2022,2022-10-05,9750,2022-07-02,2210,020511,,6,3,9,4200,0,1,3,,1,022,"SR-1 S/B","US AIR FORCE INSULATION ROAD C6",245.00,N,N,A,-,Y,SB,,1,,M,35.178,H,,L,Y,1,1,0,2,A,-,11,21956,A,N,G,B,D,A,H,-,D,D,0,Y,,,,Y,Y,N,60,0,0,0,1,0,0,0,0,0,"- ","- ",34.791530609130859,-120.45633697509766,"SANTA BARBARA",UNINCORPORATED,-120.45634460449219,34.791538238525391
91890770,2022,2022-10-14,9745,2022-10-09,1748,018616,,7,2,9,4200,0,3,5,,2,005,"SUMMIT STATION ROAD","HETRICK AVENUE",528.00,E,N,B,-,N,,,,,,,,,,N,2,0,1,1,C,-,18,,,N,H,A,A,A,H,-,A,D,0,,,,,Y,,-,"- ",1,0,0,0,0,0,0,0,0,"- ","- ",35.062080383300781,-120.51947784423828,"SANTA BARBARA",UNINCORPORATED,,
91900947,2022,2022-10-27,9760,2022-10-24,1600,018786,,1,2,5,4203,0,1,2,,2,020,"US-101 NORTHBOUND","HITCHCOCK WAY",100.00,N,N,A,-,Y,SB,,101,,,17.349,H,,R,Y,2,0,1,3,A,-,03,22350,,N,B,C,A,A,H,-,A,D,0,,,Y,,Y,,C,02,1,0,0,0,0,0,0,0,1,"- ","- ",34.432491302490234,-119.74622344970703,"SANTA BARBARA","SANTA BARBARA",-119.74624633789062,34.432456970214844
91917174,2022,2022-11-14,9755,2022-11-07,0705,018483,,1,1,9,4200,0,1,2,,2,004,"US-101 N/B",SR-1,3696.00,S,N,C,-,Y,SB,,101,,,48.086,H,,R,Y,2,0,1,1,A,-,03,22350,,N,E,I,A,B,H,-,A,D,0,,,,,Y,,D,22,1,0,0,0,0,0,0,0,0,"- ","- ",34.499259948730469,-120.23027801513672,"SANTA BARBARA",UNINCORPORATED,-120.23033142089844,34.499286651611328
91925309,2022,2022-11-23,9750,2022-11-13,0100,020964,,7,3,9,4200,0,1,3,,1,021,"SR-135 S/B","GRACIOSA RD",528.00,N,N,A,-,Y,SB,,1,,R,31.926,H,,L,Y,2,0,1,1,C,-,18,,,N,H,H,A,A,H,-,D,D,0,,,,,Y,,-,"- ",1,0,0,0,0,0,0,0,0,"- ","- ",34.812919616699219,-120.44882965087891,"SANTA BARBARA",UNINCORPORATED,-120.44880676269531,34.812923431396484
91925759,2022,2022-11-23,9755,2022-11-08,2500,018483,,2,4,9,4200,0,1,2,,2,004,"US-101 SOUTHBOUND","STATE ROUTE 154",4752.00,S,N,C,-,Y,SB,,101,,,61.936,H,,L,Y,1,1,0,1,A,-,03,22350,,N,F,A,A,B,H,-,D,D,0,,,,,Y,,A,08,0,0,0,0,0,0,0,0,0,"- ","- ",34.67572021484375,-120.15840911865234,"SANTA BARBARA",UNINCORPORATED,-120.15837860107422,34.675708770751953
91927393,2022,2022-11-28,9760,2022-11-17,1830,022485,,4,2,9,4200,0,1,3,,1,022,"SR-154 EB","PARADISE RD",3210.00,E,N,A,-,Y,SB,,154,,,22.238,H,,R,N,2,0,1,1,A,-,08,22107,,N,F,I,A,A,H,-,D,D,0,,,,,Y,,D,22,1,0,0,0,0,0,0,0,0,"- ","- ",34.532318115234375,-119.8466796875,"SANTA BARBARA",UNINCORPORATED,-119.84666442871094,34.532390594482422
91936282,2022,2022-12-07,9760,2022-12-02,1840,018786,,5,2,9,4200,0,1,3,,1,022,SR-154,"E. CAMINO CIELO",1800.00,W,N,C,-,N,,,,,,,,,,Y,2,0,2,2,A,-,08,22107,,N,E,I,A,B,H,-,D,D,0,,,,,Y,,A,01,1,1,0,0,0,0,0,0,0,"- ","- ",34.513271331787109,-119.82475280761719,"SANTA BARBARA",UNINCORPORATED,-119.82466125488281,34.513294219970703
91943205,2022,2022-12-15,9755,2022-12-08,1209,023050,,4,1,9,4200,0,1,3,,1,055,"STATE ROUTE 1 N/B","CONSTELLATION RD",1848.00,S,N,A,-,Y,SB,,1,,R,24.403,H,,R,Y,2,0,1,1,A,-,08,22107,,N,F,A,A,A,H,-,A,D,0,,,,,Y,,A,01,1,0,0,0,0,0,0,0,0,"- ","- ",34.693199157714844,-120.45851898193359,"SANTA BARBARA",UNINCORPORATED,-120.45864105224609,34.693164825439453
91961193,2022,2023-01-05,9750,2022-12-28,0625,017910,,3,1,9,4200,0,3,5,,2,010,"BLACK RD","POINT SAL RD",1056.00,N,N,A,-,N,,,,,,,,,,Y,2,0,1,1,C,-,18,,,N,H,H,A,B,H,-,D,D,0,,,,,Y,,-,"- ",1,0,0,0,0,0,0,0,0,"- ","- ",34.844470977783203,-120.52513122558594,"SANTA BARBARA",UNINCORPORATED,-120.52509307861328,34.844482421875
91982276,2023,2023-01-30,9760,2023-01-20,"758 ",023122,,5,1,9,4200,0,1,3,,1,028,"SR 192 (FOOTHILL RD.)","COCOPAH DRIVE",0.00,,Y,A,-,Y,SB,,192," "," ",0.338,H,,R,Y,2,0,2,2,A,-,03,22350,,N,C,C,A,A,H,-,A,D,0,,,Y,,Y,,C,02,1,0,1,0,0,0,0,0,1,"- ","- ",34.451900482177734,-119.75694274902344,"SANTA BARBARA",UNINCORPORATED,-119.75689697265625,34.451835632324219
91985071,2023,2023-02-02,9755,2023-01-29,1302,018483,,7,1,9,4200,0,1,2,,2,004,"US-101 N/B",SR-1,6864.00,S,N,B,C,Y,SB,,101," "," ",47.554,H,,R,Y,2,0,1,2,A,-,03,22350,,N,E,I,A,B,H,-,A,A,0,,,,,Y,,A,07,1,0,0,0,0,0,0,0,0,"- ","- ",34.493209838867188,-120.2269287109375,"SANTA BARBARA",UNINCORPORATED,-120.22690582275391,34.493232727050781
91992942,2023,2023-02-13,9760,2023-02-04,"30  ",019385,,6,3,9,4200,0,3,5,,2,005,"CAMINO CORTO","SUENO ROAD",20.00,S,N,A,-,N,,,,,,,,,,N,2,0,2,2,A,-,09,21803,A,N,A,C,A,A,H,-,C,D,0,,,,,Y,,M,94,1,0,1,0,0,0,0,0,0,"- ","- ",34.412620544433594,-119.86638641357422,"SANTA BARBARA",UNINCORPORATED,-119.86640930175781,34.412624359130859
91995864,2023,2023-02-16,9750,2023-02-05,1641,017705,,7,2,5,4204,0,1,2,,2,001,"US-101 N/B (EL CAMINO REAL)","DONOVAN ROAD",1000.00,S,N,A,-,Y,SB,,101," "," ",89.410,H,,R,Y,2,0,2,3,A,-,03,22350,,N,B,C,A,A,H,-,A,D,0,,,Y,,Y,,C,02,2,0,0,0,0,0,0,0,2,"- ","- ",34.9639892578125,-120.42066955566406,"SANTA BARBARA","SANTA MARIA",-120.42063903808594,34.964004516601562
92008325,2022,2023-03-02,9760,2022-11-11,0148,022547,,5,3,4,4214,0,1,2,,1,030,"US-101 N/B","FAIRVIEW AVENUE",1862.00,S,N,A,-,Y,SB,,101,,,22.100,H,,R,Y,1,1,1,2,A,-,11,21954,A,N,G,B,E,A,H,-,D,D,0,Y,,,,Y,Y,N,60,0,0,1,1,0,0,0,0,0,"- ","- ",34.440338134765625,-119.82489776611328,"SANTA BARBARA",GOLETA,-119.82489013671875,34.440280914306641
92011328,2023,2023-03-07,9760,2023-02-26,"0   ",023130,,7,3,9,4200,0,1,2,,2,020,"US-101 NORTHBOUND TO EL SUENO RD","CALLE REAL",54.00,W,N,A,-,Y,,,,,,,,,,Y,2,0,1,1,A,-,01,23152,A,N,E,8,A,B,H,-,D,D,0,,,,,Y,Y,A,01,1,0,0,0,0,0,0,0,0,"- ","- ",34.441268920898438,-119.76930236816406,"SANTA BARBARA",UNINCORPORATED,-119.76930236816406,34.441268920898438
92022367,2023,2023-03-20,9755,2023-03-13,"739 ",018483,,1,1,9,4200,0,1,3,,1,042,"SR-154 W/B","LAKEVIEW RD",7392.00,W,N,E,-,Y,SB,,154," "," ",13.281,H,,L,Y,2,0,1,1,A,-,08,22107,,N,E,I,A,A,H,-,A,D,0,,,,,Y,,A,01,1,0,0,0,0,0,0,0,0,"- ","- ",34.578231811523438,-119.982177734375,"SANTA BARBARA",UNINCORPORATED,-119.98220062255859,34.57818603515625
92024870,2023,2023-03-22,9750,2023-03-14,1428,020510,,2,2,9,4200,0,2,4,,1,024,"CLARK AVENUE","STILLWELL ROAD",0.00,,Y,C,-,N,,,,,,,,,,Y,2,0,1,2,A,-,09,21453,C,N,D,C,A,B,H,-,A,A,0,,,,,Y,,A,08,1,0,0,0,0,0,0,0,0,"- ","- ",34.865310668945312,-120.40209197998047,"SANTA BARBARA",UNINCORPORATED,-120.40206146240234,34.865245819091797
92037023,2023,2023-04-04,9755,2023-03-27,2030,019464,,1,2,9,4200,0,1,2,,2,004,"US-101 N/B","SR-1 OVERCROSSING",5280.00,S,N,A,-,Y,SB,,101," "," ",47.558,H,,R,Y,2,0,1,1,A,-,03,22350,,N,E,8,A,B,H,-,D,D,0,,,,,Y,,D,22,1,0,0,0,0,0,0,0,0,"- ","- ",34.493259429931641,-120.22696685791016,"SANTA BARBARA",UNINCORPORATED,-120.22695159912109,34.493274688720703
92041929,2023,2023-05-30,9750,2023-01-07,1915,020907,,6,2,9,4200,0,1,3,,1,011,"SR-166 (WEST MAIN STREET)","BLACK  ROAD",23.00,E,N,A,-,Y,,,,,,,,,,Y,1,1,1,1,A,-,01,23152,A,N,E,8,A,A,H,-,C,D,0,,,,,Y,Y,A,01,1,0,0,0,0,0,0,0,0,"- ","- ",39.955211639404297,-120.48954772949219,"SANTA BARBARA",UNINCORPORATED,-120.48956298828125,34.955360412597656
92046694,2023,2023-04-17,9755,2023-01-20,2100,017378,,5,2,9,4200,0,1,3,,1,051,"SR-1 N/B","SANTA ROSA RD.",5280.00,S,N,A,-,Y,SB,,1," "," ",16.760,H,,R,N,2,0,1,2,A,-,08,22107,,F,G,B,E,A,H,-,D,D,0,Y,,,,Y,,-,99,1,0,0,0,1,0,0,0,0,"- ","- ",34.609779357910156,-120.42102813720703,"SANTA BARBARA",UNINCORPORATED,-120.42108154296875,34.609710693359375
92061124,2023,2023-05-04,9760,2023-04-23,2203,022916,,7,3,9,4200,0,1,2,,2,020,"CALLE REAL","EL SUENO",0.00,,Y,A,-,Y,,,,,,,,,,N,2,0,2,1,A,-,01,23152,A,N,E,8,A,A,H,-,C,D,0,,,,,Y,Y,A,01,1,1,0,0,0,0,0,0,0,"- ","- ",34.441558837890625,-119.76918029785156,"SANTA BARBARA",UNINCORPORATED,-119.76934814453125,34.441497802734375
92076379,2023,2023-05-24,9760,2023-02-09,"148 ",022726,,4,3,5,4203,0,1,2,,2,020,"US-101 SOUTHBOUND",SR-154,3000.00,N,N,A,-,Y,SB,,101," "," ",18.978,H,,L,Y,1,1,0,1,A,-,08,22107,,N,E,8,A,A,H,-,D,D,0,,,,,Y,,A,01,0,0,0,0,0,0,0,0,0,"- ","- ",34.440818786621094,-119.77020263671875,"SANTA BARBARA","SANTA BARBARA",-119.77018737792969,34.440902709960938
92084819,2023,2023-06-02,9750,2023-05-24,2000,015915,,3,2,9,4200,0,3,5,,2,030,"TEPUSQUET ROAD",SR-166,15840.00,S,N,B,-,N,,,,,,,,,,Y,2,0,1,1,A,-,08,22107,,N,E,I,A,A,H,-,D,D,0,,,,,Y,,A,07,1,0,0,0,0,0,0,0,0,"- ","- ",34.9876708984375,-120.19814300537109,"SANTA BARBARA",UNINCORPORATED,-120.19713592529297,34.987262725830078
92086096,2023,2023-06-05,9750,2023-05-25,"645 ",016170,,4,1,5,4203,0,1,3,,1,064,"SR-166 (CUYAMA HIGHWAY)","COTTONWOOD CYN RD",2640.00,W,N,A,-,Y,SB,,166," ",R,51.352,H,,R,Y,2,0,1,1,A,-,08,22107,,N,F,A,A,A,H,-,B,D,0,,,,,Y,,D,22,1,0,0,0,0,0,0,0,0,"- ","- ",35.038040161132812,-119.88377380371094,"SANTA BARBARA","SANTA BARBARA",-119.88379669189453,35.038013458251953
92099730,2023,2023-06-22,9760,2023-06-10,1600,022387,,6,2,9,4200,0,1,3,,1,014,SR-192,"CASITAS PASS RD",534.00,E,N,A,-,Y,SB,,192," "," ",18.126,H,,R,Y,2,0,1,2,A,-,09,21804,A,N,C,C,A,A,H,-,A,D,0,,,Y,,Y,Y,A,01,1,0,0,0,0,0,0,0,1,"- ","- ",34.405719757080078,-119.50337982177734,"SANTA BARBARA",UNINCORPORATED,-119.50338745117188,34.40570068359375
92102067,2023,2023-06-26,9750,2023-06-23,"954 ",017705,,5,1,9,4200,0,3,5,,2,030,"FOXEN CANYON ROAD","TEPUSQUET ROAD",10560.00,S,N,A,-,Y,,,,,,,,,,N,2,0,2,1,A,-,08,22107,,N,F,J,A,A,H,-,A,D,0,,,Y,,Y,,C,02,1,1,0,0,0,0,0,0,2,"- ","- ",34.829631805419922,-120.23503112792969,"SANTA BARBARA",UNINCORPORATED,-120.22858428955078,34.841796875
92107126,2023,2023-06-30,9750,2023-06-23,1950,013267,,5,2,9,4200,0,3,5,,2,030,"TEPUSQUET ROAD","RT 166",16896.00,S,N,A,-,N,,,,,,,,,,Y,2,0,6,1,A,-,08,22107,,N,F,A,A,A,H,-,A,D,0,,,,,Y,,A,01,2,4,0,0,0,0,0,0,0,"- ","- ",34.985008239746094,-120.19764709472656,"SANTA BARBARA",UNINCORPORATED,-120.19762420654297,34.984947204589844
9211676,2020,2022-06-18,4200,2020-04-26,2156,3116,14,7,5,4,4214,0,0,0,,0,080,"CALLE REAL","VIOLET LN",57.00,W,N,A,-,N,,,,,,,,,,Y,1,1,0,2,A,-,01,23152,A,N,C,G,A,A,H,-,D,D,0,,Y,,,Y,Y,A,07,0,0,0,0,0,1,0,0,0,"- ","- ",,,"SANTA BARBARA",GOLETA,-119.87977600097656,34.432830810546875
92118718,2023,2023-07-17,9750,2023-07-11,1900,016874,,2,2,9,4200,0,3,5,,2,020,"DRUM CANYON RD","HILL STREET",2376.00,S,N,A,-,N,,,,,,,,,,N,2,0,1,1,A,-,03,22350,,N,F,A,A,A,H,-,A,D,0,,Y,,,Y,,L,04,1,0,0,0,0,0,1,0,0,"- ","- ",34.733608245849609,-120.28024291992188,"SANTA BARBARA",UNINCORPORATED,,
92122325,2023,2023-07-20,9760,2023-07-12,1800,018786,,3,2,9,4200,0,3,5,,2,002,"PATTERSON AVE","TREE FARM LANE",0.00,,Y,A,-,N,,,,,,,,,,N,2,0,2,2,A,-,09,21802,A,N,D,G,A,A,H,-,A,A,0,,Y,,,Y,,M,91,1,1,0,0,0,0,1,0,0,"- ","- ",34.449359893798828,-119.80787658691406,"SANTA BARBARA",UNINCORPORATED,-119.80787658691406,34.449325561523438
92125710,2023,2023-07-25,9760,2023-07-17,1020,022726,,1,1,9,4200,0,3,5,,2,001,"N JAMESON LANE","SHEFFIELD DRIVE",0.00,,Y,A,-,N,,,,,,,,,,N,2,0,2,2,A,-,09,21802,A,N,D,C,A,A,H,-,A,A,0,,,,,Y,,A,07,1,1,0,0,0,0,0,0,0,"- ","- ",34.422328948974609,-119.61424255371094,"SANTA BARBARA",UNINCORPORATED,-119.61250305175781,34.422298431396484
92134675,2023,2023-08-03,9760,2023-08-01,1425,023335,,2,2,9,4200,0,1,2,,2,020,"US 101 SOUTHBOUND","EL SUENO ROAD",390.00,N,N,A,-,Y,SB,,101," "," ",19.018,H,,L,Y,2,0,4,4,A,-,01,23152,G,N,C,C,A,A,H,-,A,D,0,,,,,Y,,A,07,1,3,0,0,0,0,0,0,0,"- ","- ",34.441070556640625,-119.77086639404297,"SANTA BARBARA",UNINCORPORATED,-119.77088165283203,34.441017150878906
92143220,2023,2023-08-14,9755,2023-05-04,2358,023112,,4,3,9,4200,0,1,3,,2,041,"STATE ROUTE 246 WESTBOUND","CASINO DR",23.00,W,N,B,-,Y,SB,,246," "," ",32.819,H,,L,N,1,1,0,2,A,-,11,21954,A,N,G,B,D,B,H,-,C,A,0,Y,,,,Y,Y,N,60,0,0,0,1,0,0,0,0,0,"- ","- ",34.610088348388672,-120.08672332763672,"SANTA BARBARA",UNINCORPORATED,-120.08668518066406,34.610031127929688
92144076,2023,2023-08-15,9760,2023-08-04,2035,018786,,5,2,9,4200,0,3,5,,2,002,"LAS PERLAS DRIVE","TRACI DRIVE",0.00,,Y,A,-,N,,,,,,,,,,N,2,0,2,3,A,-,10,21952,,N,G,B,B,A,H,-,C,D,0,Y,,,,Y,,A,01,2,0,0,0,2,0,0,0,0,"- ","- ",34.450031280517578,-119.81080627441406,"SANTA BARBARA",UNINCORPORATED,-119.81085968017578,34.450027465820312
92148867,2023,2023-08-21,9760,2023-08-16,"30  ",022547,,3,3,5,4203,0,1,2,,2,020,"US-101 S/B",SR-154,315.00,S,N,A,-,Y,SB,,101," "," ",18.301,H,,L,Y,2,0,1,1,A,-,08,22107,,N,E,8,A,A,H,-,D,D,0,,,Y,,Y,,C,02,1,0,0,0,0,0,0,0,1,"- ","- ",34.441181182861328,-119.75884246826172,"SANTA BARBARA","SANTA BARBARA",-119.75884246826172,34.441150665283203
92171191,2023,2023-09-15,9755,2023-09-04,1810,020226,,1,2,9,4200,0,3,5,,2,050,"HARRIS GRADE ROAD","RUCKER ROAD",685.00,S,N,A,-,N,,,,,,,,,,Y,2,0,1,1,A,-,08,22107,,N,E,I,A,A,H,-,A,D,0,,,Y,,Y,,C,02,1,0,0,0,0,0,0,0,1,"- ","- ",34.709110260009766,-120.43630218505859,"SANTA BARBARA",UNINCORPORATED,-120.436279296875,34.709346771240234