CASE_ID,ACCIDENT_YEAR,PROC_DATE,JURIS,COLLISION_DATE,COLLISION_TIME,OFFICER_ID,REPORTING_DISTRICT,DAY_OF_WEEK,CHP_SHIFT,POPULATION,CNTY_CITY_LOC,SPECIAL_COND,BEAT_TYPE,CHP_BEAT_TYPE,CITY_DIVISION_LAPD,CHP_BEAT_CLASS,BEAT_NUMBER,PRIMARY_RD,SECONDARY_RD,DISTANCE,DIRECTION,INTERSECTION,WEATHER_1,WEATHER_2,STATE_HWY_IND,CALTRANS_COUNTY,CALTRANS_DISTRICT,STATE_ROUTE,ROUTE_SUFFIX,POSTMILE_PREFIX,POSTMILE,LOCATION_TYPE,RAMP_INTERSECTION,SIDE_OF_HWY,TOW_AWAY,COLLISION_SEVERITY,NUMBER_KILLED,NUMBER_INJURED,PARTY_COUNT,PRIMARY_COLL_FACTOR,PCF_CODE_OF_VIOL,PCF_VIOL_CATEGORY,PCF_VIOLATION,PCF_VIOL_SUBSECTION,HIT_AND_RUN,TYPE_OF_COLLISION,MVIW,PED_ACTION,ROAD_SURFACE,ROAD_COND_1,ROAD_COND_2,LIGHTING,CONTROL_DEVICE,CHP_ROAD_TYPE,PEDESTRIAN_ACCIDENT,BICYCLE_ACCIDENT,MOTORCYCLE_ACCIDENT,TRUCK_ACCIDENT,NOT_PRIVATE_PROPERTY,ALCOHOL_INVOLVED,STWD_VEHTYPE_AT_FAULT,CHP_VEHTYPE_AT_FAULT,COUNT_SEVERE_INJ,COUNT_VISIBLE_INJ,COUNT_COMPLAINT_PAIN,COUNT_PED_KILLED,COUNT_PED_INJURED,COUNT_BICYCLIST_KILLED,COUNT_BICYCLIST_INJURED,COUNT_MC_KILLED,COUNT_MC_INJURED,PRIMARY_RAMP,SECONDARY_RAMP,LATITUDE,LONGITUDE,COUNTY,CITY,POINT_X,POINT_Y
9217767,2021,2021-03-12,4203,2021-01-21,1854,25605,,4,5,5,4203,0,0,0,,0,006,"CARRILLO ST","CHINO ST",0.00,,Y,A,-,N,,,,,,,,,,,2,0,1,2,D,-,00,,,N,H,G,A,A,H,-,C,D,0,,Y,,,Y,,-,"- ",1,0,0,0,0,0,1,0,0,"- ","- ",34.414669036865234,-119.712890625,"SANTA BARBARA","SANTA BARBARA",-119.71282196044922,34.414497375488281
92187894,2023,2023-10-02,9750,2023-09-22,2231,022227,,5,3,9,4200,0,2,4,,1,024,"LAKEVIEW ROAD","BRADLEY ROAD",0.00,,Y,A,-,N,,,,,,,,,,Y,2,0,4,3,A,-,12,21453,A,N,D,2,A,A,H,-,C,A,0,,,,,Y,,A,01,1,2,1,0,0,0,0,0,0,"- ","- ",34.894588470458984,-120.42308807373047,"SANTA BARBARA",UNINCORPORATED,-120.42311859130859,34.894512176513672
92192033,2023,2023-10-05,9750,2023-09-24,"42  ",020907,,7,3,9,4200,0,1,2,,2,002,"US-101 N/B","CAT CANYON",7670.00,N,N,A,-,Y,SB,,101," "," ",74.046,H,,R,Y,2,0,1,1,A,-,01,23152,A,N,F,A,A,A,H,-,D,D,0,,,,,Y,Y,D,22,1,0,0,0,0,0,0,0,0,"- ","- ",34.773788452148438,-120.30953216552734,"SANTA BARBARA",UNINCORPORATED,-120.30950927734375,34.773799896240234
92196663,2023,2023-10-11,9750,2023-10-02,"557 ",023429,,1,3,9,4200,0,1,2,,2,003,"US-101 S/B (EL CAMINO REAL)","ALISOS CANYON ROAD",77.00,W,N,B,E,Y,SB,,101," "," ",68.729,H,,L,Y,2,0,1,2,A,-,03,22350,,N,D,C,A,A,H,-,D,D,0,,,,Y,Y,,A,01,1,0,0,0,0,0,0,0,0,"- ","- ",34.731258392333984,-120.23558807373047,"SANTA BARBARA",UNINCORPORATED,-120.23567199707031,34.731136322021484
92199925,2023,2023-10-16,9760,2023-10-05,1733,023449,,4,2,5,4203,0,1,2,,2,011,"US-101 S/B","CABRILLO BLVD",400.00,N,N,A,-,Y,SB,,101," "," ",11.711,H,,L,Y,2,0,1,2,A,-,03,22350,,N,C,C,A,A,H,-,A,D,0,,,Y,,Y,,C,02,1,0,0,0,0,0,0,0,1,"- ","- ",34.422920227050781,-119.65998077392578,"SANTA BARBARA","SANTA BARBARA",-119.65997314453125,34.422889709472656
92205602,2023,2023-10-23,9760,2023-10-10,2020,023130,,2,2,9,4200,0,3,5,,2,005,"EMBARCADERO DEL NORTE","PICASSO RD",107.00,N,N,A,-,N,,,,,,,,,,N,2,0,1,2,A,-,05,21650,,F,A,C,A,A,H,-,A,D,0,,,,,Y,,-,99,1,0,0,0,0,0,0,0,0,"- ","- ",34.415451049804688,-119.85543823242188,"SANTA BARBARA",UNINCORPORATED,-119.85537719726562,34.415382385253906
9221546,2021,2021-02-25,4202,2021-01-24,1831,15005,4202,7,5,4,4202,0,0,0,,0,,"COLLEGE AV","H ST",173.00,E,N,A,-,N,,,,,,,,,,N,2,0,1,2,A,-,10,21950,A,F,G,B,B,A,H,-,C,A,0,Y,,,,Y,,-,99,1,0,0,0,1,0,0,0,0,"- ","- ",,,"SANTA BARBARA",LOMPOC,-120.45777893066406,34.647010803222656
9222114,2020,2021-03-18,4202,2020-11-02,1336,230,4202,1,5,4,4202,0,0,0,,0,,"NORTH AV","RT 1",0.00,,Y,A,-,Y,SB,5,1,-,-,21.559,I,5,N,N,2,0,1,2,A,-,12,21453,A,N,D,G,A,A,H,-,A,A,0,,Y,,,Y,,L,04,1,0,0,0,0,0,1,0,0,"- ","- ",,,"SANTA BARBARA",LOMPOC,-120.45768737792969,34.653411865234375
92223300,2023,2023-10-31,9750,2023-10-21,2303,022227,,6,3,9,4200,0,1,3,,1,021,"SR-135 S/B","EAST RICE RANCH RD",851.00,N,N,A,-,Y,SB,,135," ",R,10.203,H,,L,Y,2,0,1,1,A,-,01,23152,A,N,F,0,A,A,H,-,D,D,0,,,,,Y,Y,A,01,1,0,0,0,0,0,0,0,0,"- ","- ",34.861919403076172,-120.43711090087891,"SANTA BARBARA",UNINCORPORATED,-120.43711090087891,34.861919403076172
92227282,2023,2023-11-03,9750,2023-10-30,1608,020907,,1,2,9,4200,0,3,5,,2,010,"BONITA SCHOOL ROAD","BONIITA LATERAL ROAD",1915.00,N,N,A,-,N,,,,,,,,,,N,2,0,1,2,A,-,11,21954,A,N,G,B,D,A,H,-,A,D,0,Y,,,,Y,,N,60,1,0,0,0,1,0,0,0,0,"- ","- ",34.967800140380859,-120.51036834716797,"SANTA BARBARA",UNINCORPORATED,-120.51034545898438,34.967784881591797
92265112,2023,2023-12-18,9755,2023-12-16,1155,018483,,6,1,9,4200,0,1,3,,2,041,SR-246,"VIA JUANA RD",1175.00,E,N,A,-,Y,SB,,246," "," ",32.591,H,,R,N,2,0,1,1,A,-,08,22107,,N,F,A,A,A,H,-,A,D,0,,Y,,,Y,,L,04,1,0,0,0,0,0,1,0,0,"- ","- ",34.608489990234375,-120.09026336669922,"SANTA BARBARA",UNINCORPORATED,-120.09026336669922,34.608493804931641
92267319,2023,2023-12-20,9760,2023-12-08,2335,023449,,5,3,9,4200,0,3,5,,2,005,"TRIGO RD","CAMINO LINDO",48.00,E,N,A,-,N,,,,,,,,,,N,2,0,1,1,A,-,00,21221,,N,F,A,A,A,H,-,C,D,0,,,,,Y,Y,M,94,1,0,0,0,0,0,0,0,0,"- ","- ",34.411140441894531,-119.86778259277344,"SANTA BARBARA",UNINCORPORATED,-119.86782073974609,34.411151885986328
92285265,2023,2024-01-11,9760,2023-12-19,1730,023326,,2,2,9,4200,0,3,5,,2,002,"TURNPIKE ROAD","LA GAMA WAY",10.00,S,N,B,C,Y,,,,,,,,,,Y,2,0,1,1,A,-,01,23152,G,N,E,8,A,B,H,-,C,D,0,,,,,Y,Y,A,07,1,0,0,0,0,0,0,0,0,"- ","- ",34.446231842041016,-119.78988647460938,"SANTA BARBARA",UNINCORPORATED,-119.78985595703125,34.446220397949219
9230487,2021,2021-04-06,4203,2021-02-12,2018,6972,,5,5,5,4203,0,0,0,,0,004,"W HALEY ST","DE LA VINA ST",51.00,W,N,A,-,N,,,,,,,,,,N,2,0,1,2,A,-,11,21954,A,N,G,B,D,A,H,-,C,D,0,Y,,,,Y,,N,60,1,0,0,0,1,0,0,0,0,"- ","- ",34.414321899414062,-119.69815063476562,"SANTA BARBARA","SANTA BARBARA",-119.69790649414062,34.414577484130859
92308945,2023,2024-02-08,9760,2023-10-28,2216,022926,,6,3,5,4203,0,1,2,,2,011,"US-101 S/B TO CASTILLO STREET","CASTILLO STREET",880.50,N,N,A,-,Y,SB,,101," ",R,14.332,H,,L,Y,1,1,0,2,A,-,11,21954,A,N,G,B,E,A,H,-,C,D,0,Y,,,,Y,,N,60,0,0,0,1,0,0,0,0,0,"- ","- ",34.412330627441406,-119.70189666748047,"SANTA BARBARA","SANTA BARBARA",-119.70185089111328,34.412445068359375
92311358,2024,2024-02-12,9760,2024-02-04,1835,023267,,7,2,9,4200,0,1,2,,1,040,"US-101 NB","MARIPOSA REINA",5280.00,S,N,C,-,Y,SB,,101," "," ",43.891,H,,R,N,2,0,2,1,A,-,01,23152,A,N,E,I,A,B,H,-,D,D,0,,,,,Y,Y,A,01,2,0,0,0,0,0,0,0,0,"- ","- ",34.472148895263672,-120.19071960449219,"SANTA BARBARA",UNINCORPORATED,-120.19071960449219,34.472160339355469
92333314,2023,2024-03-08,9750,2023-12-25,"135 ",022227,,1,3,9,4200,0,1,3,,1,011,"SR-166 (W. MAIN STREET)","SIMAS ROAD",7219.00,E,N,A,-,Y,SB,,166," "," ",2.268,H,,R,Y,1,1,1,3,A,-,01,23152,A,N,A,C,A,A,H,-,D,D,0,,,,,Y,Y,A,01,1,0,0,0,0,0,0,0,0,"- ","- ",34.959640502929688,-120.53424072265625,"SANTA BARBARA",UNINCORPORATED,-120.53424072265625,34.959625244140625
92346151,2024,2024-03-25,9760,2024-03-17,1526,021476,,7,2,9,4200,0,3,5,,2,002,"N. SAN MARCOS ROAD",SR-154,6336.00,S,N,A,-,N,,,,,,,,,,N,2,0,1,2,A,-,03,22350,,N,H,G,A,A,H,-,A,A,0,,Y,,,Y,,L,04,1,0,0,0,0,0,1,0,0,"- ","- ",34.478298187255859,-119.79537200927734,"SANTA BARBARA",UNINCORPORATED,-119.79562377929688,34.478588104248047
92356963,2023,2024-04-05,9750,2023-12-20,"934 ",015854,,3,1,9,4200,0,1,2,,2,002,"US-101 N/B (EL CAMINO REAL)","PALMER ROAD",4224.00,N,N,B,-,Y,SB,,101," "," ",76.670,H,,R,Y,1,1,1,1,A,-,08,22107,,N,E,I,A,B,H,-,A,D,0,,,,,Y,,D,22,0,1,0,0,0,0,0,0,0,"- ","- ",34.800319671630859,-120.34156036376953,"SANTA BARBARA",UNINCORPORATED,-120.34152221679688,34.800331115722656
92365711,2024,2024-04-16,9760,2024-04-11,"108 ",020528,,4,3,9,4200,0,1,2,,1,040,"US-101 SB","MARIPOSA REINA",6283.00,S,N,A,-,Y,SB,,101," "," ",43.628,H,,L,Y,2,0,4,2,A,-,01,23152,A,N,A,C,A,A,H,-,D,D,0,,,,,Y,Y,A,07,3,1,0,0,0,0,0,0,0,"- ","- ",34.471458435058594,-120.18611145019531,"SANTA BARBARA",UNINCORPORATED,-120.18611145019531,34.471435546875
9238243,2021,2021-04-06,4204,2021-03-06,1500,90719,4204,6,5,5,4204,0,0,0,,0,001,BROADWAY,"MCELHANEY AV",50.00,S,N,A,-,N,,,135,,,,,,,N,2,0,1,2,A,-,09,21804,A,N,D,G,A,A,H,-,A,D,0,,Y,,,Y,,L,04,1,0,0,0,0,0,1,0,0,"- ","- ",34.962440490722656,-120.4356689453125,"SANTA BARBARA","SANTA MARIA",-120.4356689453125,34.962440490722656
92410355,2024,2024-06-10,9755,2024-06-02,1830,022601,,7,2,9,4200,0,3,5,,2,040,"BASELINE AVE","TORRANCE AVENUE",1520.00,W,N,A,-,N,,,,,,,,,,N,2,0,1,1,A,-,01,23152,A,N,E,8,A,A,H,-,A,D,0,,,,,Y,Y,D,22,1,0,0,0,0,0,0,0,0,"- ","- ",34.635448455810547,-120.07118988037109,"SANTA BARBARA",UNINCORPORATED,,
92438422,2024,2024-07-15,9755,2024-07-08,1050,018483,,1,1,9,4200,0,1,3,,1,042,SR-154,"FOXEN CANYON RD",0.00,,Y,A,-,Y,SB,,154," ",R,2.387,H,,R,Y,2,0,5,2,A,-,09,21802,A,N,D,C,A,A,H,-,A,A,0,,,,,Y,,D,22,2,1,2,0,0,0,0,0,0,"- ","- ",34.668041229248047,-120.12294006347656,"SANTA BARBARA",UNINCORPORATED,-120.12294006347656,34.668045043945312
92438470,2024,2024-07-15,9760,2024-07-04,1055,023727,,4,1,9,4200,0,1,3,,1,022,SR-154,"PAINTED CAVE ROAD",0.00,,Y,A,-,Y,SB,,154," "," ",26.689,H,,R,N,2,0,1,2,A,-,09,21802,A,N,H,G,A,A,H,-,A,D,0,,Y,,,Y,,L,04,1,0,0,0,0,0,1,0,0,"- ","- ",34.491298675537109,-119.79544067382812,"SANTA BARBARA",UNINCORPORATED,-119.79542541503906,34.491321563720703
9256110,2021,2021-05-13,4202,2021-02-04,1849,230,4202,4,5,4,4202,0,0,0,,0,,"OCEAN AV (1700 BLOCK WEST RT-246)","Z ST",54.00,E,N,A,-,Y,SB,5,246,-,-,8.340,H,-,W,Y,1,1,0,2,A,-,11,21954,A,N,G,B,E,A,H,-,D,D,0,Y,,,,Y,,N,60,0,0,0,1,0,0,0,0,0,"- ","- ",,,"SANTA BARBARA",LOMPOC,-120.479248046875,34.639194488525391
9269118,2021,2022-12-08,4203,2021-05-15,1220,24576,,6,5,5,4203,0,0,0,,0,004,"STATE ST","ISLAY ST",3.00,N,N,A,-,N,,,,,,,,,,Y,2,0,11,2,A,-,01,23152,A,N,D,C,A,A,H,-,A,A,0,,,,,Y,,A,07,2,2,7,0,0,0,0,0,0,"- ","- ",34.427230834960938,-119.70726013183594,"SANTA BARBARA","SANTA BARBARA",-119.71216583251953,34.428985595703125
9276184,2021,2021-09-02,4200,2021-07-22,1855,4950,11,4,5,2,4212,0,0,0,,0,,"RT 246","SYCAMORE DR",0.00,,Y,A,-,Y,SB,5,246,-,R,25.260,H,-,W,Y,2,0,1,2,A,-,09,21804,A,N,D,C,A,A,H,-,A,A,0,,,,,Y,Y,-,,1,0,0,0,0,0,0,0,0,"- ","- ",,,"SANTA BARBARA",BUELLTON,-120.20602416992188,34.61834716796875
9280909,2021,2021-07-16,4200,2021-06-17,0414,4974,14,4,5,4,4214,0,0,0,,0,080,"SAN BLANCO DR","SAN JANO DR",0.00,,Y,A,-,N,,,,,,,,,,Y,2,0,1,2,A,-,03,22350,,M,D,E,A,A,H,-,C,D,0,,,,,Y,,A,01,1,0,0,0,0,0,0,0,0,"- ","- ",,,"SANTA BARBARA",GOLETA,-119.88825225830078,34.433982849121094
9293216,2021,2021-08-30,4203,2021-07-17,0905,24079,16,6,5,5,4203,0,0,0,,0,006,"LOMA ALTA DR","WELDON PL",126.00,S,N,A,-,N,,,,,,,,,,,2,0,1,1,C,-,18,,,N,H,A,A,A,H,-,A,D,0,,Y,,,Y,,-,"- ",1,0,0,0,0,0,1,0,0,"- ","- ",34.407459259033203,-119.70291137695312,"SANTA BARBARA","SANTA BARBARA",-119.70246124267578,34.407199859619141
9294621,2021,2021-08-26,4203,2021-07-04,2122,8825,27,7,5,5,4203,0,0,0,,0,006,"CLIFF DR","SEA LEDGE LN",2520.00,E,N,A,-,N,,,,,,,,,,Y,2,0,4,1,A,-,01,23152,A,N,E,I,A,A,H,-,D,D,0,,,,,Y,Y,A,01,4,0,0,0,0,0,0,0,0,"- ","- ",,,"SANTA BARBARA","SANTA BARBARA",-119.74549865722656,34.404769897460938
9301483,2021,2021-09-14,4202,2021-07-18,2044,06825,LOMPO,7,5,4,4202,0,0,0,,0,,"NORTH AV","L ST",0.00,,Y,A,-,N,,,,,,,,,,N,2,0,1,2,A,-,11,21950,B,N,G,B,B,A,H,-,C,A,0,Y,,,,Y,,N,60,1,0,0,0,1,0,0,0,0,"- ","- ",,,"SANTA BARBARA",LOMPOC,-120.46327209472656,34.653427124023438
9320140,2021,2023-06-19,4203,2021-11-14,2022,24076,25,7,5,5,4203,0,0,0,,0,006,"1100 W CARRILLO ST","MIRAMONTE DR",260.00,E,N,A,-,N,,,,,,,,,,Y,1,1,1,2,A,-,01,23152,A,N,A,C,A,A,H,-,D,D,0,,,,,Y,Y,A,01,0,1,0,0,0,0,0,0,0,"- ","- ",34.410091400146484,-119.71694946289062,"SANTA BARBARA","SANTA BARBARA",-119.71697235107422,34.410087585449219
9320233,2021,2023-06-17,4204,2021-07-30,1050,90139,,5,5,5,4204,0,0,0,,0,,BROADWAY,"MCCOY LN",0.00,,Y,A,-,Y,SB,5,135,-,-,13.260,I,5,S,N,1,1,1,2,A,-,12,21453,A,N,D,C,A,A,H,-,C,A,0,,,Y,,Y,Y,C,02,0,1,0,0,0,0,0,1,0,"- ","- ",34.916679382324219,-120.43618011474609,"SANTA BARBARA","SANTA MARIA",-120.43610382080078,34.916664123535156
9320320,2021,2022-02-02,4200,2021-08-17,2035,3077,14,2,5,4,4214,0,0,0,,0,060,"CATHEDRAL OAKS RD","LOS CARNEROS RD",3115.00,W,N,A,-,N,,,,,,,,,,Y,1,1,0,2,A,-,05,21651,A,N,D,C,A,A,H,-,D,D,0,,,Y,,Y,,A,01,0,0,0,0,0,0,0,1,0,"- ","- ",,,"SANTA BARBARA",GOLETA,-119.86397552490234,34.441776275634766
9341895,2021,2021-11-23,4204,2021-10-01,2033,90042,003,5,5,5,4204,0,0,0,,0,003,"SKYLARK CT","BUNFILL DR",280.00,E,N,A,-,N,,,,,,,,,,,2,0,1,2,A,-,21,22106,,N,G,B,E,A,H,-,D,D,0,Y,,,,Y,,A,07,1,0,0,0,1,0,0,0,0,"- ","- ",34.903430938720703,-120.42095184326172,"SANTA BARBARA","SANTA MARIA",-120.41900634765625,34.904850006103516
9354530,2020,2021-12-06,4200,2020-10-02,1511,4609,14,5,5,4,4214,0,0,0,,0,050,"COVINGTON WY","LA PATERA LN",141.00,E,N,A,-,N,,,,,,,,,,N,2,0,1,2,A,-,08,22107,,N,B,C,A,A,H,-,A,D,0,,,Y,,Y,,D,22,1,0,0,0,0,0,0,0,1,"- ","- ",,,"SANTA BARBARA",GOLETA,-119.84459686279297,34.445411682128906
9355424,2021,2021-11-16,4202,2021-10-08,2255,239,LOMPO,5,5,4,4202,0,0,0,,0,,"RT 1","HANCOCK DR",975.00,N,N,A,-,Y,SB,5,1,-,R,23.690,H,-,S,Y,2,0,1,1,A,-,08,22107,,N,F,I,A,A,H,-,D,D,0,,,,,Y,,D,22,1,0,0,0,0,0,0,0,0,"- ","- ",,,"SANTA BARBARA",LOMPOC,-120.45951080322266,34.683376312255859
9356370,2021,2021-10-29,4204,2021-10-15,0012,91011,SANTA,5,5,5,4204,0,0,0,,0,003,"MILLER ST","BARCELLUS AV",10.00,N,N,A,-,N,,,,,,,,,,,2,0,3,2,A,-,08,22107,,N,A,C,A,A,H,-,C,D,0,,,,,Y,,A,01,1,0,2,0,0,0,0,0,0,"- ","- ",34.935470581054688,-120.43173217773438,"SANTA BARBARA","SANTA MARIA",-120.43161010742188,34.936637878417969
9361501,2021,2021-11-16,4200,2021-10-03,1329,4609,14,7,5,4,4214,0,0,0,,0,080,"CATHEDRAL OAKS RD","HOLLISTER AV",52.00,N,N,A,-,N,,,,,,,,,,Y,2,0,1,2,A,-,01,23152,B,N,A,C,A,A,H,-,A,A,0,,,Y,,Y,Y,C,02,1,0,0,0,0,0,0,0,1,"- ","- ",,,"SANTA BARBARA",GOLETA,-119.90631103515625,34.431301116943359
9391281,2021,2022-01-14,4202,2021-11-26,1717,06697,4202,5,5,4,4202,0,0,0,,0,,"NORTH AV","I ST",41.00,W,N,A,-,N,,,,,,,,,,N,2,0,1,2,A,-,11,21954,A,N,G,B,D,A,H,-,C,D,0,Y,,,,Y,,N,60,1,0,0,0,1,0,0,0,0,"- ","- ",,,"SANTA BARBARA",LOMPOC,-120.45923614501953,34.653400421142578
9395376,2021,2022-01-26,4203,2021-12-12,1300,25107,53,7,5,5,4203,0,0,0,,0,006,"LAS POSITAS RD","STATE ST",0.00,,Y,A,-,N,,,,,,,,,,Y,2,0,3,2,A,-,12,21453,A,N,D,C,A,A,H,-,A,A,0,,,,,Y,,A,07,1,1,1,0,0,0,0,0,0,"- ","- ",34.438930511474609,-119.72908020019531,"SANTA BARBARA","SANTA BARBARA",-119.73423767089844,34.440364837646484
94360487,2023,2024-08-19,9750,2023-09-22,2320,020510,,5,3,9,4200,0,1,2,,2,003,"US-101 N/B (EL CAMINO REAL)","CAT CANYON ROAD",3838.00,S,N,A,-,Y,SB,,101," "," ",71.968,H,,R,Y,1,1,0,2,A,-,11,21954,A,N,G,B,E,A,H,-,D,D,0,Y,,,,Y,Y,N,60,0,0,0,1,0,0,0,0,0,"- ","- ",34.751991271972656,-120.28531646728516,"SANTA BARBARA",UNINCORPORATED,-120.28531646728516,34.751995086669922
94373800,2024,2024-08-28,9750,2024-08-17,1555,016874,,6,2,9,4200,0,3,5,,2,030,"CLARK AVE","TELEPHONE RD",0.00,,Y,A,-,N,,,,,,,,,,Y,2,0,4,2,A,-,01,23152,A,N,D,C,A,A,H,-,A,A,0,,,,Y,Y,Y,A,01,3,1,0,0,0,0,0,0,0,"- ","- ",34.865310668945312,-120.38321685791016,"SANTA BARBARA",UNINCORPORATED,-120.38320159912109,34.865333557128906
94385809,2024,2024-09-09,9750,2024-04-24,1755,020510,,3,2,9,4200,0,1,3,,1,012,"SR-1 (CABRILLO HWY)","BLACK ROAD",580.00,N,N,A,-,Y,SB,,1," "," ",41.912,H,,R,Y,1,1,0,3,A,-,01,23152,A,N,A,E,A,A,H,-,A,D,0,,,,,Y,Y,A,01,0,0,0,0,0,0,0,0,0,"- ","- ",34.882308959960938,-120.49880981445312,"SANTA BARBARA",UNINCORPORATED,-120.49883270263672,34.882286071777344
94423659,2024,2024-10-08,9750,2024-01-13,1700,016874,,6,2,9,4200,0,1,3,,1,022,"SR-1 S/B (CABRILLO HIGHWAY)","GRACIOSA ROAD",3960.00,N,N,A,-,Y,SB,,1," ",R,32.501,H,,L,N,1,1,0,2,A,-,11,21956,A,N,G,B,E,A,H,-,A,D,0,Y,,,,Y,,N,60,0,0,0,1,0,0,0,0,0,"- ","- ",34.821128845214844,-120.45033264160156,"SANTA BARBARA",UNINCORPORATED,-120.45035552978516,34.821132659912109
94425463,2024,2024-10-09,9760,2024-10-02,1635,020796,,3,2,9,4200,0,1,3,,1,014,"SR-192 (E VALLEY RD)","STONEHOUSE LANE",85.00,W,N,A,-,N,,,,,,,,,,N,2,0,1,1,A,-,03,22350,,N,F,A,A,A,H,-,A,D,0,,,Y,,Y,,C,02,1,0,0,0,0,0,0,0,1,"- ","- ",34.436210632324219,-119.59899139404297,"SANTA BARBARA",UNINCORPORATED,-119.59896087646484,34.436130523681641
94435708,2024,2024-10-18,9750,2024-10-07,1953,023429,,1,2,9,4200,0,3,5,,2,020,"GLENVIEW DRIVE","E. FOSTER ROAD",307.00,S,N,A,-,N,,,,,,,,,,Y,2,0,1,4,A,-,01,23152,A,N,B,E,A,A,H,-,C,D,0,,,,,Y,Y,A,01,1,0,0,0,0,0,0,0,0,"- ","- ",34.882221221923828,-120.42083740234375,"SANTA BARBARA",UNINCORPORATED,-120.42089080810547,34.882247924804688
94438445,2024,2024-10-21,9760,2024-09-25,1725,023727,,3,2,9,4200,0,3,5,,2,002,"PATTERSON AVE","OAKSIDE WAY",0.00,,Y,A,-,N,,,,,,,,,,N,2,0,1,2,A,-,09,21804,A,N,D,G,A,A,H,-,A,D,0,,Y,,,Y,,L,04,1,0,0,0,0,0,1,0,0,"- ","- ",34.458160400390625,-119.81359100341797,"SANTA BARBARA",UNINCORPORATED,-119.81359100341797,34.458145141601562
94456432,2024,2024-11-04,9750,2024-10-25,"149 ",020121,,5,3,9,4200,0,1,2,,2,001,"US-101 S/B (EL CAMINO REAL)","SANTA MARIA WAY",1690.00,N,N,A,-,Y,SB,,101," "," ",84.688,H,,L,Y,2,0,1,1,A,-,01,23152,A,N,F,0,A,A,H,-,C,D,0,,,,,Y,Y,A,01,1,0,0,0,0,0,0,0,0,"- ","- ",34.896068572998047,-120.41835784912109,"SANTA BARBARA",UNINCORPORATED,-120.41829681396484,34.896068572998047
94471762,2024,2024-11-15,9755,2024-11-10,"351 ",023956,,7,3,9,4200,0,1,3,,1,042,SR-154,"FOREST ROUTE 6N04",195.00,W,N,A,-,Y,SB,,154," "," ",15.278,H,,R,Y,2,0,5,2,A,-,01,23152,A,F,D,C,A,A,H,-,D,D,0,,,,,Y,Y,A,01,1,3,1,0,0,0,0,0,0,"- ","- ",34.568111419677734,-119.95217895507812,"SANTA BARBARA",UNINCORPORATED,-119.95217132568359,34.568119049072266
94472130,2024,2024-11-18,9755,2024-11-07,"150 ",023547,,4,3,9,4200,0,1,3,,1,042,"SR-154 W/B","VIA DE LOS RANCHOS",10032.00,E,N,A,-,Y,SB,,154," "," ",1.062,H,,L,Y,2,0,1,1,A,-,01,23152,A,N,F,8,A,A,H,-,D,D,0,,,,,Y,Y,A,07,1,0,0,0,0,0,0,0,0,"- ","- ",34.681049346923828,-120.13925170898438,"SANTA BARBARA",UNINCORPORATED,-120.13926696777344,34.681026458740234
94475287,2024,2024-11-19,9755,2024-09-30,1232,018483,,1,1,9,4200,0,1,2,,2,004,"UNITED STATES 101 NORTHBOUND",SR-154,4646.00,N,N,A,-,Y,SB,,101," "," ",63.635,H,,R,Y,1,1,1,1,A,-,08,22107,,N,E,I,A,A,H,-,A,D,0,,,,,Y,,A,01,1,0,0,0,0,0,0,0,0,"- ","- ",34.698871612548828,-120.16452789306641,"SANTA BARBARA",UNINCORPORATED,-120.16462707519531,34.698787689208984
9447587,2022,2022-10-06,4203,2022-09-09,0127,24079,14,5,5,5,4203,0,0,0,,0,002,"CASTILLOS ST","RT 101",15.00,N,N,A,-,Y,SB,5,101,-,R,14.341,R,4,S,Y,2,0,3,1,A,-,01,23152,A,N,E,I,A,B,H,-,C,A,0,,,,,Y,Y,A,01,1,1,1,0,0,0,0,0,0,"- ","- ",34.410198211669922,-119.69458770751953,"SANTA BARBARA","SANTA BARBARA",-119.70204162597656,34.412498474121094
94499117,2024,2024-12-13,9755,2024-11-24,2500,023976,,7,4,9,4200,0,3,5,,2,050,"DOUGLASS AVE","LEGGE AVE",362.00,N,N,A,-,N,,,,,,,,,,Y,2,0,1,1,A,-,08,22107,,M,E,I,A,A,H,-,A,D,0,,,,,Y,Y,D,22,1,0,0,0,0,0,0,0,0,"- ","- ",34.669769287109375,-120.51039886474609,"SANTA BARBARA",UNINCORPORATED,,
94501738,2024,2024-12-13,9750,2024-12-03,1649,017910,,2,2,9,4200,0,1,3,,1,021,"SR-135 N/B (ORCUTT EXPRESSWAY)","LAKEVIEW ROAD",480.00,S,N,A,-,Y,SB,,135," "," ",11.631,H,,R,Y,2,0,6,5,A,-,03,22350,,N,C,C,A,A,H,-,B,D,0,,,,,Y,,D,22,1,1,4,0,0,0,0,0,0,"- ","- ",34.893089294433594,-120.43643951416016,"SANTA BARBARA",UNINCORPORATED,-120.43646240234375,34.893089294433594
94501751,2024,2024-12-13,9750,2024-12-08,1445,017910,,7,2,9,4200,0,3,5,,2,020,"STANSBURY DR","FOXENWOOD LN",350.00,W,N,A,-,N,,,,,,,,,,N,2,0,1,1,A,-,03,22350,,N,F,A,A,A,H,-,A,D,0,,,Y,,Y,,C,02,1,0,0,0,0,0,0,0,1,"- ","- ",34.870040893554688,-120.43820190429688,"SANTA BARBARA",UNINCORPORATED,-120.43808746337891,34.870040893554688