CASE_ID,ACCIDENT_YEAR,PROC_DATE,JURIS,COLLISION_DATE,COLLISION_TIME,OFFICER_ID,REPORTING_DISTRICT,DAY_OF_WEEK,CHP_SHIFT,POPULATION,CNTY_CITY_LOC,SPECIAL_COND,BEAT_TYPE,CHP_BEAT_TYPE,CITY_DIVISION_LAPD,CHP_BEAT_CLASS,BEAT_NUMBER,PRIMARY_RD,SECONDARY_RD,DISTANCE,DIRECTION,INTERSECTION,WEATHER_1,WEATHER_2,STATE_HWY_IND,CALTRANS_COUNTY,CALTRANS_DISTRICT,STATE_ROUTE,ROUTE_SUFFIX,POSTMILE_PREFIX,POSTMILE,LOCATION_TYPE,RAMP_INTERSECTION,SIDE_OF_HWY,TOW_AWAY,COLLISION_SEVERITY,NUMBER_KILLED,NUMBER_INJURED,PARTY_COUNT,PRIMARY_COLL_FACTOR,PCF_CODE_OF_VIOL,PCF_VIOL_CATEGORY,PCF_VIOLATION,PCF_VIOL_SUBSECTION,HIT_AND_RUN,TYPE_OF_COLLISION,MVIW,PED_ACTION,ROAD_SURFACE,ROAD_COND_1,ROAD_COND_2,LIGHTING,CONTROL_DEVICE,CHP_ROAD_TYPE,PEDESTRIAN_ACCIDENT,BICYCLE_ACCIDENT,MOTORCYCLE_ACCIDENT,TRUCK_ACCIDENT,NOT_PRIVATE_PROPERTY,ALCOHOL_INVOLVED,STWD_VEHTYPE_AT_FAULT,CHP_VEHTYPE_AT_FAULT,COUNT_SEVERE_INJ,COUNT_VISIBLE_INJ,COUNT_COMPLAINT_PAIN,COUNT_PED_KILLED,COUNT_PED_INJURED,COUNT_BICYCLIST_KILLED,COUNT_BICYCLIST_INJURED,COUNT_MC_KILLED,COUNT_MC_INJURED,PRIMARY_RAMP,SECONDARY_RAMP,LATITUDE,LONGITUDE,COUNTY,CITY,POINT_X,POINT_Y
94510789,2024,2024-12-19,9750,2024-12-08,1608,019648,,7,2,9,4200,0,1,3,,1,011,"SR-166 W/B (W. MAIN STREET)","BONITA SCHOOL ROAD",880.00,W,N,A,-,Y,SB,,166," "," ",3.600,H,,L,Y,2,0,2,2,A,-,03,22350,,N,B,C,A,A,H,-,A,D,0,,,,,Y,,A,07,2,0,0,0,0,0,0,0,0,"- ","- ",34.957180023193359,-120.51100158691406,"SANTA BARBARA",UNINCORPORATED,-120.510986328125,34.957244873046875
9452190,2022,2022-06-28,4200,2022-06-03,2126,5444,,5,5,2,4212,0,0,0,,0,,"RT 246","AVENUE OF FLAGS",0.00,,Y,A,-,Y,SB,5,246,-,-,26.066,I,5,E,,2,0,1,1,A,-,07,21658,A,N,E,I,A,A,H,-,C,A,0,,,,,Y,,D,22,1,0,0,0,0,0,0,0,0,"- ","- ",,,"SANTA BARBARA",BUELLTON,-120.19362640380859,34.613468170166016
94523230,2024,2025-01-02,9750,2024-12-20,"325 ",019648,,5,3,9,4200,0,2,4,,1,024,"UNION VALLEY PKY","BRADLEY RD",0.00,,Y,A,-,N,,,,,,,,,,Y,2,0,1,1,A,-,08,22107,,N,E,I,A,A,H,-,C,A,0,,,,,Y,,-,"- ",1,0,0,0,0,0,0,0,0,"- ","- ",34.879489898681641,-120.41883087158203,"SANTA BARBARA",UNINCORPORATED,-120.418701171875,34.879356384277344
94535682,2024,2025-01-13,9760,2024-12-20,"105 ",023965,,5,3,9,4200,0,1,2,,2,010,"US-101 N/B","SAN YSIDRO RD.",1250.00,S,N,A,-,Y,SB,,101," "," ",9.778,H,,R,Y,2,0,1,1,A,-,01,23152,A,N,E,8,A,A,D,-,D,D,0,,,,,Y,Y,A,07,1,0,0,0,0,0,0,0,0,"- ","- ",34.421211242675781,-119.62754821777344,"SANTA BARBARA",UNINCORPORATED,-119.62753295898438,34.421272277832031
94538883,2024,2025-01-15,9755,2024-09-07,1230,020573,,6,1,9,4200,0,3,5,,2,050,"JALAMA ROAD","COJO BAY ROAD",5808.00,E,N,A,-,N,,,,,,,,,,Y,1,1,0,1,A,-,08,22107,,N,F,A,A,A,H,-,A,D,0,,,Y,,Y,,C,02,0,0,0,0,0,0,0,1,0,"- ","- ",34.510990142822266,-120.49134063720703,"SANTA BARBARA",UNINCORPORATED,-120.49170684814453,34.510593414306641
94543789,2025,2025-01-21,9760,2025-01-10,"605 ",023965,,5,1,9,4200,0,1,2,,1,030,"US-101 SOUTBOUND","MILE POST MARKER 101 SB 29.00",1056.00,S,N,A,-,Y,SB,,101," "," ",28.796,H,,L,Y,2,0,1,1,A,-,08,22107,,N,E,8,A,A,H,-,D,D,0,,,,,Y,,A,01,1,0,0,0,0,0,0,0,0,"- ","- ",34.439590454101562,-119.93962860107422,"SANTA BARBARA",UNINCORPORATED,-119.93956756591797,34.439769744873047
94547129,2025,2025-01-23,9760,2025-01-17,1423,023130,,5,2,9,4200,0,3,5,,2,001,"ORGETA HILL ROAD","SHEFFIELD DR",409.00,E,N,A,-,N,,,,,,,,,,N,2,0,1,1,D,-,00,,,N,F,A,A,A,H,-,A,D,0,,Y,,,Y,,-,"- ",1,0,0,0,0,0,1,0,0,"- ","- ",34.422870635986328,-119.61154174804688,"SANTA BARBARA",UNINCORPORATED,,
94567762,2025,2025-02-06,9750,2025-01-31,1605,020752,,5,2,9,4200,0,1,3,,1,022,"STATE ROUTE 1 N/B","SAN ANTONIO ROAD WEST",135.00,N,N,A,-,Y,SB,,1," ",M,32.534,H,,R,N,2,0,1,1,A,-,03,22350,,N,F,A,A,A,H,-,A,D,0,,,Y,,Y,,C,02,1,0,0,0,0,0,0,0,1,"- ","- ",34.775478363037109,-120.49485015869141,"SANTA BARBARA",UNINCORPORATED,-120.49486541748047,34.775424957275391
94580276,2023,2025-02-14,9750,2023-11-19,2500,022227,,7,4,9,4200,0,1,3,,1,021,"SR-135 S/B (ORCUTT EXPRESSWAY)","EAST RICE RANCH ROAD U/C",1003.00,S,N,C,-,Y,SB,,135," ",R,9.810,H,,L,N,1,1,0,3,A,-,11,21954,A,F,G,B,E,B,H,-,D,D,0,Y,,,,Y,,N,60,0,0,0,1,0,0,0,0,0,"- ","- ",34.858188629150391,-120.44193267822266,"SANTA BARBARA",UNINCORPORATED,-120.44193267822266,34.858219146728516
94586605,2024,2025-02-24,9750,2024-01-17,2123,020121,,3,2,9,4200,0,1,3,,1,022,"SR-1 S/B (CABRILLO HIGHWAY)","GRACIOSA ROAD",4668.00,S,N,E,-,Y,SB,,1," ",M,36.067,H,,L,Y,1,1,0,2,D,-,00,,,F,H,A,A,A,H,-,D,D,0,,,Y,,Y,Y,-,"- ",0,0,0,0,0,0,0,1,0,"- ","- ",34.799560546875,-120.44431304931641,"SANTA BARBARA",UNINCORPORATED,-120.44427490234375,34.799537658691406
94594408,2024,2025-03-03,9750,2024-09-07,2308,020510,,6,3,9,4200,0,1,3,,1,011,"SR-166 (W. MAIN STREET)","HANSON WAY",1267.00,W,N,A,-,Y,SB,,166," "," ",6.268,H,,R,Y,1,1,3,3,A,-,01,23152,A,F,A,C,A,A,H,-,D,D,0,,,,,Y,Y,A,01,0,3,0,0,0,0,0,0,0,"- ","- ",34.953468322753906,-120.46453857421875,"SANTA BARBARA",UNINCORPORATED,-120.46454620361328,34.953433990478516
9462567,2022,2022-07-21,4203,2022-07-05,1631,25932,53,2,5,5,4203,0,0,0,,0,005,"STATE ST","AMAPOLA DR",70.00,W,N,A,-,N,,,,,,,,,,,2,0,1,2,A,-,08,22107,,N,H,G,A,A,H,-,A,D,0,,Y,,,Y,,A,07,1,0,0,0,0,0,1,0,0,"- ","- ",34.440330505371094,-119.73625183105469,"SANTA BARBARA","SANTA BARBARA",-119.73676300048828,34.440410614013672
94632491,2025,2025-04-01,9760,2025-03-23,"911 ",023886,,7,1,9,4200,0,1,3,,1,014,"SR-192 (CASITAS PASS ROAD)","LILLINGSTON CANYON ROAD",0.00,,Y,A,-,Y,SB,,192," ",R,19.077,H,,R,N,2,0,1,2,A,-,09,21801,A,F,E,I,A,A,H,-,A,D,0,,Y,,,Y,,-,99,1,0,0,0,0,0,1,0,0,"- ","- ",34.401508331298828,-119.48769378662109,"SANTA BARBARA",UNINCORPORATED,-119.48770141601562,34.401477813720703
94638661,2025,2025-07-09,9760,2025-04-04,1314,023546,,5,1,9,4200,0,3,5,,2,002,"MODOC ROAD","CLARA VISTA COURT",210.00,W,N,A,-,N,,,,,,,,,,Y,1,1,0,1,A,-,08,22107,,N,E,I,A,A,H,-,A,D,0,,,,,Y,,A,07,0,0,0,0,0,0,0,0,0,"- ","- ",34.437049865722656,-119.76071166992188,"SANTA BARBARA",UNINCORPORATED,-119.76069641113281,34.437099456787109
94646685,2025,2025-04-11,9755,2025-03-30,"922 ",020483,,7,1,9,4200,0,1,3,,1,042,SR-154,"ZACA STATION ROAD",5280.00,E,N,C,-,Y,SB,,154," "," ",1.109,H,,R,Y,2,0,4,4,A,-,08,22107,,N,A,C,A,B,H,-,A,D,0,,,,,Y,,-,"- ",2,0,2,0,0,0,0,0,0,"- ","- ",34.680591583251953,-120.13863372802734,"SANTA BARBARA",UNINCORPORATED,-120.13861846923828,34.680599212646484
94669028,2025,2025-04-29,9755,2025-04-26,1139,020483,,6,1,9,4200,0,1,2,,2,004,"N/B US-101","MPM 66",3400.00,S,N,C,-,Y,SB,,101," "," ",65.147,H,,R,Y,2,0,1,1,A,-,03,22350,,N,E,I,A,B,H,-,A,D,0,,,,,Y,,-,"- ",1,0,0,0,0,0,0,0,0,"- ","- ",34.711071014404297,-120.1815185546875,"SANTA BARBARA",UNINCORPORATED,-120.18150329589844,34.71112060546875
9467032,2022,2023-02-08,4202,2022-12-02,0417,239,LOMPO,5,5,4,4202,0,0,0,,0,,"RT 1","BARTON AV",0.00,,Y,B,-,Y,SB,5,1,-,-,21.810,I,5,S,Y,2,0,1,1,A,-,08,22107,,N,E,I,A,A,H,-,C,A,0,,,,,Y,,D,22,1,0,0,0,0,0,0,0,0,"- ","- ",,,"SANTA BARBARA",LOMPOC,-120.45765686035156,34.657142639160156
94670692,2024,2025-04-30,9760,2024-12-06,2145,022726,,5,2,9,4200,0,1,2,,2,010,"US-101 SOUTHBOUND","SAN YSIDRO ROAD",634.00,N,N,A,-,Y,SB,,101," "," ",10.136,H,,L,Y,1,1,0,2,A,-,03,22350,,N,C,2,A,A,D,-,D,D,0,,,Y,,Y,,C,02,0,0,0,0,0,0,0,1,0,"- ","- ",34.422599792480469,-119.63365936279297,"SANTA BARBARA",UNINCORPORATED,-119.63365936279297,34.422607421875
94675059,2025,2025-05-05,9760,2025-04-14,"620 ",023886,,1,1,3,4205,0,1,2,,2,010,"US-101 N/B","BAILARD AVE",2400.00,S,N,A,-,Y,SB,,101," "," ",1.188,H,,R,Y,2,0,1,3,A,-,03,22350,,F,C,2,A,B,H,-,A,D,0,,,,,Y,,-,99,1,0,0,0,0,0,0,0,0,"- ","- ",34.386219024658203,-119.490966796875,"SANTA BARBARA",CARPINTERIA,-119.49097442626953,34.386211395263672
94684488,2025,2025-05-12,9750,2025-04-30,2348,019648,,3,3,9,4200,0,1,3,,1,011,"SR-166 W/B (W. MAIN STREET)","BLACK ROAD",42.00,E,N,A,-,Y,SB,,166," "," ",4.876,H,,L,Y,2,0,2,1,A,-,01,23152,A,N,E,I,A,A,H,-,C,D,0,,,,,Y,Y,D,23,2,0,0,0,0,0,0,0,0,"- ","- ",34.955238342285156,-120.48861694335938,"SANTA BARBARA",UNINCORPORATED,-120.48861694335938,34.955284118652344
94721263,2025,2025-06-11,9755,2025-06-02,"145 ",023810,,1,3,9,4200,0,1,3,,1,042,"SR-154 W/B","MPM 16.54",300.00,E,N,A,-,Y,,,,,,,,,,Y,2,0,1,1,A,-,08,22107,,N,E,I,A,A,H,-,D,D,0,,,,,Y,,A,01,1,0,0,0,0,0,0,0,0,"- ","- ",34.569248199462891,-119.93123626708984,"SANTA BARBARA",UNINCORPORATED,,
9473081,2022,2022-08-11,4203,2022-07-12,1213,24576,24,2,5,5,4203,0,0,0,,0,006,"MODOC RD","PINE DR",205.00,S,N,A,-,N,,,,,,,,,,,2,0,1,2,A,-,08,22107,,N,H,G,A,A,H,-,A,D,0,,Y,,,Y,,D,22,1,0,0,0,0,0,1,0,0,"- ","- ",34.425010681152344,-119.73129272460938,"SANTA BARBARA","SANTA BARBARA",-119.73068237304688,34.424983978271484
94734824,2025,2025-06-23,9750,2025-05-16,1030,024250,,5,1,9,4200,0,3,5,,2,030,"FOXEN CANYON ROAD","DOMINION ROAD",1700.00,E,N,A,-,N,,,,,,,,,,Y,1,1,0,1,A,-,08,22107,,N,E,8,A,A,H,-,A,D,0,,,,,Y,,A,01,0,0,0,0,0,0,0,0,0,"- ","- ",34.908611297607422,-120.34156799316406,"SANTA BARBARA",UNINCORPORATED,-120.34196472167969,34.908565521240234
94737734,2025,2025-06-24,9750,2025-06-15,1530,020907,,7,2,9,4200,0,1,3,,1,062,SR-166,"EDWARDS RANCH RD.",500.00,E,N,A,-,Y,SB,,166," ",R,27.498,H,,R,N,2,0,1,1,A,-,01,23152,A,N,F,A,A,A,H,-,A,D,0,,,,,Y,Y,A,07,1,0,0,0,0,0,0,0,0,"- ","- ",35.056190490722656,-120.17945098876953,"SANTA BARBARA",UNINCORPORATED,-120.17945098876953,35.056190490722656
94746542,2025,2025-07-07,9755,2025-02-25,1608,022601,,2,2,9,4200,0,3,5,,2,050,"WEST OCEAN AVENUE","BAILEY AVENUE",0.00,,Y,A,-,N,,,,,,,,,,Y,1,1,0,2,A,-,09,21801,B,N,F,0,A,A,H,-,A,D,0,,,Y,,Y,,D,22,0,0,0,0,0,0,0,1,0,"- ","- ",34.639240264892578,-120.48439788818359,"SANTA BARBARA",UNINCORPORATED,-120.48432159423828,34.639183044433594
9505000,2022,2022-11-02,4200,2022-10-17,1631,4615,14,1,5,4,4214,0,0,0,,0,050,"CALLE REAL AV","FAIRVIEW AV",0.00,,Y,A,-,N,,,,,,,,,,Y,2,0,1,2,A,-,12,21453,A,N,D,C,A,A,H,-,A,A,0,,,,,Y,,A,01,1,0,0,0,0,0,0,0,0,"- ","- ",,,"SANTA BARBARA",GOLETA,-119.83064270019531,34.441650390625
9507087,2022,2022-10-19,4203,2022-09-30,0257,24576,80,5,5,5,4203,0,0,0,,0,011,"HOLLISTER AV","AERO CAMINO",467.00,W,N,A,-,N,,,,,,,,,,,2,0,1,1,D,-,00,,,N,E,I,A,A,H,-,C,D,0,,,Y,,Y,,-,"- ",1,0,0,0,0,0,0,0,1,"- ","- ",34.431549072265625,-119.84336853027344,"SANTA BARBARA","SANTA BARBARA",-119.84990692138672,34.431106567382812
9520342,2022,2023-02-15,4202,2022-07-30,0149,239,LOMPO,6,5,4,4202,0,0,0,,0,,"RT 246","M ST",0.00,,Y,B,-,Y,SB,5,246,-,-,9.200,I,5,W,Y,1,1,0,2,A,-,01,23153,A,N,G,B,B,A,H,-,C,A,0,Y,,,,Y,Y,A,01,0,0,0,1,0,0,0,0,0,"- ","- ",,,"SANTA BARBARA",LOMPOC,-120.46424102783203,34.639087677001953
9520368,2022,2023-02-09,4202,2022-11-25,1749,230,4202,5,5,4,4202,0,0,0,,0,,"RT 144","CENTRAL AV",1102.00,N,N,A,-,Y,SB,5,1,-,-,22.290,H,-,N,Y,1,1,0,2,A,-,08,22107,,N,B,C,A,A,H,-,C,D,0,,,Y,,Y,,A,01,0,0,0,0,0,0,0,1,0,"- ","- ",,,"SANTA BARBARA",LOMPOC,-120.45766448974609,34.663993835449219
9536527,2022,2023-01-20,4202,2022-11-10,1417,80738,4202,4,5,4,4202,0,0,0,,0,,"OCEAN AV","3RD ST",9.00,W,N,A,-,Y,SB,5,1,-,-,19.810,I,5,N,N,2,0,1,2,A,-,10,21950,A,N,G,B,B,A,H,-,A,A,0,Y,,,,Y,,A,01,1,0,0,0,1,0,0,0,0,"- ","- ",,,"SANTA BARBARA",LOMPOC,-120.44527435302734,34.638862609863281
9547757,2023,2023-03-02,4203,2023-01-31,"535 ",25595,11,2,5,5,4203,0,0,0,,0,002,"EAST CABRILLO BL","NINOS DR",315.00,W,N,A,-,N,,,,,,,,,,N,2,0,1,1,D,-,00,,,F,E,I,A,A,H,-,B,A,0,,,,,Y,,-,"- ",1,0,0,0,0,0,0,0,0,"- ","- ",34.417461395263672,-119.66857147216797,"SANTA BARBARA","SANTA BARBARA",-119.66846466064453,34.417396545410156
9562085,2023,2023-04-20,4203,2023-03-17,1635,237066,14,5,5,5,4203,0,0,0,,0,002,"MONTECITO ST","RANCHERIA ST",0.00,,Y,A,-,N,,,,,,,,,,Y,2,0,2,2,A,-,09,21801,A,N,D,C,A,A,H,-,A,A,0,,,,,Y,,A,01,1,1,0,0,0,0,0,0,0,"- ","- ",34.409618377685547,-119.69863128662109,"SANTA BARBARA","SANTA BARBARA",-119.69854736328125,34.409664154052734
9600408,2023,2023-08-24,4202,2023-07-09,1619,239,LOMPO,7,5,4,4202,0,0,0,,0,,"A ST","MAPLE AV",0.00,,Y,A,-,N,,,,,,,,,,Y,2,0,3,3,A,-,01,23153,A,N,C,C,A,A,H,-,A,A,0,,,,,Y,Y,B,01,1,0,2,0,0,0,0,0,0,"- ","- ",,,"SANTA BARBARA",LOMPOC,-120.44895172119141,34.645328521728516
9602166,2023,2023-08-11,4203,2023-07-04,1700,26417,34,2,5,5,4203,0,0,0,,0,004,"CHAPALA ST","LOS OLIVOS ST",0.00,,Y,A,-,N,,,,,,,,,,Y,2,0,1,2,A,-,12,22450,A,N,D,C,A,A,H,-,A,D,0,,,Y,,Y,,A,01,1,0,0,0,0,0,0,0,1,"- ","- ",34.429958343505859,-119.71343231201172,"SANTA BARBARA","SANTA BARBARA",-119.71836853027344,34.431652069091797
9602679,2023,2023-08-22,4202,2023-07-11,2149,,4202,2,5,4,4202,0,0,0,,0,,"COLLEGE AV","Q ST",8.00,E,N,B,-,N,,,,,,,,,,N,2,0,1,2,A,-,10,21950,A,N,G,B,B,A,H,-,C,D,0,Y,,,,Y,,A,01,1,0,0,0,1,0,0,0,0,"- ","- ",,,"SANTA BARBARA",LOMPOC,-120.46916198730469,34.647109985351562
9608971,2023,2023-09-05,4202,2023-08-06,"6   ",239,,7,5,4,4202,0,0,0,,0,,"A ST","ALMOND ST",0.00,,Y,A,-,N,,,,,,,,,,Y,2,0,1,2,A,-,08,22107,,N,C,C,A,A,H,-,C,D,0,,,,Y,Y,,B,01,1,0,0,0,0,0,0,0,0,"- ","- ",,,"SANTA BARBARA",LOMPOC,-120.44890594482422,34.654579162597656
9621362,2023,2023-11-13,4202,2023-09-25,1629,80826,4202,1,5,4,4202,0,0,0,,0,,"PINE AV","D ST",0.00,,Y,A,-,N,,,,,,,,,,N,2,0,1,2,A,-,10,21950,,N,G,B,B,A,H,-,B,A,0,Y,,,,Y,,A,01,1,0,0,0,1,0,0,0,0,"- ","- ",,,"SANTA BARBARA",LOMPOC,-120.45268249511719,34.650154113769531
9642977,2023,2023-12-12,4203,2023-10-13,2101,25932,56,5,5,5,4203,0,0,0,,0,005,"LA CUMBRE RD","SATE ST",205.00,N,N,A,-,N,,,,,,,,,,N,2,0,1,2,A,-,11,21954,A,N,G,B,D,A,H,-,D,D,0,Y,,,,Y,Y,N,60,1,0,0,0,1,0,0,0,0,"- ","- ",34.440528869628906,-119.75106048583984,"SANTA BARBARA","SANTA BARBARA",-119.75107574462891,34.441062927246094
9646723,2023,2024-01-17,4202,2023-11-05,1411,280,LOMPO,7,5,4,4202,0,0,0,,0,,"N O ST","W CHESTNUT AV",0.00,,Y,A,-,N,,,,,,,,,,Y,2,0,3,2,A,-,09,21802,A,N,D,C,A,A,H,-,A,A,0,,,,,Y,,A,01,1,1,1,0,0,0,0,0,0,"- ","- ",,,"SANTA BARBARA",LOMPOC,-120.46674346923828,34.642314910888672
9650694,2023,2024-01-23,4200,2023-11-19,"950 ",5651,14,7,5,4,4214,0,0,0,,0,060,"HOLLISTER AV","NECTARINE AV",0.00,,Y,A,-,N,,,,,,,,,,N,2,0,1,2,A,-,10,21950,A,N,G,B,B,A,H,-,A,A,0,Y,,,,Y,,D,22,1,0,0,0,1,0,0,0,0,"- ","- ",,,"SANTA BARBARA",GOLETA,-119.82666015625,34.435855865478516
9662056,2024,2024-03-27,4203,2024-01-21,1640,24837,61,7,5,5,4203,0,0,0,,0,001,"N MILPAS ST","CANON PERDIDO ST",94.00,S,N,A,-,N,,,,,,,,,,Y,2,0,2,3,A,-,01,23153,A,F,C,E,F,A,H,-,C,A,0,Y,,,,Y,Y,A,01,1,1,0,0,1,0,0,0,0,"- ","- ",34.430011749267578,-119.69026947021484,"SANTA BARBARA","SANTA BARBARA",-119.69016265869141,34.429851531982422
9668108,2024,2024-03-06,4203,2024-01-27,2247,24079,11,6,5,5,4203,0,0,0,,0,002,"YANONALI ST","CALLE CESAR CHAVEZ",0.00,,Y,A,-,N,,,,,,,,,,N,2,0,1,1,A,-,03,22350,,N,F,A,A,A,H,-,C,A,0,,,Y,,Y,,C,02,1,0,0,0,0,0,0,0,1,"- ","- ",34.419391632080078,-119.68370819091797,"SANTA BARBARA","SANTA BARBARA",-119.68356323242188,34.419403076171875
9670710,2023,2024-02-27,4203,2023-10-27,1757,24799,43,5,5,5,4203,0,0,0,,0,003,"GARDEN ST","HALEY ST",0.00,,Y,A,-,N,,,,,,,,,,,2,0,1,2,D,-,00,,,F,H,G,A,A,H,-,A,A,0,,Y,,,Y,Y,-,"- ",1,0,0,0,0,0,1,0,0,"- ","- ",34.41796875,-119.68743896484375,"SANTA BARBARA","SANTA BARBARA",-119.69212341308594,34.420013427734375
9670801,2023,2024-02-28,4203,2023-10-15,1228,26177,11,7,5,5,4203,0,0,0,,0,002,"CALLE PUERTO VALLARTA","CORONA DEL MAR",70.00,W,N,A,-,N,,,,,,,,,,Y,2,0,1,2,A,-,02,22400,A,N,C,C,A,A,H,-,A,D,0,,,Y,,Y,,A,01,1,0,0,0,0,0,0,0,1,"- ","- ",34.418811798095703,-119.67281341552734,"SANTA BARBARA","SANTA BARBARA",-119.67278289794922,34.418792724609375
9689766,2024,2024-05-06,4200,2024-03-18,1744,5828,14,1,5,4,4214,0,0,0,,0,060,"S KELLOGG AV","HOLLISTER AV",395.00,S,N,A,-,N,,,,,,,,,,N,2,0,1,2,A,-,09,21804,,N,D,G,A,A,H,-,A,D,0,,Y,,,Y,,L,04,1,0,0,0,0,0,1,0,0,"- ","- ",,,"SANTA BARBARA",GOLETA,-119.82054138183594,34.434604644775391
9692608,2024,2024-06-03,4203,2024-04-11,1132,24582,36,4,5,5,4203,0,0,0,,0,005,"BATH ST","NOGALES AV",0.00,,Y,A,-,N,,,,,,,,,,N,2,0,1,2,A,-,11,21954,A,N,G,B,D,A,H,-,A,D,0,Y,,,,Y,,N,60,1,0,0,0,1,0,0,0,0,"- ","- ",34.431121826171875,-119.72283172607422,"SANTA BARBARA","SANTA BARBARA",-119.72273254394531,34.431137084960938
9697453,2024,2024-07-09,4200,2024-04-19,"459 ",5621,14,5,5,4,4214,0,0,0,,0,050,"KINGSTON AV","ENCINA RD",0.00,,Y,A,-,N,,,,,,,,,,Y,2,0,1,1,A,-,01,23152,A,N,A,I,A,A,H,-,C,A,0,,,,,Y,Y,A,01,1,0,0,0,0,0,0,0,0,"- ","- ",,,"SANTA BARBARA",GOLETA,-119.82170104980469,34.442512512207031
9704797,2024,2024-07-23,4203,2024-05-26,2022,24837,27,7,5,5,4203,0,0,0,,0,006,"SEA RANCH DR","MARINA DR",2640.00,N,N,A,-,N,,,,,,,,,,Y,2,0,2,1,A,-,08,22107,,N,E,I,A,A,H,-,D,D,0,,,,,Y,,A,07,1,1,0,0,0,0,0,0,0,"- ","- ",34.40740966796875,-119.75071716308594,"SANTA BARBARA","SANTA BARBARA",-119.75349426269531,34.414016723632812
9716781,2024,2024-08-26,4203,2024-07-06,"128 ",26395,66,6,5,5,4203,0,0,0,,0,001,"DE LA GUERRA ST","NOPAL ST",154.00,E,N,A,-,N,,,,,,,,,,Y,2,0,2,6,A,-,01,23153,A,N,C,E,A,A,H,-,C,D,0,,,,,Y,Y,A,01,2,0,0,0,0,0,0,0,0,"- ","- ",34.426021575927734,-119.68544006347656,"SANTA BARBARA","SANTA BARBARA",-119.68996429443359,34.42840576171875
9717225,2024,2024-08-30,4203,2024-07-16,2321,24321,11,2,5,5,4203,0,0,0,,0,002,"CACIQUE ST","QUARANTINA ST",0.00,,Y,A,-,N,,,,,,,,,,Y,2,0,1,1,A,-,01,23152,A,N,E,I,A,A,H,-,D,D,0,,,,,Y,Y,A,01,1,0,0,0,0,0,0,0,0,"- ","- ",34.417648315429688,-119.67877960205078,"SANTA BARBARA","SANTA BARBARA",-119.67844390869141,34.417720794677734
9726335,2024,2024-08-26,4203,2024-07-24,1240,26710,32,3,5,5,4203,0,0,0,,0,004,"W VALERIO ST","CHAPALA ST",5.00,N,N,A,-,N,,,,,,,,,,N,2,0,1,2,A,-,17,21657,,N,H,G,A,A,H,-,A,A,0,,Y,,,Y,,L,04,1,0,0,0,0,0,1,0,0,"- ","- ",34.426990509033203,-119.71201324462891,"SANTA BARBARA","SANTA BARBARA",-119.71192932128906,34.427032470703125
9726607,2024,2024-09-03,4203,2024-08-03,"408 ",26909,60,6,5,5,4203,0,0,0,,0,001,"N CALLE CESAR CHAVEZ","E YANONALI ST",0.00,,Y,B,-,N,,,,,,,,,,N,2,0,1,2,A,-,01,23152,A,F,G,B,B,A,H,-,C,A,0,Y,,,,Y,Y,D,22,1,0,0,0,1,0,0,0,0,"- ","- ",34.419391632080078,-119.68370819091797,"SANTA BARBARA","SANTA BARBARA",-119.68356323242188,34.419403076171875
9729205,2024,2024-09-10,4203,2024-08-26,1821,26677,25,1,5,5,4203,0,0,0,,0,006,"CLIFF DR","MESA LN",0.00,,Y,A,-,N,,,,,,,,,,Y,2,0,3,3,A,-,00,25153,A,N,A,C,A,A,H,-,A,A,0,,,,,Y,,A,01,1,2,0,0,0,0,0,0,0,"- ","- ",34.403659820556641,-119.73027801513672,"SANTA BARBARA","SANTA BARBARA",-119.73027038574219,34.403633117675781
9732874,2024,2024-11-22,4200,2024-09-07,1047,4167,14,6,5,4,4214,0,0,0,,0,060,"HOLLISTER AV","LOS CARNEROS WY",0.00,,Y,A,-,N,,,,,,,,,,Y,2,0,2,4,A,-,12,21453,A,N,D,C,A,A,H,-,A,A,0,,,,,Y,,A,01,1,0,1,0,0,0,0,0,0,"- ","- ",,,"SANTA BARBARA",GOLETA,-119.85475921630859,34.43072509765625
9744083,2024,2024-10-17,4203,2024-09-12,1918,27209,23,4,5,5,4203,0,0,0,,0,006,"CHINO ST","PEDREGOSA ST",0.00,,Y,A,-,N,,,,,,,,,,N,2,0,1,2,A,-,09,21802,A,N,H,G,A,A,H,-,B,A,0,,Y,,,Y,,L,04,1,0,0,0,0,0,1,0,0,"- ","- ",34.41986083984375,-119.71768188476562,"SANTA BARBARA","SANTA BARBARA",-119.72238159179688,34.421516418457031
9745819,2024,2024-10-31,4203,2024-10-03,1653,24431,60,4,5,5,4203,0,0,0,,0,001,"MONTECITO ST","CALLE CESAR CHAVEZ",0.00,,Y,A,-,N,,,,,,,,,,N,2,0,1,2,D,-,00,,,N,G,B,D,A,H,-,A,A,0,Y,,,,Y,,-,"- ",1,0,0,0,1,0,0,0,0,"- ","- ",34.419170379638672,-119.68144989013672,"SANTA BARBARA","SANTA BARBARA",-119.6861572265625,34.421283721923828
9746115,2024,2024-10-29,4202,2024-10-12,1441,,4202,6,5,4,4202,0,0,0,,0,,"OCEAN AV","7TH ST",490.00,E,N,A,-,N,,,,,,,,,,Y,2,0,1,2,A,-,09,21804,,N,D,C,A,A,H,-,A,D,0,,,Y,,Y,,A,01,1,0,0,0,0,0,0,0,1,"- ","- ",,,"SANTA BARBARA",LOMPOC,-120.43893432617188,34.639595031738281