CASE_ID,ACCIDENT_YEAR,PROC_DATE,JURIS,COLLISION_DATE,COLLISION_TIME,OFFICER_ID,REPORTING_DISTRICT,DAY_OF_WEEK,CHP_SHIFT,POPULATION,CNTY_CITY_LOC,SPECIAL_COND,BEAT_TYPE,CHP_BEAT_TYPE,CITY_DIVISION_LAPD,CHP_BEAT_CLASS,BEAT_NUMBER,PRIMARY_RD,SECONDARY_RD,DISTANCE,DIRECTION,INTERSECTION,WEATHER_1,WEATHER_2,STATE_HWY_IND,CALTRANS_COUNTY,CALTRANS_DISTRICT,STATE_ROUTE,ROUTE_SUFFIX,POSTMILE_PREFIX,POSTMILE,LOCATION_TYPE,RAMP_INTERSECTION,SIDE_OF_HWY,TOW_AWAY,COLLISION_SEVERITY,NUMBER_KILLED,NUMBER_INJURED,PARTY_COUNT,PRIMARY_COLL_FACTOR,PCF_CODE_OF_VIOL,PCF_VIOL_CATEGORY,PCF_VIOLATION,PCF_VIOL_SUBSECTION,HIT_AND_RUN,TYPE_OF_COLLISION,MVIW,PED_ACTION,ROAD_SURFACE,ROAD_COND_1,ROAD_COND_2,LIGHTING,CONTROL_DEVICE,CHP_ROAD_TYPE,PEDESTRIAN_ACCIDENT,BICYCLE_ACCIDENT,MOTORCYCLE_ACCIDENT,TRUCK_ACCIDENT,NOT_PRIVATE_PROPERTY,ALCOHOL_INVOLVED,STWD_VEHTYPE_AT_FAULT,CHP_VEHTYPE_AT_FAULT,COUNT_SEVERE_INJ,COUNT_VISIBLE_INJ,COUNT_COMPLAINT_PAIN,COUNT_PED_KILLED,COUNT_PED_INJURED,COUNT_BICYCLIST_KILLED,COUNT_BICYCLIST_INJURED,COUNT_MC_KILLED,COUNT_MC_INJURED,PRIMARY_RAMP,SECONDARY_RAMP,LATITUDE,LONGITUDE,COUNTY,CITY,POINT_X,POINT_Y
9746380,2024,2024-11-01,4203,2024-07-07,1937,6378,20,7,5,5,4203,0,0,0,,0,002,"SAN PASCUAL ST","CANON PERDIDO ST",15.00,S,N,A,-,N,,,,,,,,,,N,2,0,1,1,D,-,00,,,N,F,A,A,A,H,-,A,D,0,,Y,,,Y,,-,"- ",1,0,0,0,0,0,1,0,0,"- ","- ",34.414279937744141,-119.70735931396484,"SANTA BARBARA","SANTA BARBARA",-119.70728302001953,34.414203643798828
9747505,2024,2024-11-01,4202,2024-09-10,1721,80738,4202,2,5,4,4202,0,0,0,,0,,"E CHESTNUT AV","E ST",61.00,E,N,A,-,N,,,,,,,,,,N,2,0,2,2,A,-,00,23153,F,N,C,C,A,A,H,-,A,D,0,,,Y,,Y,,C,02,1,0,1,0,0,0,0,0,2,"- ","- ",,,"SANTA BARBARA",LOMPOC,-120.453857421875,34.642189025878906
9753524,2024,2024-11-13,4203,2024-10-10,1909,25527,48,4,5,5,4203,0,0,0,,0,003,"E ARRELLAGA ST","GARDEN ST",154.00,E,N,A,-,N,,,,,,,,,,N,2,0,1,2,A,-,03,22350,,N,H,G,A,A,A,-,D,D,0,,Y,,,Y,,A,07,1,0,0,0,0,0,1,0,0,"- ","- ",34.430229187011719,-119.70614624023438,"SANTA BARBARA","SANTA BARBARA",-119.70584869384766,34.43060302734375
9754322,2024,2024-12-20,4203,2024-08-10,1958,25508,41,6,5,5,4203,0,0,0,,0,004,"CHAPALA ST","W DELA GUERRA ST",202.00,N,N,A,-,N,,,,,,,,,,N,2,0,1,2,D,-,00,,,F,C,C,A,A,H,-,C,A,0,,,,,Y,,-,"- ",1,0,0,0,0,0,0,0,0,"- ","- ",34.418941497802734,-119.70104217529297,"SANTA BARBARA","SANTA BARBARA",-119.70097351074219,34.418899536132812
9756477,2024,2024-12-04,4200,2024-11-04,"829 ",5469,14,1,5,4,4214,0,0,0,,0,080,"CATHEDRAL OAKS RD","ALAMEDA AV",450.00,E,N,A,-,N,,,,,,,,,,N,2,0,1,2,A,-,03,22350,,N,D,G,A,A,H,-,A,D,0,,Y,,,Y,,L,04,1,0,0,0,0,0,1,0,0,"- ","- ",,,"SANTA BARBARA",GOLETA,-119.87902069091797,34.440742492675781
9757611,2024,2024-12-09,4203,2024-04-12,1422,24582,35,5,5,5,4203,0,0,0,,0,004,"W MISSION ST","BATH ST",0.00,,Y,A,-,N,,,,,,,,,,N,2,0,1,2,A,-,09,21801,A,N,B,C,A,A,H,-,A,D,0,,,Y,,Y,,A,01,1,0,0,0,0,0,0,0,1,"- ","- ",34.427711486816406,-119.71800994873047,"SANTA BARBARA","SANTA BARBARA",-119.71795654296875,34.427608489990234
9761331,2024,2024-12-18,4200,2024-10-13,"641 ",5907,14,7,5,4,4214,0,0,0,,0,080,"CATHEDRAL OAKS RD","HOLLISTER AV",0.00,,Y,A,-,N,,,,,,,,,,Y,2,0,1,1,A,-,03,22350,A,M,E,I,A,A,H,-,B,D,0,,,,,Y,Y,A,01,1,0,0,0,0,0,0,0,0,"- ","- ",,,"SANTA BARBARA",GOLETA,-119.90637969970703,34.431175231933594
9761343,2024,2024-12-20,4200,2024-10-23,2124,5700,14,3,5,4,4214,0,0,0,,0,080,"CATHEDRAL OAKS RD","HOLLISTER AV",0.00,,Y,A,-,N,,,,,,,,,,Y,2,0,1,2,A,-,12,22450,,N,A,C,A,A,G,-,D,A,0,,,Y,,Y,,A,01,1,0,0,0,0,0,0,0,1,"- ","- ",,,"SANTA BARBARA",GOLETA,-119.90637969970703,34.431175231933594
9765092,2025,2025-02-24,4203,2025-01-03,2345,27210,43,5,5,5,4203,0,0,0,,0,003,"E HALEY ST","SALSIPUEDES ST",0.00,,Y,A,-,N,,,,,,,,,,Y,2,0,2,2,A,-,01,23152,A,N,D,D,A,A,H,-,C,A,0,,,,,Y,Y,A,01,2,0,0,0,0,0,0,0,0,"- ","- ",34.423118591308594,-119.68872833251953,"SANTA BARBARA","SANTA BARBARA",-119.68872833251953,34.423183441162109
9771215,2024,2025-01-09,4203,2024-06-10,1454,24079,32,1,5,5,4203,0,0,0,,0,004,"CASTILLO ST","ANAPAMU ST",0.00,,Y,A,-,N,,,,,,,,,,N,2,0,1,2,A,-,09,21802,A,N,H,G,A,A,H,-,A,A,0,,Y,,,Y,,M,91,1,0,0,0,0,0,1,0,0,"- ","- ",34.419120788574219,-119.70916748046875,"SANTA BARBARA","SANTA BARBARA",-119.70896148681641,34.419178009033203
9775564,2024,2025-02-03,4203,2024-12-12,1630,24582,6,4,5,5,4203,0,0,0,,0,026,"LAS POSITAS RD","JERRY HARWIN PKWY",0.00,,Y,A,-,N,,,,,,,,,,Y,2,0,1,2,A,-,03,22350,,N,B,C,A,A,H,-,A,A,0,,,Y,,Y,,C,02,1,0,0,0,0,0,0,0,1,"- ","- ",34.413330078125,-119.74028778076172,"SANTA BARBARA","SANTA BARBARA",-119.74017333984375,34.413352966308594
9786114,2024,2025-04-29,4203,2024-05-21,1342,24079,48,2,5,5,4203,0,0,0,,0,003,"STATE ST","MISSION ST",0.00,,Y,A,-,N,,,,,,,,,,N,1,1,0,2,A,-,12,21453,A,N,H,G,A,A,H,-,A,A,0,,Y,,,Y,,L,04,0,0,0,0,0,1,0,0,0,"- ","- ",34.430789947509766,-119.71478271484375,"SANTA BARBARA","SANTA BARBARA",-119.71471405029297,34.430831909179688
9787051,2025,2025-02-28,4200,2025-01-08,1911,5828,14,3,5,4,4214,0,0,0,,0,060,"STORKE RD","PHELPS RD",508.00,N,N,A,-,N,,,,,,,,,,N,2,0,1,2,A,-,10,21950,,N,G,G,A,A,H,-,B,D,0,,,,,Y,,A,01,1,0,0,0,0,0,0,0,0,"- ","- ",,,"SANTA BARBARA",GOLETA,-119.86963653564453,34.424812316894531
9805002,2024,2025-04-30,4203,2024-11-23,"939 ",24582,14,6,5,5,4203,0,0,0,,0,002,"W MONTECITO ST","BATH ST",445.00,E,N,C,-,N,,,,,,,,,,N,2,0,1,1,C,-,18,,,N,F,A,A,B,H,-,A,D,0,,Y,,,Y,,-,"- ",1,0,0,0,0,0,1,0,0,"- ","- ",34.411701202392578,-119.69632720947266,"SANTA BARBARA","SANTA BARBARA",-119.69535064697266,34.412681579589844
9817790,2025,2025-06-16,4200,2025-05-19,1206,5829,10,1,5,3,4205,0,0,0,,0,040,"9TH ST","LINDEN AV",0.00,,Y,A,-,N,,,,,,,,,,N,2,0,2,3,A,-,10,21950,A,N,G,B,B,A,H,-,A,D,0,Y,,,,Y,,D,22,1,1,0,0,2,0,0,0,0,"- ","- ",,,"SANTA BARBARA",CARPINTERIA,-119.51914215087891,34.398307800292969
9829215,2025,2025-07-07,4201,2025-05-11,1633,3552,51,7,5,2,4201,0,0,0,,0,,"CAMPODONICO AV","2ND ST",0.00,,Y,A,-,N,,,,,,,,,,N,2,0,1,2,A,-,"- ",,,N,H,G,A,A,H,-,A,A,0,,Y,,,Y,,L,04,1,0,0,0,0,0,1,0,0,"- ","- ",,,"SANTA BARBARA",GUADALUPE,-120.57525634765625,34.959457397460938
9829529,2025,2025-07-03,4203,2025-06-10,2305,27319,41,2,5,5,4203,0,0,0,,0,004,"CHAPALA ST","FIGUEROA ST",0.00,,Y,A,-,N,,,,,,,,,,Y,2,0,1,2,A,-,01,23152,A,N,D,C,A,A,H,-,C,A,0,,,Y,,Y,Y,A,01,1,0,0,0,0,0,0,0,1,"- ","- ",34.421398162841797,-119.70420837402344,"SANTA BARBARA","SANTA BARBARA",-119.70426940917969,34.421390533447266
6290081,2014,2014-03-07,9750,2014-01-18,2500,16170,,6,4,9,4200,0,3,5,,2,030,"CLARK AV","DOMINION RD",8.00,E,N,A,-,N,,,,,,,,,,Y,1,1,0,1,A,-,01,23152,A,N,E,I,A,A,H,-,D,A,0,,,,,Y,Y,D,22,0,0,0,0,0,0,0,0,0,"- ","- ",34.86495,-120.34756,"SANTA BARBARA",UNINCORPORATED,-120.3477,34.865000000000002
6290492,2014,2014-05-23,9760,2014-02-17,0107,19277,,1,3,3,4205,0,1,2,,2,010,"RT 101","SANTA MONICA RD",2640.00,N,N,A,-,Y,SB,5,101,-,-,4.390,H,-,S,Y,1,1,6,3,A,-,01,23152,F,N,B,C,A,A,H,-,D,D,1,,,,,Y,Y,A,01,2,2,2,0,0,0,0,0,0,"- ","- ",34.406080000000003,-119.53959,"SANTA BARBARA",CARPINTERIA,-119.53902223999999,34.405574010000002
6290743,2014,2014-06-24,9750,2014-04-10,2048,18616,,4,2,9,4200,0,1,3,,1,022,"RT 1","RT 135",2640.00,S,N,A,-,Y,SB,5,1,-,M,35.650,H,-,S,Y,1,1,0,2,A,-,03,22350,,N,C,C,A,A,H,-,D,D,0,,,,Y,Y,Y,A,01,0,0,0,0,0,0,0,0,0,"- ","- ",34.795789999999997,-120.44901,"SANTA BARBARA",UNINCORPORATED,-120.44967966999999,34.795323230000001
6291445,2014,2014-10-22,9750,2014-08-09,1930,17379,,6,2,9,4200,0,3,5,,2,030,"FOXEN CANYON RD","DOMINION RD",5808.00,E,N,A,-,N,,,,,,,,,,N,1,1,0,2,A,-,06,21750,,N,H,G,A,A,H,-,B,D,0,,Y,,,Y,,E,22,0,0,0,0,0,1,0,0,0,"- ","- ",34.907980000000002,-120.32738000000001,"SANTA BARBARA",UNINCORPORATED,-120.32830509,34.908210650000001
6292243,2015,2015-06-05,9750,2015-04-16,1805,16714,,4,2,9,4200,0,3,5,,2,020,"RICE RANCH RD","ORCUTT RD",469.00,E,N,A,-,N,,,,,,,,,,Y,1,1,0,2,A,-,01,23152,E,N,E,I,A,A,H,-,A,D,0,,,,,Y,,A,01,0,0,0,0,0,0,0,0,0,"- ","- ",34.857950000000002,-120.43501999999999,"SANTA BARBARA",UNINCORPORATED,-120.43637,34.858600000000003
6292463,2015,2017-04-06,9750,2015-07-08,1930,16714,,3,2,9,4200,0,3,5,,2,030,"RT 101","FRONTAGE RD",106.00,N,N,A,-,Y,SB,5,101,-,-,70.730,R,4,N,Y,1,1,1,3,A,-,08,22107,,N,G,B,E,A,H,-,A,D,1,Y,,,,Y,Y,A,07,0,0,1,0,1,0,0,0,0,TO,"- ",34.741990000000001,-120.26908,"SANTA BARBARA",UNINCORPORATED,-120.26806609,34.740741399999997
6292770,2015,2016-04-20,4200,2015-12-07,1855,3116,11,1,5,2,4212,0,0,0,,0,,"RT 246","LA LATA DR",0.00,,Y,A,-,Y,SB,5,246,-,R,25.640,I,5,W,Y,1,1,0,2,A,-,10,21950,A,N,G,B,B,A,H,-,C,A,0,Y,,,,Y,Y,D,22,0,0,0,1,0,0,0,0,0,"- ","- ",,,"SANTA BARBARA",BUELLTON,-120.19997248999999,34.615981910000002
6337239,2014,2016-03-05,9760,2014-01-05,1210,018572,,7,1,5,4203,0,1,2,,2,020,"RT 101","LA CUMBRE RD",678.00,N,N,A,-,Y,SB,5,101,-,-,17.910,H,-,S,Y,2,0,1,2,A,-,07,21658,A,N,B,C,A,A,H,-,A,D,1,,,,,Y,,A,01,1,0,0,0,0,0,0,0,0,"- ","- ",34.262099999999997,-119.459,"SANTA BARBARA","SANTA BARBARA",-119.75325045,34.438138619999997
6352017,2014,2016-01-11,4202,2014-01-12,1814,232,4202,7,5,4,4202,0,0,0,,0,,"RT 1","GEORGE MILLER DR",16.00,N,N,G,-,Y,SB,5,1,-,-,22.470,H,-,N,Y,2,0,2,2,A,-,01,23152,A,N,F,C,A,A,H,-,D,D,0,,,,,Y,Y,A,01,2,0,0,0,0,0,0,0,0,"- ","- ",,,"SANTA BARBARA",LOMPOC,-120.45758988999999,34.666581710000003
6366267,2014,2016-03-05,9760,2014-01-31,0606,19069,,5,1,5,4203,0,1,2,,2,011,"RT 101","JUNIPERO ST",550.00,S,N,A,-,Y,SB,5,101,-,-,16.130,H,-,S,Y,2,0,4,4,C,-,18,,,N,D,C,A,A,C,-,D,D,1,,,,,Y,Y,-,"- ",2,1,1,0,0,0,0,0,0,"- ","- ",34.253700000000002,-119.43340000000001,"SANTA BARBARA","SANTA BARBARA",-119.72644468999999,34.42669137
6378396,2014,2014-06-18,4203,2014-02-08,1737,2058,40,6,5,5,4203,0,0,0,,0,003,"STATE ST","GUTIERREZ ST",354.00,S,N,B,-,N,,,,,,,,,,N,2,0,2,3,A,-,05,21650,,N,A,C,A,A,H,-,B,D,0,,Y,,,Y,,L,04,1,1,0,0,0,0,2,0,0,"- ","- ",34.245440000000002,-119.41355,"SANTA BARBARA","SANTA BARBARA",-119.69334648,34.415224119999998
6378400,2014,2014-06-18,4203,2014-02-06,2251,3433,,4,5,5,4203,0,0,0,,0,003,"E GUTIERREZ ST","STATE ST",0.00,,Y,B,-,N,,,,,,,,,,N,2,0,1,2,A,-,11,21453,D,F,G,B,B,B,H,-,C,A,0,Y,,,,Y,Y,N,60,1,0,0,0,1,0,0,0,0,"- ","- ",34.245699999999999,-119.41391,"SANTA BARBARA","SANTA BARBARA",-119.69421991,34.415870050000002
6385357,2014,2016-03-05,4203,2014-02-13,2143,4937,,4,5,5,4203,0,0,0,,0,006,"LAS POSITAS","CLIFF DR",84.00,N,N,A,-,Y,SB,5,225,-,-,1.780,H,-,E,N,2,0,2,1,A,-,01,23153,A,N,A,J,A,A,H,-,C,A,0,,,,,Y,Y,-,,1,1,0,0,0,0,0,0,0,"- ","- ",34.241999999999997,-119.4421,"SANTA BARBARA","SANTA BARBARA",-119.73786871,34.405061099999998
6404496,2014,2016-03-05,9750,2014-02-24,0017,017548,,1,3,5,4204,0,1,2,,2,001,"RT 101",ALVIN,141.00,N,N,E,-,Y,SB,5,101,-,-,89.160,H,-,N,Y,2,0,1,1,A,-,01,23152,A,N,E,I,A,A,H,-,D,D,0,,,,,Y,Y,A,07,1,0,0,0,0,0,0,0,0,"- ","- ",34.960769999999997,-120.41866,"SANTA BARBARA","SANTA MARIA",-120.41862338,34.960756859999996
6417288,2014,2016-03-05,9750,2014-03-09,2324,17616,,7,3,9,4200,0,1,2,,2,002,"RT 101","PALMER RD",8448.00,N,N,A,-,Y,SB,5,101,-,-,77.490,H,-,S,Y,2,0,1,1,A,-,08,22107,,N,E,I,A,A,H,-,D,D,1,,,,,Y,,A,08,1,0,0,0,0,0,0,0,0,"- ","- ",34.812060000000002,-120.34629,"SANTA BARBARA",UNINCORPORATED,-120.34618537999999,34.811682269999999
6419681,2014,2014-06-13,4204,2014-02-01,1654,90228,75,6,5,5,4204,0,0,0,,0,003,BROADWAY,NEWLOVE,12.00,S,N,A,-,N,,,,,,,,,,N,2,0,1,2,A,-,11,21950,B,N,G,B,B,A,H,-,A,A,0,Y,,,,Y,,N,60,1,0,0,0,1,0,0,0,0,"- ","- ",,,"SANTA BARBARA","SANTA MARIA",-120.43593799999999,34.929828999999998
6420581,2014,2014-06-07,4204,2014-02-18,0709,22104,72,2,5,5,4204,0,0,0,,0,003,"BLOSSER RD","SONYA LN",0.00,,Y,B,-,N,,,,,,,,,,Y,2,0,4,2,A,-,09,21802,A,N,D,C,A,A,H,-,A,A,0,,,,,Y,,A,01,1,0,3,0,0,0,0,0,0,"- ","- ",,,"SANTA BARBARA","SANTA MARIA",-120.45400988,34.927880020000003
6420597,2014,2016-01-14,4204,2014-02-25,1322,90246,67,2,5,5,4204,0,0,0,,0,003,"SOUTH BROADWAY",ENOS,357.00,N,N,A,-,Y,SB,5,135,-,-,14.540,H,-,S,N,2,0,1,2,A,-,03,22350,,N,C,C,A,A,H,-,A,A,0,,,Y,,Y,,C,02,1,0,0,0,0,0,0,0,1,"- ","- ",,,"SANTA BARBARA","SANTA MARIA",-120.43612844,34.935106879999999
6420622,2014,2016-01-14,4204,2014-02-12,2242,20894,91,3,5,5,4204,0,0,0,,0,003,"RT 135","WALLER LN",423.00,N,N,A,-,Y,SB,5,135,-,-,12.560,H,-,N,N,2,0,1,2,D,-,00,,,F,B,G,A,A,H,-,D,D,0,,Y,,,Y,,-,"- ",1,0,0,0,0,0,1,0,0,"- ","- ",,,"SANTA BARBARA","SANTA MARIA",-120.4358579,34.906534229999998
6421123,2014,2014-07-03,4203,2014-03-11,1711,2661,,2,5,5,4203,0,0,0,,0,003,"ALTA VISTA RD","SOLA ST",30.00,S,N,A,-,N,,,,,,,,,,N,2,0,1,1,A,-,08,22107,,N,F,J,A,A,H,-,A,A,0,,Y,,,Y,,L,04,1,0,0,0,0,0,1,0,0,"- ","- ",34.255699999999997,-119.4156,"SANTA BARBARA","SANTA BARBARA",-119.6990251,34.432585840000002
6428616,2014,2014-07-03,9760,2014-02-22,1750,18991,,6,2,9,4200,0,2,4,,2,024,"CALLE REAL","TURNPIKE RD",559.00,W,N,A,-,N,,,,,,,,,,N,2,0,1,2,A,-,09,21801,A,N,D,C,A,A,H,-,A,D,0,,,Y,,Y,,A,07,1,0,0,0,0,0,0,0,1,"- ","- ",34.443010000000001,-119.79115,"SANTA BARBARA",UNINCORPORATED,-119.79098639,34.44322734
6439913,2014,2016-03-05,9760,2014-03-12,2143,018803,,3,2,3,4205,0,1,2,,2,010,"RT 101","SANTA MONICA RD",2110.00,N,N,A,-,Y,SB,5,101,-,-,4.180,H,-,N,Y,2,0,1,4,A,-,03,22350,,N,C,C,A,A,H,-,D,D,1,,,,,Y,,A,01,1,0,0,0,0,0,0,0,0,"- ","- ",34.405410000000003,-119.53651000000001,"SANTA BARBARA",CARPINTERIA,-119.53546905,34.405066050000002
6446654,2014,2016-01-14,4204,2014-02-27,2321,20894,05,4,5,5,4204,0,0,0,,0,001,"RT 135",ROEMER,75.00,N,N,C,-,Y,SB,5,135,-,-,17.350,H,-,S,N,2,0,1,2,A,-,03,22350,,F,C,G,A,B,H,-,C,D,0,,Y,,,Y,,A,01,1,0,0,0,0,0,1,0,0,"- ","- ",,,"SANTA BARBARA","SANTA MARIA",-120.43563841,34.976130159999997
6447668,2014,2016-01-14,4204,2014-03-28,0647,18261,82,5,5,5,4204,0,0,0,,0,003,BROADWAY,"MCCOY LN",45.00,N,N,A,-,Y,SB,5,135,-,-,13.270,H,-,S,Y,2,0,3,3,A,-,03,22350,,N,C,C,A,A,H,-,A,A,0,,,,,Y,,A,01,1,0,2,0,0,0,0,0,0,"- ","- ",,,"SANTA BARBARA","SANTA MARIA",-120.43610237999999,34.916812870000001
6453937,2014,2016-04-04,9755,2014-04-13,1515,016058,,7,2,9,4200,0,1,2,,2,004,"RT 101","ALISAL RD",3168.00,S,N,A,-,Y,SB,5,101,-,R,50.560,H,-,N,Y,2,0,1,1,A,-,08,22107,,N,E,I,A,A,H,-,A,D,1,,,,,Y,,D,22,1,0,0,0,0,0,0,0,0,"- ","- ",34.524299999999997,-120.20029,"SANTA BARBARA",UNINCORPORATED,-120.2040856,34.523521529999996
6459429,2014,2014-08-05,9760,2014-05-07,0555,16739,,3,3,9,4200,0,3,5,,2,002,"CALLE REAL","DEXTER DR",900.00,E,N,A,-,N,,,,,,,,,,Y,2,0,1,1,A,-,03,22350,,N,F,A,A,A,H,-,B,D,0,,,Y,,Y,,C,02,1,0,0,0,0,0,0,0,1,"- ","- ",34.442509999999999,-119.78545,"SANTA BARBARA",UNINCORPORATED,-119.78430648,34.442610690000002
6467362,2014,2015-10-01,9750,2014-04-09,0930,14358,,3,1,9,4200,0,3,5,,2,020,"RICK RD","KARI LN",0.00,,Y,A,-,N,,,,,,,,,,N,2,0,1,1,A,-,03,22350,,N,F,A,A,A,H,-,A,D,0,,,Y,,Y,,C,02,1,0,0,0,0,0,0,0,1,"- ","- ",34.874740000000003,-120.45643,"SANTA BARBARA",UNINCORPORATED,-120.45630998999999,34.874710010000001
6467586,2014,2014-07-11,9760,2014-03-26,2359,18803,,3,3,9,4200,0,3,5,,2,001,"GIBRALTAR RD","EL CIELITO RD",4224.00,N,N,A,-,N,,,,,,,,,,Y,2,0,1,1,A,-,08,22107,,N,E,I,A,A,H,-,D,A,0,,,,,Y,Y,A,07,1,0,0,0,0,0,0,0,0,"- ","- ",34.46161,-119.6872,"SANTA BARBARA",UNINCORPORATED,-119.68758157000001,34.461874250000001
6472095,2014,2014-07-14,4200,2014-03-21,0647,3822,14,5,5,4,4214,0,0,0,,0,060,"HOLLISTER AV","TECOLOTE AV",96.00,W,N,A,-,N,,,,,,,,,,N,2,0,1,2,A,-,17,22517,,N,H,G,A,A,H,-,B,A,0,,Y,,,Y,,A,07,1,0,0,0,0,0,1,0,0,"- ","- ",,,"SANTA BARBARA",GOLETA,-119.82602706,34.435811870000002
6472276,2014,2014-07-22,4203,2014-04-10,1721,2661,,4,5,5,4203,0,0,0,,0,004,"MISSION ST","BATH ST",0.00,,Y,A,-,N,,,,,,,,,,Y,2,0,4,2,A,-,01,23153,A,N,D,C,A,A,G,-,A,A,0,,,,,Y,Y,-,,2,2,0,0,0,0,0,0,0,"- ","- ",34.253799999999998,-119.435,"SANTA BARBARA","SANTA BARBARA",-119.71795988,34.427610080000001
6472294,2014,2014-07-17,4200,2014-04-01,1026,3683,14,2,5,4,4214,0,0,0,,0,050,"CALLE REAL","N FAIRWAY AV",260.00,E,N,A,-,N,,,,,,,,,,N,2,0,1,2,A,-,05,21650,,N,H,G,A,A,H,-,A,D,0,,Y,,,Y,,-,"- ",1,0,0,0,0,0,1,0,0,"- ","- ",,,"SANTA BARBARA",GOLETA,-119.830652,34.442310999999997
6486120,2014,2014-07-24,4203,2014-05-09,0845,394,4203,5,5,5,4203,0,0,0,,0,005,"CHAPALA ST","CONSTANCE AV",0.00,,Y,A,-,N,,,,,,,,,,Y,2,0,1,2,A,-,03,22350,,N,H,E,A,A,A,-,A,A,0,,,,,Y,,-,,1,0,0,0,0,0,0,0,0,"- ","- ",34.260719999999999,-119.43243,"SANTA BARBARA","SANTA BARBARA",-119.72341991,34.435370040000002
6507771,2014,2014-07-16,4203,2014-04-27,1519,6693,25,7,5,5,4203,0,0,0,,0,006,"CALLE GALICIA ST","CALLE ALELLA",0.00,,Y,A,-,N,,,,,,,,,,Y,2,0,1,1,D,-,00,,,N,E,-,A,A,H,-,A,D,0,,,,,Y,,-,"- ",1,0,0,0,0,0,0,0,0,"- ","- ",34.242260000000002,-119.42426,"SANTA BARBARA","SANTA BARBARA",-119.72794996,34.406130079999997
6507783,2014,2016-03-30,4203,2014-04-29,1620,6114,73,2,5,5,4203,0,0,0,,0,001,"SYCAMORE CANYON RD","VIA ENCANTO",160.00,N,N,A,-,Y,SB,5,144,-,-,1.260,H,-,N,Y,2,0,1,1,A,-,03,22350,,N,F,I,A,A,H,-,A,D,0,,,,,Y,,-,,1,0,0,0,0,0,0,0,0,"- ","- ",34.260300000000001,-119.4034,"SANTA BARBARA","SANTA BARBARA",-119.67591246000001,34.434289810000003
6516138,2014,2014-08-11,9760,2014-06-03,1630,16739,,2,2,9,4200,0,2,4,,1,021,"HOLLISTER AV","SAN MARCOS RD",0.00,,Y,A,-,N,,,,,,,,,,Y,2,0,3,2,D,-,00,,,N,D,C,A,A,H,-,A,A,0,,,,,Y,,-,"- ",2,1,0,0,0,0,0,0,0,"- ","- ",34.435389999999998,-119.79613999999999,"SANTA BARBARA",UNINCORPORATED,-119.79616992,34.435360090000003
6517585,2014,2015-01-15,9750,2014-06-11,1841,16874,,3,2,9,4200,0,3,5,,2,010,"MAIN ST","CALLE CESAR CHAVEZ",2640.00,W,N,A,-,N,,,,,,,,,,Y,2,0,2,1,A,-,03,22350,,N,E,I,A,A,H,-,A,D,0,,,,,Y,,A,01,1,0,1,0,0,0,0,0,0,"- ","- ",34.957889999999999,-120.59913,"SANTA BARBARA",UNINCORPORATED,-120.598412,34.957735999999997
6517684,2014,2015-04-23,4200,2014-06-14,1919,3875,6,6,5,2,4212,0,0,0,,0,,"RT 246","FREEAR DR",14.00,W,N,A,-,Y,SB,5,246,-,-,26.520,H,-,W,N,2,0,1,2,A,-,"- ",,,N,G,B,B,A,H,-,B,A,0,Y,,,,Y,Y,A,01,1,0,0,0,1,0,0,0,0,"- ","- ",,,"SANTA BARBARA",BUELLTON,-120.18639288999999,34.610687710000001
6528578,2014,2014-08-20,4203,2014-06-23,1211,2520,,1,5,5,4203,0,0,0,,0,001,"LAS ALTURAS RD","CAMINO VERDE",0.00,,Y,A,-,N,,,,,,,,,,N,2,0,1,1,A,-,01,21200,5,N,H,G,A,A,H,-,A,B,0,,Y,,,Y,Y,L,04,1,0,0,0,0,0,1,0,0,"- ","- ",34.261899999999997,-119.4053,"SANTA BARBARA","SANTA BARBARA",-119.68163988000001,34.438670049999999
6542301,2014,2014-08-20,4204,2014-06-03,1858,90269,15,2,5,5,4204,0,0,0,,0,001,"ROSE AV",LINCOLN,70.00,E,N,A,-,N,,,,,,,,,,N,2,0,1,2,A,-,11,21954,A,N,G,B,D,A,H,-,A,D,0,Y,,,,Y,Y,N,60,1,0,0,0,1,0,0,0,0,"- ","- ",,,"SANTA BARBARA","SANTA MARIA",-120.43702646,34.961401520000003
6547042,2014,2016-04-04,9760,2014-06-30,1430,016739,,1,2,9,4200,0,1,2,,2,020,"RT 101","TURNPIKE RD",1584.00,N,N,A,-,Y,SB,5,101,-,-,20.360,H,-,N,Y,2,0,1,2,A,-,03,22350,,N,C,C,A,A,H,-,A,D,1,,,Y,,Y,,C,02,1,0,0,0,0,0,0,0,1,"- ","- ",34.441890000000001,-119.79533000000001,"SANTA BARBARA",UNINCORPORATED,-119.7945345,34.441853639999998
6558505,2014,2014-08-13,4203,2014-05-15,0708,2661,,4,5,5,4203,0,0,0,,0,005,"STATE ST","CALLE PALO COLORADO",0.00,,Y,A,-,N,,,,,,,,,,N,2,0,1,2,A,-,09,21801,A,N,-,G,A,A,H,-,A,D,0,,Y,,,Y,,-,,1,0,0,0,0,0,1,0,0,"- ","- ",,,"SANTA BARBARA","SANTA BARBARA",-119.73100986,34.440380019999999
6559795,2014,2016-04-05,4204,2014-05-18,2342,90268,67,7,5,5,4204,0,0,0,,0,003,STOWELL,BROADWAY,0.00,,Y,A,-,Y,SB,5,135,-,-,14.780,I,6,S,Y,2,0,1,1,A,-,01,23152,B,N,E,I,A,A,H,-,C,A,0,,,,,Y,Y,A,01,1,0,0,0,0,0,0,0,0,"- ","- ",,,"SANTA BARBARA","SANTA MARIA",-120.43610289999999,34.93850321
6569119,2014,2014-08-06,4200,2014-06-28,1857,4167,14,6,5,4,4214,0,0,0,,0,060,"PINE AV","GAVIOTA AV",60.00,N,N,A,-,N,,,,,,,,,,N,2,0,1,2,A,-,09,21801,A,N,D,C,A,A,H,-,A,D,0,,,Y,,Y,,D,22,1,0,0,0,0,0,0,0,1,"- ","- ",,,"SANTA BARBARA",GOLETA,-119.82664,34.435024749999997