CASE_ID,ACCIDENT_YEAR,PROC_DATE,JURIS,COLLISION_DATE,COLLISION_TIME,OFFICER_ID,REPORTING_DISTRICT,DAY_OF_WEEK,CHP_SHIFT,POPULATION,CNTY_CITY_LOC,SPECIAL_COND,BEAT_TYPE,CHP_BEAT_TYPE,CITY_DIVISION_LAPD,CHP_BEAT_CLASS,BEAT_NUMBER,PRIMARY_RD,SECONDARY_RD,DISTANCE,DIRECTION,INTERSECTION,WEATHER_1,WEATHER_2,STATE_HWY_IND,CALTRANS_COUNTY,CALTRANS_DISTRICT,STATE_ROUTE,ROUTE_SUFFIX,POSTMILE_PREFIX,POSTMILE,LOCATION_TYPE,RAMP_INTERSECTION,SIDE_OF_HWY,TOW_AWAY,COLLISION_SEVERITY,NUMBER_KILLED,NUMBER_INJURED,PARTY_COUNT,PRIMARY_COLL_FACTOR,PCF_CODE_OF_VIOL,PCF_VIOL_CATEGORY,PCF_VIOLATION,PCF_VIOL_SUBSECTION,HIT_AND_RUN,TYPE_OF_COLLISION,MVIW,PED_ACTION,ROAD_SURFACE,ROAD_COND_1,ROAD_COND_2,LIGHTING,CONTROL_DEVICE,CHP_ROAD_TYPE,PEDESTRIAN_ACCIDENT,BICYCLE_ACCIDENT,MOTORCYCLE_ACCIDENT,TRUCK_ACCIDENT,NOT_PRIVATE_PROPERTY,ALCOHOL_INVOLVED,STWD_VEHTYPE_AT_FAULT,CHP_VEHTYPE_AT_FAULT,COUNT_SEVERE_INJ,COUNT_VISIBLE_INJ,COUNT_COMPLAINT_PAIN,COUNT_PED_KILLED,COUNT_PED_INJURED,COUNT_BICYCLIST_KILLED,COUNT_BICYCLIST_INJURED,COUNT_MC_KILLED,COUNT_MC_INJURED,PRIMARY_RAMP,SECONDARY_RAMP,LATITUDE,LONGITUDE,COUNTY,CITY,POINT_X,POINT_Y
6576101,2014,2016-05-07,4204,2014-07-10,1306,23351,52,4,5,5,4204,0,0,0,,0,B02,"SOUTH BROADWAY","W ORANGE",6.00,E,N,A,-,Y,SB,5,135,-,-,15.460,H,-,S,N,2,0,1,2,A,-,03,22350,,N,H,J,A,A,H,-,A,D,0,,,Y,,Y,,C,03,1,0,0,0,0,0,0,0,1,"- ","- ",,,"SANTA BARBARA","SANTA MARIA",-120.43600841999999,34.948557809999997
6578833,2014,2016-04-05,4204,2014-06-12,2106,23656,10,4,5,5,4204,0,0,0,,0,001,BROADWAY,WILLIAMS,0.00,,Y,A,-,Y,SB,5,135,-,-,16.930,I,5,S,Y,2,0,2,2,A,-,03,22350,,N,D,C,A,A,H,-,A,A,0,,,Y,,Y,,C,02,1,0,1,0,0,0,0,0,1,"- ","- ",,,"SANTA BARBARA","SANTA MARIA",-120.43570962,34.969881819999998
6587677,2014,2016-05-07,4204,2014-07-25,2139,90200,09,5,5,5,4204,0,0,0,,0,001,BROADWAY,WILLIAMS,336.00,S,N,A,-,Y,SB,5,135,-,-,16.870,H,-,N,N,2,0,1,2,A,-,09,21804,A,F,H,G,A,A,H,-,B,D,0,,Y,,,Y,Y,A,01,1,0,0,0,0,0,1,0,0,"- ","- ",,,"SANTA BARBARA","SANTA MARIA",-120.43556956,34.969026739999997
6589579,2014,2016-05-04,9760,2014-07-19,0515,018490,,6,3,9,4200,0,1,2,,1,030,"RT 101","DOS PUEBLOS CANYON RD",3696.00,S,N,A,-,Y,SB,5,101,-,-,29.360,H,-,S,Y,2,0,1,1,A,-,08,22107,,N,E,I,A,A,H,-,D,D,5,,,,,Y,,D,22,1,0,0,0,0,0,0,0,0,"- ","- ",34.440440000000002,-119.94252,"SANTA BARBARA",UNINCORPORATED,-119.94893811999999,34.442006040000003
6612168,2014,2016-05-03,9760,2014-08-19,0835,14690,,2,1,9,4200,0,3,5,,2,001,"RT 192","MISSION CANYON RD",45.00,W,N,B,-,Y,SB,5,192,-,-,3.230,H,-,W,N,2,0,1,2,A,-,08,22107,,N,E,I,A,A,H,-,A,A,0,,Y,,,Y,,L,04,1,0,0,0,0,0,1,0,0,"- ","- ",34.44652,-119.71362000000001,"SANTA BARBARA",UNINCORPORATED,-119.71068968,34.446623690000003
6621840,2014,2014-09-24,4202,2014-08-31,1817,291,LOMPO,7,5,4,4202,0,0,0,,0,011,"LAUREL AV","A ST",152.00,W,N,A,-,N,,,,,,,,,,N,2,0,1,2,A,-,09,21804,A,N,D,G,A,A,H,-,A,D,0,,Y,,,Y,Y,L,04,1,0,0,0,0,0,1,0,0,"- ","- ",,,"SANTA BARBARA",LOMPOC,-120.44945509999999,34.644117960000003
6627731,2014,2016-05-07,9750,2014-09-13,0905,013766,,6,1,9,4200,0,1,3,,1,023,"RT 135","HARRIS GRADE RD",6864.00,S,N,B,-,Y,SB,5,135,-,R,7.800,H,-,S,N,2,0,2,2,A,-,08,22107,,N,H,G,A,A,H,-,A,D,0,,Y,,,Y,,L,04,1,1,0,0,0,0,2,0,0,"- ","- ",34.758949999999999,-120.40397,"SANTA BARBARA",UNINCORPORATED,-120.40349731000001,34.75892795
6628120,2014,2014-09-23,9760,2014-07-25,1240,019831,,5,1,9,4200,0,3,5,,2,001,"LILAC DR","TOLLIS AV",20.00,W,N,A,-,N,,,,,,,,,,N,2,0,1,2,A,-,05,21650,1,M,A,C,A,A,H,-,A,D,0,,Y,,,Y,,L,04,1,0,0,0,0,0,1,0,0,"- ","- ",34.442230000000002,-119.60816,"SANTA BARBARA",UNINCORPORATED,-119.60841531,34.442293530000001
6632199,2014,2016-05-03,9755,2014-09-06,1210,016058,,6,1,9,4200,0,1,3,,1,042,"RT 154","RT 101",5280.00,E,N,A,-,Y,SB,5,154,-,-,1.060,H,-,W,Y,2,0,1,1,A,-,08,22107,,N,F,A,A,A,H,-,A,D,0,,,Y,,Y,,C,02,1,0,0,0,0,0,0,0,1,"- ","- ",34.676099999999998,-120.1323,"SANTA BARBARA",UNINCORPORATED,-120.13913083,34.680944879999998
6638251,2014,2016-05-09,9760,2014-09-05,0620,017603,,5,1,9,4200,0,1,2,,1,030,"RT 101","GLENN ANNIE RD",2640.00,N,N,A,-,Y,SB,5,101,-,-,25.400,H,-,S,Y,2,0,2,2,A,-,08,22107,,N,D,C,A,A,H,-,B,D,1,,,,,Y,,A,01,1,0,1,0,0,0,0,0,0,"- ","- ",34.434150000000002,-119.87029,"SANTA BARBARA",UNINCORPORATED,-119.881682,34.432429519999999
6641507,2014,2014-11-12,4204,2014-09-10,1437,90081,58,3,5,5,4204,0,0,0,,0,003,STOWELL,MILLER,127.00,E,N,A,-,N,,,,,,,,,,Y,2,0,4,5,A,-,03,22350,,N,C,C,A,A,H,-,A,A,0,,,,Y,Y,,G,27,1,1,2,0,0,0,0,0,0,"- ","- ",,,"SANTA BARBARA","SANTA MARIA",-120.43117646,34.938473950000002
6646722,2014,2015-01-22,4203,2014-09-25,1128,2661,,4,5,5,4203,0,0,0,,0,004,"CHAPALA ST","CARRILLO ST",0.00,,Y,A,-,N,,,,,,,,,,N,2,0,1,2,A,-,"- ",,,N,G,-,D,A,H,-,A,A,0,Y,,,,Y,,N,60,1,0,0,0,1,0,0,0,0,"- ","- ",34.251100000000001,-119.4211,"SANTA BARBARA","SANTA BARBARA",-119.70296994,34.420450109999997
6650315,2014,2014-10-27,4204,2014-09-02,2103,90272,060,2,5,5,4204,0,0,0,,0,003,"W STOWELL RD",WESTERN,0.00,,Y,A,-,N,,,,,,,,,,Y,2,0,2,4,A,-,01,23153,B,F,B,E,A,A,H,-,A,D,0,,,,,Y,Y,A,01,1,1,0,0,0,0,0,0,0,"- ","- ",,,"SANTA BARBARA","SANTA MARIA",-120.4495799,34.938720109999998
6657229,2014,2016-05-04,9755,2014-09-20,2500,016999,,6,4,9,4200,0,1,3,,1,051,"RT 1","RT 101",35429.00,N,N,A,-,Y,SB,5,1,-,-,6.710,H,-,N,Y,2,0,1,1,A,-,08,22107,,N,E,I,A,A,H,-,D,D,0,,,,,Y,,A,01,1,0,0,0,0,0,0,0,0,"- ","- ",34.523699999999998,-120.30177,"SANTA BARBARA",UNINCORPORATED,-120.31336244000001,34.519102269999998
6664582,2014,2014-12-15,4203,2014-10-02,2315,6969,,4,5,5,4203,0,0,0,,0,003,"GUTIERREZ ST","SANTA BARBARA ST",171.00,E,N,A,-,N,,,,,,,,,,N,2,0,1,1,A,-,03,22350,,N,F,A,A,A,H,-,E,D,0,,Y,,,Y,Y,L,04,1,0,0,0,0,0,1,0,0,"- ","- ",,,"SANTA BARBARA","SANTA BARBARA",-119.69156919,34.418334819999998
6666809,2014,2014-11-17,4204,2014-10-01,1936,21338,043,3,5,5,4204,0,0,0,,0,002,BROADWAY,ORANGE,187.00,N,N,A,-,Y,,,,,,,,,,N,2,0,1,2,A,-,11,21954,A,N,G,B,D,A,H,-,C,A,0,Y,,,,Y,,N,60,1,0,0,0,1,0,0,0,0,"- ","- ",,,"SANTA BARBARA","SANTA MARIA",,
6668807,2014,2014-12-15,9760,2014-10-01,1215,12518,,3,1,9,4200,0,3,5,,2,002,"OLD SAN MARCOS RD","TWIN RIDGE RD",6864.00,N,N,A,-,N,,,,,,,,,,Y,2,0,2,2,A,-,17,21662,A,N,H,G,A,A,H,-,A,D,0,,Y,Y,,Y,,L,04,1,1,0,0,0,0,1,0,1,"- ","- ",34.284500000000001,-119.47499999999999,"SANTA BARBARA",UNINCORPORATED,-119.79703548000001,34.479205489999998
6669966,2014,2014-12-19,4203,2014-10-18,1713,1278,,6,5,5,4203,0,0,0,,0,006,"CARRILLO ST","MIRAMONTE DR",0.00,,Y,A,-,N,,,,,,,,,,N,2,0,1,2,A,-,09,21801,A,N,D,G,A,A,H,-,A,D,0,,Y,,,Y,,-,,1,0,0,0,0,0,1,0,0,"- ","- ",34.243499999999997,-119.43035999999999,"SANTA BARBARA","SANTA BARBARA",-119.71771999000001,34.409730009999997
6674897,2014,2014-12-19,4200,2014-10-01,1725,3116,14,3,5,4,4214,0,0,0,,0,060,"HOLLISTER AV","ORANGE AV",0.00,,Y,A,-,N,,,,,,,,,,Y,2,0,1,2,A,-,09,21802,A,N,D,C,A,A,H,-,A,A,0,,,Y,,Y,,A,01,1,0,0,0,0,0,0,0,1,"- ","- ",,,"SANTA BARBARA",GOLETA,-119.82905995,34.436000020000002
6678251,2014,2014-10-31,9755,2014-08-14,1327,13618,,4,1,9,4200,0,1,3,,1,053,"RT 246","CAMPBELL RD",985.00,W,N,A,-,Y,SB,5,246,-,R,18.030,H,-,E,Y,1,1,1,2,A,-,08,22107,,N,A,C,A,A,H,-,A,D,0,,,,,Y,,A,01,1,0,0,0,0,0,0,0,0,"- ","- ",34.663359999999997,-120.32953999999999,"SANTA BARBARA",UNINCORPORATED,-120.31662132,34.653941420000002
6678282,2014,2014-11-03,9755,2014-09-06,1325,16058,,6,1,9,4200,0,1,3,,1,042,"RT 154","FOXEN CANYON RD",4224.00,W,N,A,-,Y,SB,5,154,-,-,1.590,H,-,E,Y,1,2,2,3,A,-,05,21460,A,N,A,C,A,A,H,-,A,D,0,,,,,Y,,A,01,2,0,0,0,0,0,0,0,0,"- ","- ",34.675600000000003,-120.13148,"SANTA BARBARA",UNINCORPORATED,-120.13229352,34.67606988
6679461,2014,2015-01-09,4200,2014-09-29,2140,2887,14,1,5,4,4214,0,0,0,,0,050,"LA GOLETA RD","PASEO PALMILLO",45.00,E,N,A,-,N,,,,,,,,,,Y,2,0,1,1,A,-,01,23152,A,N,E,I,A,A,H,-,C,D,0,,,,,Y,Y,A,01,1,0,0,0,0,0,0,0,0,"- ","- ",,,"SANTA BARBARA",GOLETA,-119.83412761,34.45320701
6689339,2014,2014-12-04,9750,2014-10-18,2335,017379,,6,3,9,4200,0,1,3,,1,021,"RT 135","RICE RANCH RD",528.00,S,N,A,-,Y,,,135,,,,,,,Y,2,0,1,1,A,-,01,23152,A,N,E,I,A,A,H,-,D,D,0,,,,,Y,Y,D,22,1,0,0,0,0,0,0,0,0,"- ","- ",34.857959999999999,-120.44208999999999,"SANTA BARBARA",UNINCORPORATED,-120.44209336,34.858009850000002
6703442,2014,2015-01-08,4203,2014-11-12,2239,1436,,3,5,5,4203,0,0,0,,0,001,"ALAMEDA PADRE SERRA","LAS ALTURAS RD",225.00,N,N,A,-,N,,,,,,,,,,Y,2,0,2,1,A,-,01,23152,,N,F,I,A,A,H,-,C,A,0,,,,,Y,Y,-,,1,0,1,0,0,0,0,0,0,"- ","- ",34.260100000000001,-119.40560000000001,"SANTA BARBARA","SANTA BARBARA",-119.68239191000001,34.433802980000003
6709989,2014,2015-01-12,4204,2014-11-03,2252,22104,68,1,5,5,4204,0,0,0,,0,003,MILLER,"ENOS DR",0.00,,Y,A,-,N,,,,,,,,,,Y,2,0,3,2,A,-,01,23153,B,F,D,C,A,A,H,-,C,A,0,,,,,Y,Y,A,01,1,1,1,0,0,0,0,0,0,"- ","- ",,,"SANTA BARBARA","SANTA MARIA",-120.43162998,34.934060070000001
6718145,2014,2015-03-11,9760,2014-09-08,0148,19464,,1,3,3,4205,0,1,2,,2,010,"RT 101","BATES RD",739.00,N,N,B,-,Y,SB,5,101,-,R,0.140,H,-,N,Y,1,1,1,2,A,-,01,23152,A,N,C,C,A,A,H,-,C,A,1,,,,,Y,Y,D,22,0,1,0,0,0,0,0,0,0,"- ","- ",34.377600000000001,-119.47977,"SANTA BARBARA",CARPINTERIA,-119.47980690999999,34.377656170000002
6718196,2014,2015-03-10,9760,2014-12-06,0005,19446,,6,3,9,4200,0,3,5,,2,001,"GOBERNADOR CANYON RD","RT 192",6864.00,E,N,A,-,N,,,,,,,,,,Y,1,1,0,1,A,-,01,23152,A,N,E,I,A,A,H,-,D,D,0,,,,,Y,Y,D,22,0,0,0,0,0,0,0,0,0,"- ","- ",34.407119999999999,-119.46525,"SANTA BARBARA",UNINCORPORATED,,
6718217,2014,2015-03-13,9750,2014-12-31,2228,18009,,3,3,5,4204,0,1,2,,2,001,"RT 101","RT 135",1056.00,N,N,A,-,Y,SB,5,101,-,-,90.950,H,-,S,N,1,1,0,7,A,-,11,21954,A,N,G,B,E,A,H,-,C,D,0,Y,,,,Y,,N,60,0,0,0,1,0,0,0,0,0,"- ","- ",34.984090000000002,-120.43288,"SANTA BARBARA","SANTA MARIA",-120.43279932,34.984141360000002
6718321,2015,2017-04-04,9755,2015-01-13,0749,14934,,2,1,9,4200,0,1,2,,2,004,"RT 101","ALISAL RD",528.00,S,N,A,-,Y,SB,5,101,-,R,51.020,H,-,N,Y,1,1,0,1,A,-,07,21658,A,N,E,I,A,A,H,-,A,D,1,,,,Y,Y,,F,26,0,0,0,0,0,0,0,0,0,"- ","- ",34.527439999999999,-120.19738,"SANTA BARBARA",UNINCORPORATED,-120.19753741,34.527158710000002
6718671,2017,2019-04-08,4202,2017-11-17,2125,292,,5,5,4,4202,0,0,0,,0,,"RT 1","CENTRAL AV",1078.00,N,N,A,-,Y,SB,5,1,-,-,22.270,H,-,N,Y,1,1,0,2,A,-,11,21954,A,N,A,B,D,A,H,-,C,A,0,Y,,,,Y,Y,N,60,0,0,0,1,0,0,0,0,0,"- ","- ",,,"SANTA BARBARA",LOMPOC,-120.4576701,34.663712590000003
6723850,2014,2015-01-16,4203,2014-11-20,1244,2681,,4,5,5,4203,0,0,0,,0,005,"DE LA VINA ST","ALAMAR AV",0.00,,Y,A,-,N,,,,,,,,,,N,2,0,2,3,A,-,12,21453,A,N,D,G,A,A,H,-,A,A,0,,Y,,,Y,,L,04,1,0,1,0,0,0,2,0,0,"- ","- ",34.265000000000001,-119.4331,"SANTA BARBARA","SANTA BARBARA",-119.72511987,34.435440079999999
6737464,2014,2015-01-20,4203,2014-11-23,0207,7570,53,7,5,5,4203,0,0,0,,0,005,"STATE ST","ONTARE ST",172.00,E,N,A,-,N,,,,,,,,,,Y,2,0,2,1,A,-,08,22107,,N,E,I,A,A,H,-,C,D,0,,,,,Y,Y,A,01,1,0,1,0,0,0,0,0,0,"- ","- ",34.440440000000002,-119.73900999999999,"SANTA BARBARA","SANTA BARBARA",-119.73952011,34.44041
6739501,2014,2015-01-22,4204,2014-11-03,2247,18261,59,1,5,5,4204,0,0,0,,0,002,"STOWELL RD","COLLEGE DR",125.00,E,N,A,-,N,,,,,,,,,,Y,2,0,2,2,A,-,01,23153,A,N,C,C,A,A,H,-,C,A,0,,,,,Y,Y,A,07,1,0,1,0,0,0,0,0,0,"- ","- ",,,"SANTA BARBARA","SANTA MARIA",-120.42446316,34.938382689999997
6753996,2014,2016-02-17,4203,2014-12-24,1828,6973,,3,5,5,4203,0,0,0,,0,006,"WEST CARRILLO ST","RT 101",262.00,W,N,A,-,N,,,,,,,,,,N,2,0,1,2,A,-,07,21658,A,N,B,G,A,A,H,-,C,D,0,,Y,,,Y,,L,04,1,0,0,0,0,0,1,0,0,"- ","- ",34.415770000000002,-119.70809,"SANTA BARBARA","SANTA BARBARA",-119.70795886000001,34.415784909999999
6758664,2014,2015-02-10,4203,2014-12-03,1723,5751,3,3,5,5,4203,0,0,0,,0,003,"SANTA BARBARA ST","E CANON PERDIDO ST",0.00,,Y,A,-,N,,,,,,,,,,N,2,0,1,2,A,-,12,21453,A,N,D,C,A,-,H,-,A,-,0,,,,,Y,,-,"- ",1,0,0,0,0,0,0,0,0,"- ","- ",34.252099999999999,-119.4153,"SANTA BARBARA","SANTA BARBARA",-119.69829989,34.422650009999998
6764183,2014,2015-02-02,9760,2014-12-01,1320,15658,,1,1,9,4200,0,1,3,,1,022,"RT 154","WEST CAMINO CIELO",450.00,W,N,B,-,Y,,,154,,,,,,,Y,2,0,1,1,C,-,18,,,N,E,I,A,A,H,-,A,D,0,,,,,Y,,-,"- ",1,0,0,0,0,0,0,0,0,"- ","- ",34.50506,-119.81442,"SANTA BARBARA",UNINCORPORATED,-119.81439640000001,34.505142290000002
6768702,2014,2016-06-22,9760,2014-12-26,0851,020528,,5,1,9,4200,0,1,2,,2,010,"RT 101","NORTH PADARO LN",443.00,S,N,B,-,Y,SB,5,101,-,R,7.060,H,-,S,Y,2,0,1,1,A,-,08,22107,,N,E,I,A,A,H,-,A,D,1,,,,,Y,,D,22,1,0,0,0,0,0,0,0,0,"- ","- ",34.416089999999997,-119.58046,"SANTA BARBARA",UNINCORPORATED,-119.5812797,34.416238290000003
6781334,2015,2015-02-18,4203,2015-01-15,1200,6700,44,4,5,5,4203,0,0,0,,0,003,"COTA ST","THOMPSON AV",100.00,E,N,A,-,N,,,,,,,,,,N,2,0,1,2,A,-,17,22517,,N,E,G,A,A,H,-,A,D,0,,Y,,,Y,,A,01,1,0,0,0,0,0,1,0,0,"- ","- ",34.25667,-119.41457,"SANTA BARBARA","SANTA BARBARA",,
6781831,2015,2015-05-07,4203,2015-01-20,1213,3197,,2,5,5,4203,0,0,0,,0,001,"S MILPAS ST","CARPINTERIA ST",0.00,,Y,A,-,N,,,,,,,,,,Y,2,0,1,1,B,-,22,,,N,A,I,A,A,H,-,A,A,0,,,,,Y,,-,"- ",1,0,0,0,0,0,0,0,0,"- ","- ",34.251399999999997,-119.40389999999999,"SANTA BARBARA","SANTA BARBARA",-119.67739,34.420689000000003
6790110,2015,2016-10-28,9750,2015-01-08,2107,018009,,4,2,5,4204,0,1,2,,2,001,"RT 101","STOWELL RD",1056.00,S,N,A,-,Y,SB,5,101,-,-,87.400,H,-,S,N,2,0,1,2,A,-,11,21954,A,N,G,B,E,A,H,-,C,D,0,Y,,,,Y,,N,60,1,0,0,0,1,0,0,0,0,"- ","- ",34.935099999999998,-120.41785,"SANTA BARBARA","SANTA MARIA",-120.41794336,34.935386719999997
6824875,2015,2016-10-28,9755,2015-01-26,2157,17967,,1,2,9,4200,0,1,2,,2,004,"RT 101","SANTA ROSA RD",6864.00,S,N,C,-,Y,SB,5,101,-,-,55.160,H,-,N,Y,2,0,3,3,C,-,18,,,N,B,C,A,B,G,-,D,D,1,,,,,Y,,-,"- ",1,0,2,0,0,0,0,0,0,"- ","- ",34.583930000000002,-120.19315,"SANTA BARBARA",UNINCORPORATED,-120.19233344,34.585023980000003
6827812,2015,2015-03-23,4204,2015-03-02,2139,90273,80,1,5,5,4204,0,0,0,,0,003,"SKYWAY DR","BETTERAVIA RD",0.00,,Y,A,-,N,,,,,,,,,,Y,2,0,3,2,A,-,01,23153,A,N,D,C,A,A,H,-,C,A,0,,,,,Y,Y,D,22,1,1,1,0,0,0,0,0,0,"- ","- ",,,"SANTA BARBARA","SANTA MARIA",-120.45408988,34.920630109999998
6828931,2015,2015-03-16,4204,2015-02-15,0047,90026,35,7,5,5,4204,0,0,0,,0,002,MILL,SCHOOL,116.00,W,N,A,-,N,,,,,,,,,,Y,2,0,3,5,A,-,08,22107,,F,A,E,A,A,H,-,C,D,0,,,,,Y,,A,01,2,0,1,0,0,0,0,0,0,"- ","- ",,,"SANTA BARBARA","SANTA MARIA",-120.43042693,34.955335529999999
6835103,2015,2015-03-12,4203,2015-02-16,1708,7570,,1,5,5,4203,0,0,0,,0,006,"SAN ANDRES ST","W SOLA ST",0.00,,Y,B,-,N,,,,,,,,,,N,2,0,1,2,A,-,11,21950,B,N,G,B,D,A,H,-,A,D,0,Y,,,,Y,,N,60,1,0,0,0,1,0,0,0,0,"- ","- ",34.418039999999998,-119.7148,"SANTA BARBARA","SANTA BARBARA",-119.71489991999999,34.417820079999998
6843558,2014,2015-03-25,9760,2014-10-19,2030,18995,,7,2,9,4200,0,3,5,,2,005,"EL COLEGIO RD","EMBARCADERO DEL NORTE",0.00,,Y,A,-,N,,,,,,,,,,N,2,0,1,2,A,-,05,21650,,N,D,G,A,A,H,-,C,A,0,,Y,,,Y,,L,04,1,0,0,0,0,0,1,0,0,"- ","- ",34.41733,-119.85871,"SANTA BARBARA",UNINCORPORATED,-119.85535998,34.417390089999998
6846043,2015,2016-10-28,9750,2015-03-05,0400,015514,,4,3,5,4204,0,1,2,,2,001,"RT 101","MAIN ST",1056.00,N,N,A,-,Y,SB,5,101,-,-,88.800,H,-,S,Y,2,0,2,1,A,-,01,23152,A,N,E,I,A,A,H,-,D,D,0,,,,,Y,Y,A,01,1,1,0,0,0,0,0,0,0,"- ","- ",34.95776,-120.41777999999999,"SANTA BARBARA","SANTA MARIA",-120.41737422,34.9556921
6847166,2014,2015-04-08,9760,2014-12-04,1533,018490,,4,2,9,4200,0,3,5,,2,001,"SAN YSIDRO RD","LA VEREDA RD",0.00,,Y,A,-,N,,,,,,,,,,N,2,0,1,2,A,-,09,21802,A,N,D,G,A,A,H,-,A,A,0,,Y,,,Y,,A,07,1,0,0,0,0,0,1,0,0,"- ","- ",34.425040000000003,-119.63164999999999,"SANTA BARBARA",UNINCORPORATED,-119.6315599,34.425080059999999
6847806,2015,2015-03-23,4203,2015-03-10,1358,2661,,2,5,5,4203,0,0,0,,0,006,"MODOC RD","VISTA DEL MONTE RETIREMENT COMMUNITY EAST DRIVEWAY",215.00,W,N,A,-,N,,,,,,,,,,N,2,0,1,2,A,-,17,21209,A,N,C,G,A,A,H,-,A,D,0,,Y,,,Y,,-,,1,0,0,0,0,0,1,0,0,"- ","- ",34.255299999999998,-119.44459999999999,"SANTA BARBARA","SANTA BARBARA",,
6854075,2015,2015-03-27,9755,2015-02-22,2000,17378,,7,2,9,4200,0,1,2,,2,004,"RT 101","RT 1",6336.00,S,N,B,C,Y,SB,5,101,-,-,47.750,H,-,N,Y,1,1,1,1,A,-,03,22350,,N,F,A,A,B,H,-,C,D,1,,,,,Y,,D,22,0,1,0,0,0,0,0,0,0,"- ","- ",34.494700000000002,-120.22969999999999,"SANTA BARBARA",UNINCORPORATED,-120.22962556,34.494653820000003
6854609,2015,2015-05-15,9750,2015-02-22,2038,16874,,7,2,9,4200,0,1,2,,2,002,"RT 101","SOLOMON SUMMIT",2112.00,S,N,B,C,Y,SB,5,101,-,-,78.220,H,-,N,Y,1,1,1,1,A,-,01,23152,A,N,F,A,A,B,H,-,D,D,1,,,,,Y,Y,A,07,1,0,0,0,0,0,0,0,0,"- ","- ",34.820700000000002,-120.35330999999999,"SANTA BARBARA",UNINCORPORATED,-120.35310155000001,34.82044294
6854764,2015,2015-07-16,9750,2015-06-20,2324,17379,,6,3,9,4200,0,3,5,,2,020,"BLACK RD","TANGLEWOOD DR",7.00,N,N,A,-,N,,,,,,,,,,Y,1,1,0,2,A,-,09,21801,A,N,D,C,A,A,H,-,C,D,0,,,Y,,Y,,D,22,0,0,0,0,0,0,0,1,0,"- ","- ",34.899389999999997,-120.49039,"SANTA BARBARA",UNINCORPORATED,-120.49041972000001,34.899409230000003
6855783,2015,2016-04-06,9755,2015-03-18,1545,016058,,3,2,9,4200,0,3,5,,2,050,"OCEAN AV","FLORADALE AV",0.00,,Y,B,-,N,,,,,,,,,,Y,1,1,0,2,A,-,05,21752,D,N,C,C,A,A,H,-,A,D,0,,,Y,,Y,,C,02,0,0,0,0,0,0,0,1,0,"- ","- ",34.639859999999999,-120.49311,"SANTA BARBARA",UNINCORPORATED,-120.49315996,34.63988003
6855784,2015,2016-09-16,9755,2015-03-04,1930,018264,,3,2,9,4200,0,1,3,,1,055,"RT 1","SANTA LUCIA CANYON RD",1056.00,N,N,A,-,Y,SB,5,1,-,-,22.800,H,-,S,N,2,0,1,2,A,-,00,21760,B,N,C,G,A,A,H,-,D,D,0,,Y,,,Y,,A,01,1,0,0,0,0,0,1,0,0,"- ","- ",34.716859999999997,-120.48974,"SANTA BARBARA",UNINCORPORATED,-120.45764543,34.671378429999997
6866776,2015,2015-05-20,9755,2015-03-26,1856,12436,,4,2,9,4200,0,1,3,,2,041,"RT 246","REFUGIO RD",36.00,W,N,A,-,Y,SB,5,246,-,-,32.110,H,-,W,N,1,1,0,2,A,-,11,21456,B,N,G,B,D,A,H,-,A,A,0,Y,,,,Y,,N,60,0,0,0,1,0,0,0,0,0,"- ","- ",34.606699999999996,-120.09842,"SANTA BARBARA",UNINCORPORATED,-120.09833527000001,34.60661941
6871351,2015,2017-01-09,9750,2015-04-06,1320,015915,,1,1,9,4200,0,1,3,,1,062,"RT 166","SIERRA MADRE RD",7920.00,W,N,A,-,Y,SB,5,166,-,R,33.010,H,-,E,Y,2,0,1,1,A,-,08,22107,,N,E,I,A,A,H,-,A,D,0,,,,Y,Y,,F,27,1,0,0,0,0,0,0,0,0,"- ","- ",35.102110000000003,-120.11190000000001,"SANTA BARBARA",UNINCORPORATED,-120.11278924,35.102197750000002
6875915,2015,2015-04-14,9750,2015-03-23,1350,12697,,1,1,9,4200,0,3,5,,2,020,"ATHERLY LN","DOWNING LN",91.00,N,N,A,-,N,,,,,,,,,,N,2,0,1,2,A,-,03,22350,,N,C,E,A,A,H,-,A,D,0,,,Y,,Y,Y,C,03,1,0,0,0,0,0,0,0,1,"- ","- ",34.902450000000002,-120.43044,"SANTA BARBARA",UNINCORPORATED,-120.43048438,34.902377260000002
6887605,2015,2016-09-13,4204,2015-03-16,1646,90271,,1,5,5,4204,0,0,0,,0,003,"STOWELL RD",BROADWAY,0.00,,Y,A,-,Y,SB,5,135,-,-,14.780,I,6,N,Y,2,0,2,5,A,-,08,22107,,N,A,C,A,A,H,-,A,A,0,,,,Y,Y,,A,01,1,0,1,0,0,0,0,0,0,"- ","- ",,,"SANTA BARBARA","SANTA MARIA",-120.43594766,34.938498330000002
6894715,2015,2017-01-05,9750,2015-04-06,0110,017267,,1,3,9,4200,0,1,2,,2,002,"RT 101","CLARK AV",15312.00,S,N,B,-,Y,SB,5,101,-,-,79.280,H,-,N,Y,2,0,2,1,A,-,01,23152,A,N,E,I,A,A,H,-,D,D,1,,,,,Y,Y,A,01,2,0,0,0,0,0,0,0,0,"- ","- ",34.831130000000002,-120.36557000000001,"SANTA BARBARA",UNINCORPORATED,-120.36589771,34.831426620000002
6895811,2015,2015-05-15,4202,2015-04-10,0819,239,,5,5,4,4202,0,0,0,,0,008,"COLLEGE AV","LUPINE ST",0.00,,Y,A,-,N,,,,,,,,,,N,2,0,1,2,A,-,11,21954,A,N,G,B,B,A,H,-,A,A,0,Y,,,,Y,,N,60,1,0,0,0,1,0,0,0,0,"- ","- ",,,"SANTA BARBARA",LOMPOC,-120.44413994,34.646900029999998