CASE_ID,ACCIDENT_YEAR,PROC_DATE,JURIS,COLLISION_DATE,COLLISION_TIME,OFFICER_ID,REPORTING_DISTRICT,DAY_OF_WEEK,CHP_SHIFT,POPULATION,CNTY_CITY_LOC,SPECIAL_COND,BEAT_TYPE,CHP_BEAT_TYPE,CITY_DIVISION_LAPD,CHP_BEAT_CLASS,BEAT_NUMBER,PRIMARY_RD,SECONDARY_RD,DISTANCE,DIRECTION,INTERSECTION,WEATHER_1,WEATHER_2,STATE_HWY_IND,CALTRANS_COUNTY,CALTRANS_DISTRICT,STATE_ROUTE,ROUTE_SUFFIX,POSTMILE_PREFIX,POSTMILE,LOCATION_TYPE,RAMP_INTERSECTION,SIDE_OF_HWY,TOW_AWAY,COLLISION_SEVERITY,NUMBER_KILLED,NUMBER_INJURED,PARTY_COUNT,PRIMARY_COLL_FACTOR,PCF_CODE_OF_VIOL,PCF_VIOL_CATEGORY,PCF_VIOLATION,PCF_VIOL_SUBSECTION,HIT_AND_RUN,TYPE_OF_COLLISION,MVIW,PED_ACTION,ROAD_SURFACE,ROAD_COND_1,ROAD_COND_2,LIGHTING,CONTROL_DEVICE,CHP_ROAD_TYPE,PEDESTRIAN_ACCIDENT,BICYCLE_ACCIDENT,MOTORCYCLE_ACCIDENT,TRUCK_ACCIDENT,NOT_PRIVATE_PROPERTY,ALCOHOL_INVOLVED,STWD_VEHTYPE_AT_FAULT,CHP_VEHTYPE_AT_FAULT,COUNT_SEVERE_INJ,COUNT_VISIBLE_INJ,COUNT_COMPLAINT_PAIN,COUNT_PED_KILLED,COUNT_PED_INJURED,COUNT_BICYCLIST_KILLED,COUNT_BICYCLIST_INJURED,COUNT_MC_KILLED,COUNT_MC_INJURED,PRIMARY_RAMP,SECONDARY_RAMP,LATITUDE,LONGITUDE,COUNTY,CITY,POINT_X,POINT_Y
6913834,2015,2017-01-05,9750,2015-04-29,1120,16170,,3,1,5,4204,0,1,2,,2,001,"RT 101","MAIN ST",1584.00,N,N,A,-,Y,SB,5,101,-,-,88.900,H,-,N,Y,2,0,1,1,A,-,08,22107,,N,E,I,A,A,H,-,A,D,0,,,,,Y,,A,07,1,0,0,0,0,0,0,0,0,"- ","- ",34.958759999999998,-120.41776,"SANTA BARBARA","SANTA MARIA",-120.41737608,34.957133069999998
6917697,2015,2016-09-13,9760,2015-03-28,1835,20528,,6,2,9,4200,0,1,3,,1,022,"RT 154","SAN ANTONIO CREEK RD",4224.00,W,N,A,-,Y,SB,5,154,-,-,29.160,H,-,W,Y,2,0,1,1,A,-,01,23152,A,N,E,I,A,A,H,-,A,D,0,,,,,Y,Y,A,07,1,0,0,0,0,0,0,0,0,"- ","- ",34.476349999999996,-119.76967999999999,"SANTA BARBARA",UNINCORPORATED,-119.77072445,34.476107140000003
6924862,2015,2015-06-03,4204,2015-05-23,1956,90365,11,6,5,5,4204,0,0,0,,0,001,"DONOVAN RD","CARLOTTI DR",203.00,E,N,A,-,N,,,,,,,,,,N,2,0,1,2,A,-,09,21804,A,N,D,G,A,A,H,-,A,D,0,,Y,,,Y,Y,L,04,1,0,0,0,0,0,1,0,0,"- ","- ",,,"SANTA BARBARA","SANTA MARIA",-120.42002282999999,34.96763
6947919,2015,2015-06-23,9760,2015-05-18,1600,018995,,1,2,9,4200,0,3,5,,2,002,"VIEJA DR","MOCKINGBIRD LN",306.00,S,N,A,-,N,,,,,,,,,,N,2,0,1,2,A,-,11,21954,A,N,G,B,E,A,H,-,A,D,0,Y,,,,Y,,N,60,1,0,0,0,1,0,0,0,0,"- ","- ",34.42801,-119.78816999999999,"SANTA BARBARA",UNINCORPORATED,-119.78853218,34.427916420000003
6954980,2015,2015-07-10,4203,2015-06-07,0046,6377,,7,5,5,4203,0,0,0,,0,003,"COTA ST","ANACAPA ST",56.00,W,N,-,-,N,,,,,,,,,,N,2,0,1,2,D,-,00,,,F,A,B,D,A,H,-,C,D,0,Y,,,,Y,Y,-,"- ",1,0,0,0,1,0,0,0,0,"- ","- ",34.250500000000002,-119.41459999999999,"SANTA BARBARA","SANTA BARBARA",-119.69574174,34.418743970000001
6964131,2015,2015-06-26,4202,2015-05-29,1552,239,LOMPO,5,5,4,4202,0,0,0,,0,009,"MAPLE AV","T ST",0.00,E,N,A,-,N,,,,,,,,,,Y,2,0,2,2,A,-,01,23152,E,N,H,J,A,A,H,-,A,D,0,,,,,Y,,D,22,2,0,0,0,0,0,0,0,0,"- ","- ",,,"SANTA BARBARA",LOMPOC,-120.47301991,34.645540060000002
6969034,2015,2017-01-05,4203,2015-06-17,1451,6110,,3,5,5,4203,0,0,0,,0,006,"MISSION ST","RT 101",0.00,,Y,A,-,Y,SB,5,101,-,R,15.640,R,4,S,N,2,0,1,2,A,-,08,22107,,N,D,G,A,A,H,-,A,A,0,,Y,,,Y,,-,,1,0,0,0,0,0,1,0,0,"- ","- ",34.425060000000002,-119.7206,"SANTA BARBARA","SANTA BARBARA",-119.71896595,34.42443205
6976548,2015,2015-07-06,4203,2015-05-23,1841,5751,,6,5,5,4203,0,0,0,,0,004,"STATE ST","MISSION ST",0.00,,Y,A,-,N,,,,,,,,,,Y,2,0,3,2,A,-,09,21801,A,N,A,C,A,A,H,-,A,A,0,,,,,Y,Y,-,,1,0,2,0,0,0,0,0,0,"- ","- ",34.255000000000003,-119.4252,"SANTA BARBARA","SANTA BARBARA",-119.71470997,34.430830010000001
6976744,2015,2015-07-13,9750,2015-06-25,0545,13267,,4,3,9,4200,0,3,5,,2,010,"BETTERAVIA RD","SINTON RD",2640.00,W,N,B,-,N,,,,,,,,,,Y,2,0,3,1,A,-,03,22350,,N,F,A,A,A,H,-,A,D,0,,,,,Y,,A,01,1,0,2,0,0,0,0,0,0,"- ","- ",34.921349999999997,-120.52634,"SANTA BARBARA",UNINCORPORATED,-120.52270138,34.920690110000002
6976965,2015,2015-07-11,4203,2015-06-25,2246,7189,,4,5,5,4203,0,0,0,,0,005,"SAN ROQUE RD","FOOTHILL RD",180.00,N,N,A,-,N,,,,,,,,,,Y,2,0,1,1,A,-,01,23152,,N,-,J,A,A,H,-,C,D,0,,,,,Y,Y,A,07,1,0,0,0,0,0,0,0,0,"- ","- ",34.265929999999997,-119.43595000000001,"SANTA BARBARA","SANTA BARBARA",-119.73321957,34.44983345
6991383,2015,2017-01-12,9760,2015-07-02,1717,019831,,4,2,5,4203,0,1,2,,2,011,"RT 101","CASTILLO ST",314.00,S,N,A,-,Y,SB,5,101,-,R,14.130,H,-,S,Y,2,0,1,3,A,-,03,22350,,N,B,C,A,A,H,-,A,D,1,,,Y,,Y,,C,02,1,0,0,0,0,0,0,0,1,"- ","- ",34.413359999999997,-119.69503,"SANTA BARBARA","SANTA BARBARA",-119.69792181,34.412283420000001
6997049,2015,2015-08-10,4204,2015-06-17,2259,18261,36,3,5,5,4204,0,0,0,,0,002,"COLLEGE DR",CHAPEL,7.00,S,N,A,-,N,,,,,,,,,,Y,2,0,1,2,A,-,11,21950,B,N,G,B,B,A,H,-,C,A,0,Y,,,,Y,Y,N,60,1,0,0,0,1,0,0,0,0,"- ","- ",,,"SANTA BARBARA","SANTA MARIA",-120.42481033999999,34.954240769999998
7003266,2015,2017-01-12,9755,2015-07-12,0246,018514,,7,3,9,4200,0,1,2,,2,004,"RT 101","OLD COAST HWY",5808.00,S,N,A,-,Y,SB,5,101,-,R,51.170,H,-,N,Y,2,0,1,1,A,-,07,21658,A,N,E,I,A,A,H,-,D,D,1,,,,,Y,,A,01,1,0,0,0,0,0,0,0,0,"- ","- ",34.529319999999998,-120.19643000000001,"SANTA BARBARA",UNINCORPORATED,-120.19649535000001,34.52939662
7006148,2015,2017-04-06,4200,2015-06-20,2352,3077,14,6,5,4,4214,0,0,0,,0,080,"HOLLISTER AV","LAS ARMAS RD",125.00,W,N,A,-,N,,,,,,,,,,Y,1,1,0,1,A,-,01,23152,A,N,E,I,A,A,H,-,C,D,0,,,,,Y,Y,A,01,0,0,0,0,0,0,0,0,0,"- ","- ",,,"SANTA BARBARA",GOLETA,-119.90088718,34.429713120000002
7006431,2015,2016-01-26,4203,2015-11-23,1835,4735,,1,5,5,4203,0,0,0,,0,003,"ANACAPA ST","SOLA ST",35.00,S,N,A,-,N,,,,,,,,,,N,1,1,0,2,A,-,11,21954,A,N,G,B,D,A,H,-,C,D,0,Y,,,,Y,,N,60,0,0,0,1,0,0,0,0,0,"- ","- ",34.42624,-119.7058,"SANTA BARBARA","SANTA BARBARA",-119.70573216,34.426247259999997
7012143,2015,2015-08-07,4203,2015-07-16,1359,2661,62,4,5,5,4203,0,0,0,,0,001,"MILPAS ST","MONTECITO ST",227.00,N,N,A,-,N,,,,,,,,,,N,2,0,1,2,A,-,00,22517,R,N,B,G,A,A,H,-,A,D,0,,Y,,,Y,,-,,1,0,0,0,0,0,1,0,0,"- ","- ",34.424399999999999,-119.68380000000001,"SANTA BARBARA","SANTA BARBARA",-119.68336554,34.42488007
7015630,2015,2015-08-12,4204,2015-06-18,2037,18261,32,4,5,5,4204,0,0,0,,0,002,COOK,THORNBURG,0.00,,Y,A,-,N,,,,,,,,,,Y,2,0,2,3,A,-,11,21950,B,N,G,B,B,A,H,-,C,A,0,Y,,,,Y,Y,N,60,1,0,1,0,2,0,0,0,0,"- ","- ",,,"SANTA BARBARA","SANTA MARIA",-120.44039991,34.949870079999997
7041344,2015,2015-09-10,4203,2015-08-19,1256,2661,36,3,5,5,4203,0,0,0,,0,005,"LOS OLIVOS ST","CHAPALA ST",132.00,E,N,A,-,N,,,,,,,,,,N,2,0,1,1,A,-,03,22350,,N,F,A,A,A,H,-,A,D,0,,Y,,,Y,,L,04,1,0,0,0,0,0,1,0,0,"- ","- ",34.431899999999999,-119.718,"SANTA BARBARA","SANTA BARBARA",-119.71808459,34.431924639999998
7049719,2015,2015-09-15,4203,2015-08-31,0757,6700,30,1,5,5,4203,0,0,0,,0,004,"CHAPALA ST","COTA ST",0.00,,Y,A,-,N,,,,,,,,,,N,2,0,1,2,A,-,09,21801,A,N,D,C,A,A,H,-,A,A,0,,,Y,,Y,,A,07,1,0,0,0,0,0,0,0,1,"- ","- ",34.416670000000003,-119.69786999999999,"SANTA BARBARA","SANTA BARBARA",-119.69794999,34.416660020000002
7069568,2015,2015-10-03,4203,2015-09-21,1157,6700,60,1,5,5,4203,0,0,0,,0,001,"QUARANTINA ST","MONTECITO ST",0.00,,Y,B,F,N,,,,,,,,,,N,2,0,1,2,A,-,09,21802,A,N,H,G,A,A,H,-,A,A,0,,Y,,,Y,,-,"- ",1,0,0,0,0,0,1,0,0,"- ","- ",34.422370000000001,-119.68504,"SANTA BARBARA","SANTA BARBARA",-119.68502997,34.422340050000003
7072557,2015,2015-09-17,4200,2015-08-14,1032,3116,14,5,5,4,4214,0,0,0,,0,050,"CATHEDRAL OAKS RD","LOS CARNEROS RD",0.00,,Y,A,-,N,,,,,,,,,,Y,2,0,1,2,A,-,09,21801,A,N,D,C,A,A,H,-,A,A,0,,,Y,,Y,,A,01,1,0,0,0,0,0,0,0,1,"- ","- ",,,"SANTA BARBARA",GOLETA,-119.85542999,34.445959999999999
7079611,2015,2015-10-19,4204,2015-09-10,1900,90242,18,4,5,5,4204,0,0,0,,0,001,"BRADLEY RD","HARPER CT",145.00,E,N,A,-,N,,,,,,,,,,N,2,0,1,2,A,-,03,22350,,F,G,B,F,A,H,-,A,D,0,Y,,,,Y,,D,22,1,0,0,0,1,0,0,0,0,"- ","- ",34.960039999999999,-120.42336,"SANTA BARBARA","SANTA MARIA",-120.42304679,34.966210279999999
7087611,2015,2015-10-15,4202,2015-08-26,1847,239,LOMPO,3,5,4,4202,0,0,0,,0,009,"APRICOT AV","DAHLIA CT",157.00,E,N,A,-,N,,,,,,,,,,N,2,0,1,2,A,-,05,21202,A,N,H,G,A,A,H,-,A,D,0,,Y,,,Y,,L,04,1,0,0,0,0,0,1,0,0,"- ","- ",,,"SANTA BARBARA",LOMPOC,-120.46792619999999,34.640080879999999
7093332,2015,2015-10-27,4203,2015-10-08,0940,2661,15,4,5,5,4203,0,0,0,,0,006,"CLIFF DR","LOMA ALTA DR",0.00,,Y,A,-,N,,,,,,,,,,N,2,0,1,2,D,-,00,,,F,G,B,E,A,H,-,A,A,0,Y,,,,Y,Y,-,"- ",1,0,0,0,1,0,0,0,0,"- ","- ",,,"SANTA BARBARA","SANTA BARBARA",-119.7015299,34.406520049999997
7097841,2015,2015-10-20,4203,2015-10-02,1444,2661,10,5,5,5,4203,0,0,0,,0,002,"COAST VILLAGE RD","BUTTERFLY LN",0.00,,Y,A,-,N,,,,,,,,,,Y,2,0,1,2,A,-,10,21950,A,N,G,B,B,A,H,-,A,D,0,Y,,,,Y,,A,01,1,0,0,0,1,0,0,0,0,"- ","- ",34.420999999999999,-119.6481,"SANTA BARBARA","SANTA BARBARA",-119.64782993,34.421520049999998
7112546,2015,2015-11-09,4203,2015-10-23,1625,6970,,5,5,5,4203,0,0,0,,0,003,"SANTA BARBARA ST","ORTEGA ST",6.00,N,N,A,-,N,,,,,,,,,,N,2,0,2,3,A,-,10,21950,A,N,A,B,B,A,H,-,A,A,0,Y,,,,Y,,-,,1,1,0,0,2,0,0,0,0,"- ","- ",34.2515,-119.42041,"SANTA BARBARA","SANTA BARBARA",-119.69579498,34.420820829999997
7119554,2015,2015-11-30,4203,2015-11-10,1848,6377,,2,5,5,4203,0,0,0,,0,003,"E HALEY ST","LAGUNA ST",156.00,E,N,A,-,N,,,,,,,,,,Y,2,0,1,5,A,-,21,22106,,N,B,C,A,A,H,-,C,D,0,,,,,Y,,-,,1,0,0,0,0,0,0,0,0,"- ","- ",34.420999999999999,-119.6909,"SANTA BARBARA","SANTA BARBARA",-119.69065489,34.421378859999997
7137651,2015,2015-12-17,4200,2015-10-06,1945,3077,14,2,5,4,4214,0,0,0,,0,050,"CALLE REAL","KINGSTON AV",900.00,W,N,A,-,N,,,,,,,,,,N,2,0,1,2,A,-,11,21954,A,N,G,B,D,A,H,-,C,D,0,Y,,,,Y,,N,60,1,0,0,0,1,0,0,0,0,"- ","- ",,,"SANTA BARBARA",GOLETA,-119.82466685999999,34.441280169999999
7144977,2015,2016-01-06,4203,2015-12-24,1245,5726,SANTA,4,5,5,4203,0,0,0,,0,001,"MILPAS ST","GUTIERREZ ST",0.00,,Y,A,-,N,,,,,,,,,,Y,2,0,1,2,A,-,09,21801,A,N,D,C,A,A,H,-,A,A,0,,,Y,,Y,,-,,1,0,0,0,0,0,0,0,1,"- ","- ",34.253100000000003,-119.41023,"SANTA BARBARA","SANTA BARBARA",-119.68405991,34.425390020000002
7189360,2016,2016-02-23,4203,2016-02-01,1412,6700,35,1,5,5,4203,0,0,0,,0,005,"STATE ST","JUNIPERO ST",51.00,N,N,A,-,N,,,,,,,,,,N,2,0,1,1,D,-,00,,,N,H,G,A,A,H,-,A,D,0,,Y,,,Y,,-,"- ",1,0,0,0,0,0,1,0,0,"- ","- ",,,"SANTA BARBARA","SANTA BARBARA",-119.71993702,34.43462238
7190488,2016,2016-10-17,4203,2016-08-09,2049,3510,,2,5,5,4203,0,0,0,,0,006,"CLIFF DR","PACIFIC VIEW",107.00,W,N,A,-,N,,,225,,,,,,,Y,1,3,1,1,A,-,01,23152,A,N,E,I,A,A,H,-,D,D,0,,,,,Y,Y,-,,1,0,0,0,0,0,0,0,0,"- ","- ",34.401800000000001,-119.7093,"SANTA BARBARA","SANTA BARBARA",-119.7093491,34.401936999999997
7199925,2017,2019-04-08,4202,2017-01-26,1735,274,,4,5,4,4202,0,0,0,,0,,"O ST","CENTRAL AV",509.00,S,N,B,-,N,,,,,,,,,,Y,1,1,0,2,A,-,09,21801,A,N,D,C,A,A,H,-,A,D,0,,,Y,,Y,,A,08,0,0,0,0,0,0,0,1,0,"- ","- ",,,"SANTA BARBARA",LOMPOC,-120.46641898,34.659501919999997
7201704,2016,2016-03-09,4203,2016-02-22,1837,22854,,1,5,5,4203,0,0,0,,0,006,"CLIFF DR","LIGHTHOUSE RD",66.00,W,N,A,-,N,,,225,,,,,,,N,2,0,1,2,A,-,11,21954,A,N,D,B,D,A,H,-,C,A,0,Y,,,,Y,Y,N,60,1,0,0,0,1,0,0,0,0,"- ","- ",34.401330000000002,-119.72123000000001,"SANTA BARBARA","SANTA BARBARA",-119.7212225,34.401365640000002
7204696,2016,2016-03-11,4203,2016-02-27,0908,2661,,6,5,5,4203,0,0,0,,0,005,"DE LA VINA ST","PUEBLO ST",166.00,N,N,A,-,N,,,,,,,,,,N,2,0,1,2,A,-,17,22517,,N,H,G,A,A,H,-,A,D,0,,Y,,,Y,,-,,1,0,0,0,0,0,1,0,0,"- ","- ",,,"SANTA BARBARA","SANTA BARBARA",-119.72108707,34.431956560000003
7209867,2016,2016-03-21,4203,2016-03-02,1556,5751,30,3,5,5,4203,0,0,0,,0,004,"HALEY ST","BATH ST",0.00,,Y,A,-,N,,,,,,,,,,Y,2,0,1,2,A,-,09,21801,A,N,D,C,A,A,H,-,A,A,0,,,Y,,Y,,A,01,1,0,0,0,0,0,0,0,1,"- ","- ",34.413629999999998,-119.69898000000001,"SANTA BARBARA","SANTA BARBARA",-119.69891998,34.413610030000001
8010992,2016,2016-04-07,4203,2016-03-30,0825,22857,,3,5,5,4203,0,0,0,,0,005,"PESETAS LN","CALLE REAL",0.00,,Y,A,-,N,,,,,,,,,,N,2,0,1,2,A,-,09,21801,A,N,D,G,A,A,H,-,A,A,0,,Y,,,Y,,-,,1,0,0,0,0,0,1,0,0,"- ","- ",34.441519999999997,-119.75845,"SANTA BARBARA","SANTA BARBARA",-119.75840994000001,34.441510020000003
8016843,2016,2016-04-15,4203,2016-04-05,0715,5751,61,2,5,5,4203,0,0,0,,0,001,"E CANON PERDIDO ST","N NOPAL ST",165.00,W,N,A,-,N,,,,,,,,,,N,2,0,1,2,A,-,17,22517,,N,H,G,A,A,H,-,A,D,0,,Y,,,Y,,A,01,1,0,0,0,0,0,1,0,0,"- ","- ",34.428530000000002,-119.6921,"SANTA BARBARA","SANTA BARBARA",-119.69193812,34.428655050000003
8018699,2016,2016-04-27,4204,2016-04-16,1219,21116,02,6,5,5,4204,0,0,0,,0,032,"FESLER ST","BENWILEY AV",60.00,W,N,A,-,N,,,,,,,,,,Y,2,0,1,4,A,-,01,23153,B,F,D,E,E,-,H,-,A,D,0,Y,,,,Y,Y,A,01,1,0,0,0,1,0,0,0,0,"- ","- ",34.956719999999997,-120.44583,"SANTA BARBARA","SANTA MARIA",-120.44584014,34.956873080000001
8027241,2016,2016-04-27,4204,2016-04-18,1710,90322,1,1,5,5,4204,0,0,0,,0,015,"LINCOLN ST","BUNNY AV",100.00,S,N,A,-,N,,,,,,,,,,N,2,0,1,2,A,-,21,22106,,N,G,B,F,A,H,-,A,D,0,Y,,,,Y,,A,08,1,0,0,0,1,0,0,0,0,"- ","- ",34.963329999999999,-120.43716000000001,"SANTA BARBARA","SANTA MARIA",-120.43723331,34.962975350000001
8034625,2016,2016-08-29,4202,2016-04-17,1230,234,LOMPO,7,5,4,4202,0,0,0,,0,,"HICKORY AV","O ST",4.00,E,N,A,-,N,,,,,,,,,,N,2,0,1,2,A,-,21,22106,,F,H,C,A,A,H,-,A,D,0,,,Y,,Y,,D,22,1,0,0,0,0,0,0,0,1,"- ","- ",,,"SANTA BARBARA",LOMPOC,-120.46681671,34.635789789999997
8040170,2016,2016-05-13,4203,2016-05-03,1116,6700,44,2,5,5,4203,0,0,0,,0,003,"SANTA BARBARA ST","ORTEGA ST",6.00,N,N,A,B,N,,,,,,,,,,N,2,0,1,2,A,-,10,21950,A,N,G,B,B,A,H,-,A,A,0,Y,,,,Y,,A,01,1,0,0,0,1,0,0,0,0,"- ","- ",34.420859999999998,-119.69584999999999,"SANTA BARBARA","SANTA BARBARA",-119.69579498,34.420820829999997
8041699,2016,2016-05-26,4203,2016-05-10,1632,5751,44,2,5,5,4203,0,0,0,,0,003,"ANACAPA ST","E CANON PERDIDO ST",0.00,,Y,A,-,N,,,,,,,,,,N,2,0,1,2,A,-,03,22350,,N,H,G,A,A,H,-,A,A,0,,Y,,,Y,,L,04,1,0,0,0,0,0,1,0,0,"- ","- ",34.421559999999999,-119.69943000000001,"SANTA BARBARA","SANTA BARBARA",-119.6993899,34.421640060000001
8043982,2016,2016-05-25,4200,2016-04-03,0904,4783,14,7,5,4,4214,0,0,0,,0,060,"HOLLISTER AV","SUMIDA GARDENS",275.00,E,N,A,-,N,,,,,,,,,,N,2,0,1,1,A,-,03,22350,,N,B,I,A,A,H,-,A,A,0,,,Y,,Y,,C,02,1,0,0,0,0,0,0,0,1,"- ","- ",,,"SANTA BARBARA",GOLETA,-119.81305971,34.435073389999999
8055394,2016,2016-06-02,4203,2016-05-21,1658,2520,4203,6,5,5,4203,0,0,0,,0,002,"WENTWORTH AV","COTA ST",0.00,,Y,A,-,N,,,,,,,,,,N,2,0,1,2,A,-,09,21804,A,N,D,G,A,A,H,-,A,D,0,,Y,,,Y,,L,04,1,0,0,0,0,0,1,0,0,"- ","- ",34.413600000000002,-119.7003,"SANTA BARBARA","SANTA BARBARA",-119.70276997000001,34.412130079999997
8059552,2016,2016-06-16,4203,2016-05-30,1700,2399,,1,5,5,4203,0,0,0,,0,001,"MOUNTAIN DR","TREMONTO RD",270.00,N,N,A,-,N,,,,,,,,,,,2,0,1,1,A,-,01,23152,A,N,H,I,A,A,H,-,A,D,0,,,,,Y,Y,-,,1,0,0,0,0,0,0,0,0,"- ","- ",,,"SANTA BARBARA","SANTA BARBARA",-119.7054859,34.445040579999997
8060544,2016,2016-06-15,4204,2016-05-18,1229,21338,076,3,5,5,4204,0,0,0,,0,003,"BRADLEY RD","BETTERAVIA RD",560.00,N,N,A,-,N,,,,,,,,,,N,2,0,1,2,A,-,05,21651,A,N,A,C,A,A,H,-,A,A,0,,,Y,,Y,,C,02,1,0,0,0,0,0,0,0,1,"- ","- ",,,"SANTA BARBARA","SANTA MARIA",-120.42207000000001,34.923740000000002
8063532,2016,2016-06-16,4203,2016-06-08,1336,7897,53,3,5,5,4203,0,0,0,,0,005,"LAS POSITAS RD","SAN ONOFRE ST",228.00,S,N,A,-,N,,,,,,,,,,N,2,0,1,1,A,-,03,22350,,N,E,I,A,A,H,-,A,A,0,,Y,,,Y,,L,04,1,0,0,0,0,0,1,0,0,"- ","- ",34.255400000000002,-119.441,"SANTA BARBARA","SANTA BARBARA",-119.73365200000001,34.431794099999998
8068487,2016,2016-06-22,4203,2016-06-17,2145,6972,,5,5,5,4203,0,0,0,,0,004,"WEST CARILLO ST","DE LA VINA ST",0.00,,Y,A,-,N,,,,,,,,,,Y,2,0,2,2,A,-,01,23153,,N,C,C,A,A,H,-,C,A,0,,,,,Y,Y,-,,1,0,1,0,0,0,0,0,0,"- ","- ",34.251370000000001,-119.42101,"SANTA BARBARA","SANTA BARBARA",-119.70413992,34.419350080000001
8068519,2016,2016-08-29,4203,2016-06-03,0939,5751,21,5,5,5,4203,0,0,0,,0,006,"WALNUT AV","WEST ANAPAMU ST",0.00,,Y,A,-,N,,,,,,,,,,N,2,0,1,2,D,-,00,,,F,G,B,E,A,H,-,A,D,0,Y,,,,Y,,-,"- ",1,0,0,0,1,0,0,0,0,"- ","- ",34.417290000000001,-119.70994,"SANTA BARBARA","SANTA BARBARA",-119.7104899,34.417720029999998
8071894,2016,2016-07-28,4203,2016-07-14,1630,5751,23,4,5,5,4203,0,0,0,,0,006,"PAMPAS AV","W PEDREGOSA ST",203.00,S,N,A,-,N,,,,,,,,,,N,2,0,1,1,A,-,03,22350,,N,E,I,A,A,H,-,A,D,0,,,Y,,Y,,C,02,1,0,0,0,0,0,0,0,1,"- ","- ",34.419350000000001,-119.72344,"SANTA BARBARA","SANTA BARBARA",-119.72354189000001,34.4195548
8074237,2016,2016-08-30,4203,2016-07-30,0920,9480,,6,5,5,4203,0,0,0,,0,002,"EAST CABRILLO BL","CALLE PUERTO VALLARTA",273.00,W,N,-,-,N,,,,,,,,,,Y,2,0,1,1,B,-,22,,,N,H,J,A,-,-,-,-,D,0,,,,,Y,,-,,1,0,0,0,0,0,0,0,0,"- ","- ",34.250500000000002,-119.39945,"SANTA BARBARA","SANTA BARBARA",-119.6761466,34.41600545
8076659,2016,2017-02-04,4203,2016-06-17,0758,5751,23,5,5,5,4203,0,0,0,,0,006,"W MISSION ST","RT 101",0.00,,Y,A,-,Y,SB,5,101,-,R,15.860,R,4,N,Y,2,0,1,2,A,-,09,21801,A,N,D,C,A,A,H,-,A,A,0,,,Y,,Y,,A,08,1,0,0,0,0,0,0,0,1,"- ",NO,34.42577,-119.71997,"SANTA BARBARA","SANTA BARBARA",-119.72218999,34.426047570000001
8085537,2016,2016-07-21,4203,2016-07-11,0629,2602,4203,1,5,5,4203,0,0,0,,0,006,"MIRA MESA DR","CLIFF DR",184.00,N,N,-,-,N,,,,,,,,,,Y,2,0,1,1,A,-,01,23152,A,M,E,I,A,A,H,-,C,D,0,,,,,Y,,-,,1,0,0,0,0,0,0,0,0,"- ","- ",34.399999999999999,-119.43129999999999,"SANTA BARBARA","SANTA BARBARA",-119.71769,34.401178250000001
8086284,2016,2016-07-25,4203,2016-07-15,1808,6972,,5,5,5,4203,0,0,0,,0,006,"MODOC RD","PORTESUELLO AV",0.00,,Y,A,-,N,,,,,,,,,,N,2,0,1,1,A,-,08,22107,,N,E,I,A,A,H,-,A,D,0,,Y,,,Y,Y,L,04,1,0,0,0,0,0,1,0,0,"- ","- ",34.252870000000001,-119.43380000000001,"SANTA BARBARA","SANTA BARBARA",-119.72667989,34.424750019999998
8093973,2016,2016-07-26,4200,2016-06-24,1800,4974,,5,5,3,4205,0,0,0,,0,,"OGAN RD","EL PORTAL AV",132.00,E,N,A,-,N,,,,,,,,,,N,2,0,1,2,A,-,09,21804,A,N,D,C,A,A,H,-,A,D,0,,,,,Y,,-,,1,0,0,0,0,0,0,0,0,"- ","- ",,,"SANTA BARBARA",CARPINTERIA,-119.50931794,34.400154700000002
8096643,2016,2016-08-11,4203,2016-08-03,0915,5075,,3,5,5,4203,0,0,0,,0,005,"W QUINTO","DE LA VINA",140.00,W,N,A,-,N,,,,,,,,,,N,2,0,1,1,D,-,00,,,N,H,A,A,A,H,-,A,-,0,,Y,,,Y,,-,"- ",1,0,0,0,0,0,1,0,0,"- ","- ",34.433430000000001,-119.72336,"SANTA BARBARA","SANTA BARBARA",-119.72340937,34.433373549999999
8100017,2016,2016-08-11,4203,2016-08-03,1748,6693,53,3,5,5,4203,0,0,0,,0,005,"LAS POSITAS RD","MCCAW AV",0.00,,Y,A,-,N,,,,,,,,,,Y,2,0,3,2,A,-,09,21801,A,N,D,C,A,A,H,-,A,D,0,,,,,Y,,A,01,1,1,1,0,0,0,0,0,0,"- ","- ",34.261800000000001,-119.44029999999999,"SANTA BARBARA","SANTA BARBARA",-119.73393987999999,34.438530030000003
8100177,2016,2017-02-24,4204,2016-08-05,1529,90139,40,5,5,5,4204,0,0,0,,0,002,"MAIN ST","OAKLEY AV",0.00,,Y,A,-,Y,SB,5,166,-,-,7.240,I,5,W,Y,2,0,1,2,A,-,09,21802,A,N,A,C,A,A,H,-,A,A,0,,,Y,,Y,,D,22,1,0,0,0,0,0,0,0,1,"- ","- ",34.953090000000003,-120.44741999999999,"SANTA BARBARA","SANTA MARIA",-120.44722131,34.953302690000001
8103424,2016,2016-09-28,4200,2016-08-12,1130,4608,14,5,5,4,4214,0,0,0,,0,050,"CATHEDRAL OAKS RD","LOS CARNEROS RD",4600.00,W,N,A,-,N,,,,,,,,,,Y,2,0,1,1,A,-,08,22107,,N,E,I,A,A,H,-,A,D,0,,,,,Y,,A,01,1,0,0,0,0,0,0,0,0,"- ","- ",,,"SANTA BARBARA",GOLETA,-119.86889497,34.441689590000003
8103672,2016,2016-10-20,4200,2016-08-26,1414,3116,14,5,5,4,4214,0,0,0,,0,060,"HOLLISTER AV","KINMAN AV",154.00,W,N,A,-,N,,,,,,,,,,Y,2,0,2,2,A,-,09,21802,A,N,D,C,A,A,H,-,A,A,0,,,,,Y,,A,01,1,1,0,0,0,0,0,0,0,"- ","- ",,,"SANTA BARBARA",GOLETA,-119.82282003,34.435625459999997