CASE_ID,ACCIDENT_YEAR,PROC_DATE,JURIS,COLLISION_DATE,COLLISION_TIME,OFFICER_ID,REPORTING_DISTRICT,DAY_OF_WEEK,CHP_SHIFT,POPULATION,CNTY_CITY_LOC,SPECIAL_COND,BEAT_TYPE,CHP_BEAT_TYPE,CITY_DIVISION_LAPD,CHP_BEAT_CLASS,BEAT_NUMBER,PRIMARY_RD,SECONDARY_RD,DISTANCE,DIRECTION,INTERSECTION,WEATHER_1,WEATHER_2,STATE_HWY_IND,CALTRANS_COUNTY,CALTRANS_DISTRICT,STATE_ROUTE,ROUTE_SUFFIX,POSTMILE_PREFIX,POSTMILE,LOCATION_TYPE,RAMP_INTERSECTION,SIDE_OF_HWY,TOW_AWAY,COLLISION_SEVERITY,NUMBER_KILLED,NUMBER_INJURED,PARTY_COUNT,PRIMARY_COLL_FACTOR,PCF_CODE_OF_VIOL,PCF_VIOL_CATEGORY,PCF_VIOLATION,PCF_VIOL_SUBSECTION,HIT_AND_RUN,TYPE_OF_COLLISION,MVIW,PED_ACTION,ROAD_SURFACE,ROAD_COND_1,ROAD_COND_2,LIGHTING,CONTROL_DEVICE,CHP_ROAD_TYPE,PEDESTRIAN_ACCIDENT,BICYCLE_ACCIDENT,MOTORCYCLE_ACCIDENT,TRUCK_ACCIDENT,NOT_PRIVATE_PROPERTY,ALCOHOL_INVOLVED,STWD_VEHTYPE_AT_FAULT,CHP_VEHTYPE_AT_FAULT,COUNT_SEVERE_INJ,COUNT_VISIBLE_INJ,COUNT_COMPLAINT_PAIN,COUNT_PED_KILLED,COUNT_PED_INJURED,COUNT_BICYCLIST_KILLED,COUNT_BICYCLIST_INJURED,COUNT_MC_KILLED,COUNT_MC_INJURED,PRIMARY_RAMP,SECONDARY_RAMP,LATITUDE,LONGITUDE,COUNTY,CITY,POINT_X,POINT_Y
8104449,2016,2016-08-29,4200,2016-07-08,1811,3077,14,5,5,4,4214,0,0,0,,0,080,"CATHEDRAL OAKS RD","WINCHESTER CIR",832.00,W,N,A,-,N,,,,,,,,,,Y,2,0,2,2,A,-,05,21460,A,N,A,C,A,A,H,-,A,D,0,,,,,Y,Y,A,01,2,0,0,0,0,0,0,0,0,"- ","- ",,,"SANTA BARBARA",GOLETA,-119.90495317,34.434559110000002
8105381,2016,2016-08-25,4203,2016-08-17,2035,6983,,3,5,5,4203,0,0,0,,0,002,"CABRILLO BL","CHAPALA ST",0.00,,Y,A,-,N,,,,,,,,,,N,2,0,1,2,A,-,01,23152,A,N,G,B,B,A,H,-,C,A,0,Y,,,,Y,Y,-,,1,0,0,0,1,0,0,0,0,"- ","- ",34.244100000000003,-119.41249999999999,"SANTA BARBARA","SANTA BARBARA",-119.69032991,34.411190060000003
8110138,2016,2016-08-29,4203,2016-08-20,2023,6973,,6,5,5,4203,0,0,0,,0,001,"ALAMEDA PADRE SERRA",ROUNDABOUT,0.00,,Y,A,-,N,,,,,,,,,,,2,0,1,2,A,-,09,21800,A,N,B,C,A,A,H,-,C,D,0,,,,,Y,,-,,1,0,0,0,0,0,0,0,0,"- ","- ",34.429000000000002,-119.67700000000001,"SANTA BARBARA","SANTA BARBARA",-119.677278,34.429096000000001
8110363,2016,2016-08-30,4204,2016-08-22,1842,90269,8,1,5,5,4204,0,0,0,,0,001,"ALISON AV","LEE DR",0.00,,Y,A,-,N,,,,,,,,,,Y,2,0,1,2,A,-,01,23152,B,M,A,E,A,A,H,-,A,D,0,,,,,Y,Y,A,07,1,0,0,0,0,0,0,0,0,"- ","- ",34.968260000000001,-120.4498,"SANTA BARBARA","SANTA MARIA",-120.45008991,34.96827004
8132287,2016,2016-10-04,4203,2016-09-15,0739,6700,18,4,5,5,4203,0,0,0,,0,006,"CLIFF DR","MEIGS RD",10.00,W,N,A,-,N,,,225,,,,,,,N,2,0,2,2,A,-,11,21456,B,N,G,B,B,A,H,-,A,A,0,Y,,,,Y,,N,60,1,0,1,0,1,0,0,0,0,"- ","- ",34.401600000000002,-119.72221999999999,"SANTA BARBARA","SANTA BARBARA",-119.72222499,34.401574699999998
8142280,2016,2016-10-26,4203,2016-10-07,1239,5751,62,5,5,5,4203,0,0,0,,0,006,"STATE ST","LAS POSITAS RD",440.00,W,N,A,-,N,,,,,,,,,,N,2,0,2,2,A,-,09,21804,A,N,D,C,A,A,H,-,A,D,0,,,,,Y,,A,07,1,0,1,0,0,0,0,0,0,"- ","- ",34.440379999999998,-119.73612,"SANTA BARBARA","SANTA BARBARA",-119.73569728,34.440399999999997
8149573,2016,2016-10-24,4202,2016-09-25,1726,,LOMPO,7,5,4,4202,0,0,0,,0,,"7TH ST","LAUREL AV",0.00,,Y,A,-,N,,,,,,,,,,Y,2,0,2,2,D,-,00,,,N,A,C,A,A,H,-,A,A,0,,,,,Y,,-,"- ",1,0,1,0,0,0,0,0,0,"- ","- ",,,"SANTA BARBARA",LOMPOC,-120.44024997,34.643730069999997
8157408,2016,2016-11-02,4204,2016-10-22,1800,90322,16,6,5,5,4204,0,0,0,,0,001,"DONOVAN RD",BROADWAY,0.00,,Y,F,-,N,,,,,,,,,,N,2,0,1,2,D,-,00,,,N,G,B,B,A,H,-,B,D,0,Y,,,,Y,Y,-,"- ",1,0,0,0,1,0,0,0,0,"- ","- ",34.967759999999998,-120.43544,"SANTA BARBARA","SANTA MARIA",-120.43566,34.967700000000001
8166796,2016,2017-04-04,4204,2016-09-20,1617,23656,75,2,5,5,4204,0,0,0,,0,003,BROADWAY,"INGER DR",0.00,,Y,A,-,Y,SB,5,135,-,-,13.950,I,5,N,Y,1,1,0,2,A,-,08,22107,,N,G,G,A,A,H,-,A,A,0,,Y,,,Y,Y,L,04,0,0,0,0,0,1,0,0,0,"- ","- ",34.926670000000001,-120.43595999999999,"SANTA BARBARA","SANTA MARIA",-120.43594415,34.926790310000001
81727572,2022,2022-03-21,4204,2022-03-04,1456,90269,5,5,5,5,4204,0,0,0,,0,003,"BLOSSER RD","STOWELL RD",0.00,,Y,B,-,N,,,,,,,,,,N,2,0,2,3,A,-,10,21950,A,N,G,B,B,A,H,-,A,A,0,Y,,,,Y,,A,07,1,1,0,0,2,0,0,0,0,"- ","- ",34.939109802246094,-120.45375823974609,"SANTA BARBARA","SANTA MARIA",-120.45389556884766,34.93878173828125
81739432,2022,2022-04-04,4204,2022-03-18,0806,90415,,5,5,5,4204,0,0,0,,0,001,"DONOVAN RD","WESTERN AVE (W)",0.00,,Y,A,-,N,,,,,,,,,,N,2,0,1,2,A,-,03,22350,,N,G,B,B,A,H,-,A,A,0,Y,,,,Y,,A,01,1,0,0,0,1,0,0,0,0,"- ","- ",34.967018127441406,-120.44902038574219,"SANTA BARBARA","SANTA MARIA",-120.44983673095703,34.967800140380859
81743934,2022,2022-04-08,4204,2022-03-21,1851,20894,,1,5,5,4204,0,0,0,,0,,"COLLEGE DR","ENOS DR",0.00,,Y,A,-,N,,,,,,,,,,Y,2,0,4,2,A,-,09,21801,A,N,A,C,A,A,H,-,A,D,0,,,,,Y,,A,01,1,3,0,0,0,0,0,0,0,"- ","- ",34.933170318603516,-120.42507171630859,"SANTA BARBARA","SANTA MARIA",-120.42490386962891,34.934471130371094
81774716,2022,2022-05-18,4204,2022-04-29,2140,90345,,5,5,5,4204,0,0,0,,0,,"PINE ST","WILLIAMS ST",1000.00,S,N,A,-,N,,,,,,,,,,N,2,0,1,2,A,-,03,22350,,F,G,B,E,A,H,-,C,D,0,Y,,,,Y,,A,01,1,0,0,0,1,0,0,0,0,"- ","- ",34.970680236816406,-120.44023132324219,"SANTA BARBARA","SANTA MARIA",-120.43910980224609,34.968208312988281
81778723,2022,2022-05-24,4204,2022-04-17,0720,90759,12,7,5,5,4204,0,0,0,,0,002,"MILL ST","MCCLELLAND ST",100.00,E,N,A,-,N,,,,,,,,,,N,2,0,1,3,A,-,09,21804,A,N,D,C,A,A,H,-,A,D,0,,,,,Y,,A,07,1,0,0,0,0,0,0,0,0,"- ","- ",34.955360412597656,-120.43415832519531,"SANTA BARBARA","SANTA MARIA",-120.43385314941406,34.955352783203125
81825796,2022,2022-07-27,4204,2022-07-04,2238,91008,22,1,5,5,4204,0,0,0,,0,003,BROADWAY,"MCCOY LN",0.00,,Y,A,-,Y,SB,,135,,,13.261,H,,R,Y,2,0,1,2,A,-,12,21453,A,F,D,C,A,A,H,-,C,A,0,,,,,Y,,A,01,1,0,0,0,0,0,0,0,0,"- ","- ",34.916679382324219,-120.43618011474609,"SANTA BARBARA","SANTA MARIA",-120.4359130859375,34.916683197021484
81843120,2022,2022-08-18,4204,2022-07-31,2049,91170,4204,7,5,5,4204,0,0,0,,0,003,"SKYWAY DR","HANGAR ST",1040.00,N,N,A,-,N,,,,,,,,,,Y,2,0,1,1,D,-,00,,,N,H,A,A,A,H,-,C,D,0,,,Y,,Y,,-,"- ",1,0,0,0,0,0,0,0,1,"- ","- ",34.903850555419922,-120.45256042480469,"SANTA BARBARA","SANTA MARIA",-120.45375823974609,34.90673828125
81854031,2022,2022-08-31,4204,2022-08-15,1310,23000,011,1,5,5,4204,0,0,0,,0,002,BROADWAY,"LIBERTY ST",100.00,S,N,A,-,Y,SB,,135,,,14.755,H,,R,Y,2,0,1,2,A,-,03,22350,,N,D,C,A,A,H,-,A,D,0,,,Y,,Y,,C,02,1,0,0,0,0,0,0,0,1,"- ","- ",34.938179016113281,-120.43605041503906,"SANTA BARBARA","SANTA MARIA",-120.43594360351562,34.938179016113281
81862951,2022,2022-09-13,4204,2022-08-21,0146,90969,,7,5,5,4204,0,0,0,,0,,"THORNBURG ST","LOLITA LN",400.00,N,N,A,-,N,,,,,,,,,,N,2,0,1,3,A,-,03,22350,,N,C,E,A,A,H,-,C,D,0,,,,,Y,,A,01,1,0,0,0,0,0,0,0,0,"- ","- ",34.925960540771484,-120.44049835205078,"SANTA BARBARA","SANTA MARIA",-120.44053649902344,34.926948547363281
81869564,2022,2022-09-21,4204,2022-06-03,0115,23000,022,5,5,5,4204,0,0,0,,0,003,"BETTERAVIA RD",BROADWAY,2000.00,W,N,A,-,N,,,,,,,,,,N,2,0,1,1,A,-,08,22107,,N,E,I,A,A,H,-,C,D,0,,,,,Y,,A,07,1,0,0,0,0,0,0,0,0,"- ","- ",34.920860290527344,-120.43614959716797,"SANTA BARBARA","SANTA MARIA",-120.43032836914062,34.923046112060547
8201760,2017,2017-03-29,4203,2017-03-15,0918,5751,44,3,5,5,4203,0,0,0,,0,003,"SANTA BARBARA ST","E CANON PERDIDO ST",0.00,,Y,A,-,N,,,,,,,,,,N,2,0,1,2,A,-,10,21950,A,N,D,B,B,A,H,-,A,A,0,Y,,,,Y,,A,07,1,0,0,0,1,0,0,0,0,"- ","- ",34.42268,-119.69826,"SANTA BARBARA","SANTA BARBARA",-119.69829989,34.422650009999998
82037277,2023,2023-04-05,4204,2023-03-15,1925,90971,4204,3,5,5,4204,0,0,0,,0,001,BROADWAY,"FESLER ST",0.00,,Y,A,-,N,,,,,,,,,,N,2,0,3,2,A,-,09,21453,C,N,A,C,A,A,H,-,C,A,0,,,,,Y,,A,01,1,2,0,0,0,0,0,0,0,"- ","- ",34.956470489501953,-120.43572998046875,"SANTA BARBARA","SANTA MARIA",-120.43582153320312,34.956459045410156
82037279,2023,2023-04-05,4204,2023-03-20,1949,91174,004,1,5,5,4204,0,0,0,,0,001,BROADWAY,"BUNNY AVE",50.00,S,N,A,-,Y,,,,,,,,,,Y,2,0,1,2,A,-,10,21952,,F,G,B,F,A,H,-,C,D,0,Y,,,,Y,,A,01,1,0,0,0,1,0,0,0,0,"- ","- ",34.962150573730469,-120.43501281738281,"SANTA BARBARA","SANTA MARIA",-120.4356689453125,34.962165832519531
82048313,2023,2023-04-19,4204,2023-04-01,1718,91249,4204,6,5,5,4204,0,0,0,,0,,"COOK ST","DEPOT ST",200.00,E,N,A,-,N,,,,,,,,,,N,2,0,1,2,A,-,11,21955,,N,G,B,D,A,H,-,A,D,0,Y,,,,Y,,N,60,1,0,0,0,1,0,0,0,0,"- ","- ",34.950069427490234,-120.44380950927734,"SANTA BARBARA","SANTA MARIA",-120.44303131103516,34.949897766113281
82058804,2023,2023-05-02,4204,2023-04-09,2312,91174,,7,5,5,4204,0,0,0,,0,001,"SEAWARD DR","CANYON DR",400.00,W,N,A,-,N,,,,,,,,,,Y,2,0,1,3,A,-,00,23103,A,N,C,E,A,A,H,-,C,D,0,,,,,Y,,A,01,1,0,0,0,0,0,0,0,0,"- ","- ",34.969539642333984,-120.41181182861328,"SANTA BARBARA","SANTA MARIA",-120.4139404296875,34.971698760986328
8206914,2016,2017-01-24,4204,2016-09-27,2001,23656,03,2,5,5,4204,0,0,0,,0,001,"BLOSSER RD","TAYLOR ST",0.00,,Y,A,D,N,,,,,,,,,,Y,2,0,3,2,A,-,01,23152,A,N,A,C,A,A,H,-,C,A,0,,,,,Y,Y,D,22,3,0,0,0,0,0,0,0,0,"- ","- ",34.975119999999997,-120.45366,"SANTA BARBARA","SANTA MARIA",-120.45347988,34.975140019999998
82074931,2023,2023-05-23,4204,2023-04-30,"356 ",91254,,7,5,5,4204,0,0,0,,0,001,BROADWAY,"ALVIN AVE",0.00,,Y,A,-,N,,,,,,,,,,Y,2,0,1,1,A,-,03,22350,,N,E,I,A,A,H,-,C,A,0,,,,,Y,Y,A,01,1,0,0,0,0,0,0,0,0,"- ","- ",34.959358215332031,-120.43514251708984,"SANTA BARBARA","SANTA MARIA",-120.43572998046875,34.960437774658203
82152031,2023,2023-08-24,4204,2023-08-01,1426,91452,06,2,5,5,4204,0,0,0,,0,001,"DONOVAN RD","MAGELLAN DR",0.00,,Y,A,-,N,,,,,,,,,,N,2,0,2,2,A,-,04,21703,,N,C,C,A,A,H,-,A,D,0,,,,,Y,,A,01,2,0,0,0,0,0,0,0,0,"- ","- ",34.967918395996094,-120.41789245605469,"SANTA BARBARA","SANTA MARIA",-120.41793823242188,34.967620849609375
82159231,2023,2023-08-31,4204,2023-08-11,1530,90267,,5,5,5,4204,0,0,0,,0,001,"703 N BRADLEY",ALVIN,10.00,S,N,A,-,N,,,,,,,,,,Y,2,0,1,1,A,-,01,23152,A,N,E,J,A,A,H,-,A,D,0,,,,,Y,Y,A,01,1,0,0,0,0,0,0,0,0,"- ","- ",,,"SANTA BARBARA","SANTA MARIA",-120.42063140869141,34.960304260253906
82182197,2023,2023-09-28,4204,2023-09-08,1458,91329,011,5,5,5,4204,0,0,0,,0,002,"STOWELL RD","THORNBURG ST",138.00,W,N,A,-,N,,,,,,,,,,N,2,0,1,2,A,-,11,21954,A,N,D,G,A,A,H,-,A,D,0,,Y,,,Y,,L,04,1,0,0,0,0,0,1,0,0,"- ","- ",34.937549591064453,-120.44035339355469,"SANTA BARBARA","SANTA MARIA",-120.44074249267578,34.938568115234375
82236183,2023,2023-11-15,4200,2023-09-29,1516,3077,14,5,5,4,4214,0,0,0,,0,060,"HOLLISTER AVE","CORTONA DR",0.00,,Y,A,-,N,,,,,,,,,,N,2,0,1,2,A,-,09,21801,A,N,H,G,A,A,H,-,A,D,0,,Y,,,Y,,L,04,1,0,0,0,0,0,1,0,0,"- ","- ",,,"SANTA BARBARA",GOLETA,-119.86807250976562,34.430210113525391
82271859,2023,2023-12-28,4204,2023-12-04,2230,91402,,1,5,5,4204,0,0,0,,0,,"CURRYER ST","COOK ST",45.00,S,N,A,-,N,,,,,,,,,,Y,2,0,1,4,A,-,01,23152,A,N,E,J,F,A,H,-,C,D,0,Y,,,,Y,Y,A,07,1,0,0,0,1,0,0,0,0,"- ","- ",34.948890686035156,-120.44120788574219,"SANTA BARBARA","SANTA MARIA",-120.44147491455078,34.949756622314453
82322200,2024,2024-02-26,4204,2024-01-31,"622 ",21458,20,3,5,5,4204,0,0,0,,0,003,"NEWLOVE DR","MCCLELLAND ST",0.00,,Y,A,-,N,,,,,,,,,,N,2,0,1,2,D,-,00,,,F,G,B,E,A,H,-,C,D,0,Y,,,,Y,Y,-,"- ",1,0,0,0,1,0,0,0,0,"- ","- ",34.928749084472656,-120.43524932861328,"SANTA BARBARA","SANTA MARIA",-120.43492126464844,34.929862976074219
82345266,2024,2024-03-25,4204,2024-03-08,2030,91255,,5,5,5,4204,0,0,0,,0,003,"BATTLES RD","SWALLOW ST",0.00,,Y,-,-,N,,,,,,,,,,N,2,0,2,2,A,-,09,21804,A,F,D,C,A,A,H,-,C,A,0,,,,,Y,Y,A,01,2,0,0,0,0,0,0,0,0,"- ","- ",34.931301116943359,-120.43035888671875,"SANTA BARBARA","SANTA MARIA",-120.43017578125,34.931392669677734
82376816,2024,2024-04-29,4200,2024-01-09,"844 ",3077,10,2,5,3,4205,0,0,0,,0,030,"RINCON ROAD (HWY 150)","VIA REAL",126.00,W,N,A,-,Y,SB,,150," ",R,0.225,H,,R,Y,1,1,1,2,A,-,08,22107,,N,H,G,A,A,H,-,A,D,0,,Y,,,Y,,M,91,0,1,0,0,0,1,0,0,0,"- ","- ",34.384449005126953,-119.48075866699219,"SANTA BARBARA",CARPINTERIA,-119.48075866699219,34.384407043457031
82379188,2024,2024-05-01,4204,2024-04-14,1453,91364,4202,7,5,5,4204,0,0,0,,0,003,BROADWAY,"PLAZA DR",0.00,,Y,B,-,N,,,,,,,,,,N,2,0,1,2,A,-,00,21760,B,N,B,G,A,A,H,-,A,D,0,,Y,,Y,Y,,F,86,1,0,0,0,0,0,1,0,0,"- ","- ",34.93743896484375,-120.43601226806641,"SANTA BARBARA","SANTA MARIA",-120.43592834472656,34.937450408935547
82384552,2024,2024-05-08,4204,2024-04-16,2246,91402,,2,5,5,4204,0,0,0,,0,,"PERSHING ST",BROADWAY,100.00,W,N,A,-,N,,,,,,,,,,N,2,0,1,1,A,-,03,22350,,N,H,I,A,A,H,-,C,D,0,,,Y,,Y,,C,02,1,0,0,0,0,0,0,0,1,"- ","- ",34.940410614013672,-120.4359130859375,"SANTA BARBARA","SANTA MARIA",-120.43635559082031,34.940433502197266
82390195,2024,2024-05-15,4204,2024-04-24,"554 ",91402,,3,5,5,4204,0,0,0,,0,,"RAILROAD AVE","MCELHANY AVE",0.00,,Y,A,-,N,,,,,,,,,,Y,2,0,2,2,A,-,09,21804,A,N,D,C,A,A,H,-,A,D,0,,,,,Y,,A,07,2,0,0,0,0,0,0,0,0,"- ","- ",34.962478637695312,-120.44454956054688,"SANTA BARBARA","SANTA MARIA",-120.44454193115234,34.962425231933594
82422552,2024,2024-06-25,4204,2024-06-09,"306 ",91402,,7,5,5,4204,0,0,0,,0,,"DONOVAN RD","MILLER ST",0.00,,Y,A,-,N,,,,,,,,,,Y,2,0,1,2,A,-,08,22107,,F,A,C,A,A,H,-,C,A,0,,,,,Y,Y,A,01,1,0,0,0,0,0,0,0,0,"- ","- ",34.966518402099609,-120.43035888671875,"SANTA BARBARA","SANTA MARIA",-120.43122863769531,34.967689514160156
82601645,2024,2024-07-26,4204,2024-07-09,2314,90971,,2,5,5,4204,0,0,0,,0,001,"RAILROAD AVE","CRESTON ST",24.00,N,N,A,-,N,,,,,,,,,,N,2,0,1,1,A,-,03,22350,,N,E,I,A,A,H,-,C,D,0,,,,,Y,,A,07,1,0,0,0,0,0,0,0,0,"- ","- ",34.970481872558594,-120.44349670410156,"SANTA BARBARA","SANTA MARIA",-120.44445037841797,34.971454620361328
8282477,2017,2017-01-30,4204,2017-01-10,1743,90619,61,2,5,5,4204,0,0,0,,0,003,"MCCOY LN","PROFESSIONAL PKWY",0.00,,Y,C,-,N,,,,,,,,,,N,2,0,1,2,A,-,11,21950,B,N,G,B,B,B,H,-,C,A,0,Y,,,,Y,Y,N,60,1,0,0,0,1,0,0,0,0,"- ","- ",34.916690000000003,-120.43852,"SANTA BARBARA","SANTA MARIA",-120.4383299,34.916710109999997
8285321,2017,2017-01-25,4200,2017-01-14,1334,4955,14,6,5,4,4214,0,0,0,,0,050,"CATHEDRAL OAKS","HIDDEN LN",1.00,W,N,A,-,N,,,,,,,,,,Y,2,0,1,1,A,-,08,22107,,N,E,I,A,A,H,-,A,A,0,,,,,Y,,A,01,1,0,0,0,0,0,0,0,0,"- ","- ",,,"SANTA BARBARA",GOLETA,-119.82747331,34.451480109999999
8293580,2017,2017-02-07,4203,2017-01-20,0130,23135,SBSC,5,5,5,4203,0,0,0,,0,003,"ORTEGA ST","E ORTEGA ST",25.00,N,N,C,-,N,,,,,,,,,,N,2,0,1,2,A,-,11,21456,B,F,G,B,B,B,H,-,C,A,0,Y,,,,Y,Y,N,60,1,0,0,0,1,0,0,0,0,"- ","- ",,,"SANTA BARBARA","SANTA BARBARA",-119.69806,34.418660000000003
8294581,2016,2017-03-06,4202,2016-12-10,1409,10251,LOMPO,6,5,4,4202,0,0,0,,0,,"RT 1","CENTRAL AV",0.00,,Y,C,-,Y,SB,5,1,-,-,22.068,I,5,S,N,2,0,1,2,A,-,11,21456,B,N,G,B,B,B,H,-,A,A,0,Y,,,,Y,,N,60,1,0,0,0,1,0,0,0,0,"- ","- ",,,"SANTA BARBARA",LOMPOC,-120.45776984,34.660807910000003
82997033,2024,2024-07-31,4204,2024-06-28,"500 ",90759,,5,5,5,4204,0,0,0,,0,002,"MAIN ST","BENWILEY AVE",0.00,,Y,A,-,N,,,,,,,,,,N,2,0,1,2,A,-,03,22350,,F,G,B,E,A,H,-,C,D,0,Y,,,,Y,,-,99,1,0,0,0,1,0,0,0,0,"- ","- ",34.953441619873047,-120.44573974609375,"SANTA BARBARA","SANTA MARIA",-120.44569396972656,34.953227996826172
8300096,2017,2017-02-03,4200,2017-01-05,1556,3683,14,4,5,4,4214,0,0,0,,0,050,"N FAIRVIEW AV","BERKELEY RD",147.00,N,N,A,-,N,,,,,,,,,,Y,2,0,1,2,A,-,09,21801,A,N,D,C,A,A,H,-,A,D,0,,,Y,,Y,,A,01,1,0,0,0,0,0,0,0,1,"- ","- ",,,"SANTA BARBARA",GOLETA,-119.83065999999999,34.446623649999999
8310257,2017,2017-03-02,4202,2017-02-11,2357,239,LOMPO,6,5,4,4202,0,0,0,,0,001,"MAPLE AV","N ST",60.00,W,N,B,-,N,,,,,,,,,,Y,2,0,1,4,A,-,01,23152,A,N,B,E,A,A,H,-,C,D,0,,,,,Y,,A,01,1,0,0,0,0,0,0,0,0,"- ","- ",,,"SANTA BARBARA",LOMPOC,-120.46564939,34.645496889999997
8312115,2017,2017-02-27,4204,2017-02-11,2135,90228,51,6,5,5,4204,0,0,0,,0,002,"DEPOT ST","ORANGE ST",0.00,,Y,A,-,N,,,,,,,,,,Y,2,0,2,3,A,-,01,23152,A,N,D,C,A,A,H,-,C,D,0,,,,,Y,Y,A,01,1,0,1,0,0,0,0,0,0,"- ","- ",34.94905,-120.44383000000001,"SANTA BARBARA","SANTA MARIA",-120.44370991,34.948840099999998
8315852,2017,2017-03-07,4202,2017-02-10,1936,239,LOMPO,5,5,4,4202,0,0,0,,0,011,"E ST","MAPLE AV",0.00,,Y,B,C,N,,,,,,,,,,N,2,0,2,3,A,-,03,22350,,N,G,B,D,B,G,-,C,A,0,Y,,,,Y,,A,07,2,0,0,0,2,0,0,0,0,"- ","- ",,,"SANTA BARBARA",LOMPOC,-120.45398994999999,34.645400029999998
8317604,2017,2017-03-06,4203,2017-02-19,1838,23889,4203,7,5,5,4203,0,0,0,,0,004,"DE LA VINA","W MISSION ST",0.00,,Y,C,-,N,,,,,,,,,,N,2,0,3,2,A,-,12,21453,A,N,D,C,A,B,H,-,C,A,0,,,,,Y,,-,,1,0,2,0,0,0,0,0,0,"- ","- ",34.254300000000001,-119.43000000000001,"SANTA BARBARA","SANTA BARBARA",-119.71695988,34.428730020000003
8318455,2017,2017-03-14,4204,2017-02-22,2008,90269,80,3,5,5,4204,0,0,0,,0,003,ENOS,BROADWAY,100.00,E,N,A,-,N,,,,,,,,,,Y,2,0,2,2,A,-,09,21804,A,N,D,C,A,A,H,-,C,D,0,,,,,Y,,A,01,1,0,1,0,0,0,0,0,0,"- ","- ",,,"SANTA BARBARA","SANTA MARIA",-120.43559999999999,34.934097000000001
8319036,2017,2017-02-27,4203,2017-02-17,1858,1959,,5,5,5,4203,0,0,0,,0,006,"SAN PASCUAL ST","MISSION ST",175.00,S,N,C,-,N,,,,,,,,,,N,2,0,1,2,D,-,00,,,F,A,B,D,B,H,-,C,A,0,Y,,,,Y,,-,"- ",1,0,0,0,1,0,0,0,0,"- ","- ",34.252679999999998,-119.48152,"SANTA BARBARA","SANTA BARBARA",-119.72091690000001,34.424170510000003
8321313,2017,2017-03-10,4203,2017-02-23,1328,3849,3,4,5,5,4203,0,0,0,,0,003,"ANACAPA ST","ORTEGA ST",0.00,,Y,A,-,N,,,,,,,,,,N,2,0,1,1,C,-,18,,,N,-,A,A,A,A,-,A,A,0,,Y,,,Y,,-,"- ",1,0,0,0,0,0,1,0,0,"- ","- ",34.419699999999999,-119.6969,"SANTA BARBARA","SANTA BARBARA",-119.69687988,34.419780070000002
8322206,2017,2017-03-22,4203,2017-03-06,1218,4937,,1,5,5,4203,0,0,0,,0,005,"STATE ST","LAS POSITAS",0.00,,Y,A,-,N,,,,,,,,,,Y,2,0,1,2,A,-,09,21801,A,F,A,C,A,A,H,-,A,A,0,,,Y,,Y,,A,01,1,0,0,0,0,0,0,0,1,"- ","- ",34.262500000000003,-119.44029999999999,"SANTA BARBARA","SANTA BARBARA",-119.73423986,34.440360069999997
8327515,2017,2017-06-27,4200,2017-01-20,1756,4608,11,5,5,2,4212,0,0,0,,0,,"AVENUE OF FLAGS","DAMASSA RD",0.00,,Y,B,C,Y,SB,5,101,-,R,57.450,R,4,S,N,2,0,1,2,A,-,10,21950,A,N,G,B,B,B,H,-,D,D,0,Y,,,,Y,,A,01,1,0,0,0,1,0,0,0,0,"- ","- ",,,"SANTA BARBARA",BUELLTON,-120.19035599999999,34.618347999999997
8332732,2017,2017-04-06,4204,2017-03-17,0707,90619,78,5,5,5,4204,0,0,0,,0,003,"BETTERAVIA RD","MAHONEY RD",1500.00,E,N,A,-,N,,,,,,,,,,Y,2,0,1,3,A,-,03,22350,,N,C,C,A,A,H,-,B,D,0,,,,Y,Y,,A,08,1,0,0,0,0,0,0,0,0,"- ","- ",34.921210000000002,-120.47497,"SANTA BARBARA","SANTA MARIA",-120.46987845,34.920810000000003
8349848,2017,2017-05-02,4203,2017-04-14,0030,23135,SBSC,5,5,5,4203,0,0,0,,0,003,"STATE ST","MISSION ST",0.00,,Y,A,-,N,,,,,,,,,,Y,2,0,1,2,A,-,09,21801,A,N,D,C,A,A,H,-,C,A,0,,,,,Y,,-,,1,0,0,0,0,0,0,0,0,"- ","- ",34.430819999999997,-119.71473,"SANTA BARBARA","SANTA BARBARA",-119.71470997,34.430830010000001
8375304,2017,2017-06-07,4202,2017-05-14,2038,239,LOMPO,7,5,4,4202,0,0,0,,0,,"SANTA LUCIA CANYON RD","GUARD RD",819.00,S,N,A,-,N,,,,,,,,,,Y,2,0,1,1,A,-,01,23152,A,N,E,I,A,A,H,-,D,D,0,,,,,Y,Y,A,01,1,0,0,0,0,0,0,0,0,"- ","- ",,,"SANTA BARBARA",LOMPOC,-120.49556524,34.676550990000003
8384721,2017,2017-06-28,4204,2017-06-07,1322,19527,021,3,5,5,4204,0,0,0,,0,001,"FILAMINA ST","HAL AV",102.00,E,N,A,-,N,,,,,,,,,,Y,2,0,1,2,A,-,03,22350,,N,H,J,A,A,H,-,A,D,0,,,,,Y,,A,01,1,0,0,0,0,0,0,0,0,"- ","- ",34.962429999999998,-120.41079000000001,"SANTA BARBARA","SANTA MARIA",-120.41034985,34.962251430000002
8404779,2018,2018-06-09,4204,2018-04-02,1749,21388,082,1,5,5,4204,0,0,0,,0,003,"MCCOY LN","CABALLERO LN",3.00,E,N,A,-,N,,,,,,,,,,Y,1,1,0,2,A,-,08,22107,,N,H,G,A,A,H,-,A,A,0,,Y,,,Y,,L,04,0,0,0,0,0,1,0,0,0,"- ","- ",34.916458129882812,-120.430908203125,"SANTA BARBARA","SANTA MARIA",-120.43071746826172,34.916530609130859