CASE_ID,ACCIDENT_YEAR,PROC_DATE,JURIS,COLLISION_DATE,COLLISION_TIME,OFFICER_ID,REPORTING_DISTRICT,DAY_OF_WEEK,CHP_SHIFT,POPULATION,CNTY_CITY_LOC,SPECIAL_COND,BEAT_TYPE,CHP_BEAT_TYPE,CITY_DIVISION_LAPD,CHP_BEAT_CLASS,BEAT_NUMBER,PRIMARY_RD,SECONDARY_RD,DISTANCE,DIRECTION,INTERSECTION,WEATHER_1,WEATHER_2,STATE_HWY_IND,CALTRANS_COUNTY,CALTRANS_DISTRICT,STATE_ROUTE,ROUTE_SUFFIX,POSTMILE_PREFIX,POSTMILE,LOCATION_TYPE,RAMP_INTERSECTION,SIDE_OF_HWY,TOW_AWAY,COLLISION_SEVERITY,NUMBER_KILLED,NUMBER_INJURED,PARTY_COUNT,PRIMARY_COLL_FACTOR,PCF_CODE_OF_VIOL,PCF_VIOL_CATEGORY,PCF_VIOLATION,PCF_VIOL_SUBSECTION,HIT_AND_RUN,TYPE_OF_COLLISION,MVIW,PED_ACTION,ROAD_SURFACE,ROAD_COND_1,ROAD_COND_2,LIGHTING,CONTROL_DEVICE,CHP_ROAD_TYPE,PEDESTRIAN_ACCIDENT,BICYCLE_ACCIDENT,MOTORCYCLE_ACCIDENT,TRUCK_ACCIDENT,NOT_PRIVATE_PROPERTY,ALCOHOL_INVOLVED,STWD_VEHTYPE_AT_FAULT,CHP_VEHTYPE_AT_FAULT,COUNT_SEVERE_INJ,COUNT_VISIBLE_INJ,COUNT_COMPLAINT_PAIN,COUNT_PED_KILLED,COUNT_PED_INJURED,COUNT_BICYCLIST_KILLED,COUNT_BICYCLIST_INJURED,COUNT_MC_KILLED,COUNT_MC_INJURED,PRIMARY_RAMP,SECONDARY_RAMP,LATITUDE,LONGITUDE,COUNTY,CITY,POINT_X,POINT_Y
8404784,2018,2018-06-09,4203,2018-02-24,1850,23768,,6,5,5,4203,0,0,0,,0,003,"STATE ST","COTA ST",248.00,S,N,A,-,N,,,,,,,,,,Y,1,1,0,2,A,-,12,21455,,N,A,B,C,A,H,-,B,A,0,Y,,,,Y,,A,01,0,0,0,1,0,0,0,0,0,"- ","- ",34.417270660400391,-119.69612121582031,"SANTA BARBARA","SANTA BARBARA",-119.69618225097656,34.417270660400391
8416439,2017,2017-08-03,4203,2017-07-20,1513,5751,32,4,5,5,4203,0,0,0,,0,004,"W VICTORIA ST","BATH ST",0.00,,Y,A,-,N,,,,,,,,,,Y,2,0,1,2,A,-,10,21950,A,M,G,B,B,A,H,-,A,A,0,Y,,,,Y,,A,01,1,0,0,0,1,0,0,0,0,"- ","- ",34.421059999999997,-119.70919000000001,"SANTA BARBARA","SANTA BARBARA",-119.7091099,34.421150089999998
8420751,2017,2018-06-11,4204,2017-07-19,2230,90269,34,3,5,5,4204,0,0,0,,0,002,"MAIN ST",BROADWAY,0.00,,Y,A,-,Y,SB,5,135,-,-,15.772,I,5,N,N,2,0,1,2,A,-,06,21750,,F,B,G,A,A,H,-,C,A,0,,Y,,,Y,Y,A,08,1,0,0,0,0,0,1,0,0,"- ","- ",34.953139999999998,-120.43586000000001,"SANTA BARBARA","SANTA MARIA",-120.43580762000001,34.953070820000001
8424254,2017,2017-08-11,4203,2017-07-29,1406,9480,,6,5,5,4203,0,0,0,,0,005,"LAS POSITAS RD","MCCAW AV",0.00,,Y,A,-,N,,,,,,,,,,Y,2,0,1,2,A,-,09,21801,A,N,D,C,A,A,H,-,A,D,0,,,,,Y,,-,,1,0,0,0,0,0,0,0,0,"- ","- ",34.263109999999998,-119.44037,"SANTA BARBARA","SANTA BARBARA",-119.73393987999999,34.438530030000003
8427005,2017,2017-08-16,4204,2017-08-03,1637,90269,25,4,5,5,4204,0,0,0,,0,001,"BENWILEY AV","FESLER ST",150.00,N,N,A,-,N,,,,,,,,,,N,2,0,1,2,A,-,11,21954,A,N,G,B,D,A,H,-,A,D,0,Y,,,,Y,,N,60,1,0,0,0,1,0,0,0,0,"- ","- ",34.956719999999997,-120.44583,"SANTA BARBARA","SANTA MARIA",-120.4456354,34.957281989999998
8436912,2017,2017-09-19,4204,2017-09-12,1345,90276,01,2,5,5,4204,0,0,0,,0,B01,"CANADA ST","BLOSSER RD",38.00,E,N,A,-,N,,,,,,,,,,N,2,0,2,2,A,-,03,22350,,N,A,C,A,A,H,-,A,D,0,,,,,Y,,A,01,1,0,1,0,0,0,0,0,0,"- ","- ",34.98151,-120.4528,"SANTA BARBARA","SANTA MARIA",,
84394480,2024,2024-09-16,4204,2024-08-31,1234,91548,,6,5,5,4204,0,0,0,,0,001,"BLOSSER RD","MAIN ST",0.00,,Y,A,-,Y,,,,,,,,,,Y,2,0,4,3,A,-,01,23152,A,N,D,C,A,A,H,-,C,A,0,,,,,Y,Y,A,01,1,1,2,0,0,0,0,0,0,"- ","- ",34.952548980712891,-120.45327758789062,"SANTA BARBARA","SANTA MARIA",-120.45371246337891,34.95330810546875
84417359,2024,2024-10-03,4204,2024-09-18,"217 ",90994,,3,5,5,4204,0,0,0,,0,001,"DONOVAN RD","LYNNE DR",0.00,,Y,A,-,N,,,,,,,,,,Y,2,0,3,1,A,-,01,23153,A,N,E,J,A,A,H,-,C,A,0,,,,,Y,Y,A,01,1,1,1,0,0,0,0,0,0,"- ","- ",34.966411590576172,-120.42594909667969,"SANTA BARBARA","SANTA MARIA",-120.42675018310547,34.967662811279297
84448312,2024,2024-10-29,4200,2024-08-27,1745,3077,,2,5,4,4214,0,0,0,,0,080,"CATHEDRAL OAKS RD","NORTHGATE DR",100.00,E,N,A,-,N,,,,,,,,,,Y,2,0,1,2,A,-,03,22350,,N,C,C,A,A,H,-,A,A,0,,,Y,,Y,,C,02,1,0,0,0,0,0,0,0,1,"- ","- ",,,"SANTA BARBARA",GOLETA,-119.88796234130859,34.441539764404297
84448313,2024,2024-10-29,4200,2024-10-05,1634,3077,,6,5,3,4205,0,0,0,,0,030,"CARPINTERIA AVE","MAPLE AVE",57.00,W,N,B,-,N,,,,,,,,,,N,2,0,1,1,A,-,08,22107,,N,E,A,A,A,H,-,A,D,0,,Y,,,Y,Y,M,91,1,0,0,0,0,0,1,0,0,"- ","- ",34.398189544677734,-119.51753997802734,"SANTA BARBARA",CARPINTERIA,-119.51743316650391,34.39813232421875
84492977,2024,2024-12-05,4204,2024-11-19,"520 ",91486,,2,5,5,4204,0,0,0,,0,002,BROADWAY,"MORRISON AVE",0.00,,Y,A,-,Y,SB,,135," "," ",15.079,H,,R,N,2,0,1,2,A,-,10,21950,A,F,G,B,B,A,H,-,B,A,0,Y,,,,Y,,A,01,1,0,0,0,1,0,0,0,0,"- ","- ",34.943080902099609,-120.43580627441406,"SANTA BARBARA","SANTA MARIA",-120.43595886230469,34.943080902099609
84502758,2024,2024-12-30,4204,2024-11-21,1746,91258,,4,5,5,4204,0,0,0,,0,,"COOK ST","LINCOLN ST",215.00,E,N,A,-,N,,,,,,,,,,N,2,0,1,2,A,-,11,21954,A,N,G,B,D,A,H,-,C,D,0,Y,,,,Y,,N,60,1,0,0,0,1,0,0,0,0,"- ","- ",34.948780059814453,-120.43714141845703,"SANTA BARBARA","SANTA MARIA",-120.43670654296875,34.949844360351562
84520806,2024,2024-12-31,4200,2024-12-09,1233,4615,,1,5,4,4214,0,0,0,,0,060,"LOS CARNEROS RD","RT 101 SBON/R",0.00,,Y,A,-,Y,,,,,,,,,,Y,2,0,6,2,A,-,12,21453,A,N,D,C,A,A,H,-,A,A,0,,,,,Y,,A,01,1,4,1,0,0,0,0,0,0,"- ","- ",34.437248229980469,-119.85289764404297,"SANTA BARBARA",GOLETA,,
84522801,2024,2025-01-06,4204,2024-11-20,"859 ",20894,,3,5,5,4204,0,0,0,,0,002,"BLOSSER RD",FESLER,20.00,S,N,A,-,N,,,,,,,,,,N,2,0,1,3,A,-,09,21804,A,N,D,C,A,A,H,-,A,D,0,,,Y,,Y,,C,03,1,0,0,0,0,0,0,0,0,"- ","- ",34.95697021484375,-120.45374298095703,"SANTA BARBARA","SANTA MARIA",-120.45355987548828,34.956905364990234
84551803,2025,2025-01-28,4204,2025-01-07,2038,90343,,2,5,5,4204,0,0,0,,0,002,BROADWAY,"FESLER ST",210.00,S,N,A,-,Y,SB,,135," "," ",16.000,H,,R,N,2,0,2,2,A,-,11,21954,A,N,G,B,D,A,H,-,C,D,0,Y,,,,Y,,N,60,1,0,1,0,1,0,0,0,0,"- ","- ",34.956470489501953,-120.43572998046875,"SANTA BARBARA","SANTA MARIA",-120.435791015625,34.956417083740234
84569703,2025,2025-02-07,4204,2025-01-22,1850,91249,,3,5,5,4204,0,0,0,,0,003,"BETTERAVIA RD","BLOSSER RD",200.00,E,N,A,-,N,,,,,,,,,,N,2,0,1,2,A,-,11,21950,B,N,G,B,D,A,H,-,C,D,0,Y,,,,Y,,N,60,1,0,0,0,1,0,0,0,0,"- ","- ",34.920719146728516,-120.45393371582031,"SANTA BARBARA","SANTA MARIA",-120.45342254638672,34.920631408691406
84584848,2025,2025-02-20,4204,2025-02-04,"732 ",90375,,2,5,5,4204,0,0,0,,0,,"STOWELL RD","DEPOT ST",36.00,W,N,A,-,N,,,,,,,,,,N,2,0,1,2,A,-,09,21804,A,N,D,G,A,A,H,-,A,A,0,,Y,,,Y,,L,04,1,0,0,0,0,0,1,0,0,"- ","- ",34.938831329345703,-120.44464111328125,"SANTA BARBARA","SANTA MARIA",-120.44481658935547,34.93865966796875
84591375,2024,2025-02-27,4204,2024-12-28,2300,91404,,6,5,5,4204,0,0,0,,0,002,"E ST",PRANDINI,0.00,,Y,A,-,N,,,,,,,,,,N,2,0,2,2,A,-,03,22350,,N,A,E,A,B,H,-,C,D,0,,,,,Y,,A,01,1,1,0,0,0,0,0,0,0,"- ","- ",34.934700012207031,-120.47270202636719,"SANTA BARBARA","SANTA MARIA",,
8459568,2017,2018-05-04,4200,2017-09-17,1702,4974,14,7,5,4,4214,0,0,0,,0,050,"VALDEZ AV","CALLE REAL",20.00,N,N,A,-,N,,,,,,,,,,Y,2,0,1,2,A,-,01,23152,A,N,B,C,A,A,H,-,A,A,0,,,,,Y,Y,A,01,1,0,0,0,0,0,0,0,0,"- ","- ",34.439450000000001,-119.83771,"SANTA BARBARA",GOLETA,-119.83769586,34.439354700000003
84632275,2025,2025-04-01,4204,2025-03-07,1910,90971,,5,5,5,4204,0,0,0,,0,001,"DONOVAN RD","PINE ST",0.00,,Y,A,-,N,,,,,,,,,,Y,2,0,4,3,A,-,09,21800,A,F,A,D,A,A,H,-,C,D,0,,,,,Y,,A,01,1,3,0,0,0,0,0,0,0,"- ","- ",34.967830657958984,-120.43785095214844,"SANTA BARBARA","SANTA MARIA",-120.43801116943359,34.967727661132812
8465465,2017,2018-10-25,4204,2017-05-28,0014,90081,1,7,5,5,4204,0,0,0,,0,009,"DONOVAN RD","RAILROAD AV",0.00,,Y,A,-,N,,,,,,,,,,Y,1,1,3,2,A,-,01,23152,A,N,D,C,A,A,H,-,C,A,0,,,,,Y,Y,A,07,0,0,3,0,0,0,0,0,0,"- ","- ",34.967930000000003,-120.44425,"SANTA BARBARA","SANTA MARIA",-120.44445992,34.967750019999997
8465515,2017,2019-04-10,4204,2017-10-21,1702,22557,10,6,5,5,4204,0,0,0,,0,001,BROADWAY,"WILLIAMS ST",0.00,,Y,A,-,Y,SB,5,135,-,-,16.930,I,5,S,N,1,1,0,2,A,-,09,21801,A,F,D,G,A,A,H,-,B,A,0,,Y,,,Y,,A,01,0,0,0,0,0,1,0,0,0,"- ","- ",,,"SANTA BARBARA","SANTA MARIA",-120.43570962,34.969881819999998
8465633,2018,2020-05-26,4204,2018-07-06,2316,21338,060,5,5,5,4204,0,0,0,,0,003,"STOWELL RD","BLOSSER RD",0.00,,Y,A,-,N,,,,,,,,,,Y,1,4,1,3,A,-,01,23152,A,N,D,C,A,A,H,-,C,A,0,,,,,Y,Y,D,22,1,0,0,0,0,0,0,0,0,"- ","- ",34.939079284667969,-120.45375061035156,"SANTA BARBARA","SANTA MARIA",-120.45390319824219,34.93878173828125
8465813,2018,2020-05-22,4203,2018-12-03,1559,4937,,1,5,5,4203,0,0,0,,0,002,"CLIFF DR","LOMA ALTA",280.00,E,N,A,-,N,,,225,,,,,,,Y,1,1,0,2,A,-,03,22350,,N,E,I,A,A,H,-,A,D,0,,,Y,,Y,,C,02,0,0,0,0,0,0,0,1,0,"- ","- ",34.40679931640625,-119.70040130615234,"SANTA BARBARA","SANTA BARBARA",-119.70040893554688,34.406867980957031
8465879,2019,2019-07-03,4200,2019-03-15,0604,3116,10,5,5,3,4205,0,0,0,,0,030,"RT 150","VIA REAL",0.00,,Y,A,-,Y,SB,5,150,-,-,0.283,I,5,W,Y,1,1,0,2,A,-,09,21801,A,N,D,C,A,A,H,-,C,D,0,,,Y,,Y,,D,22,0,0,0,0,0,0,0,1,0,"- ","- ",,,"SANTA BARBARA",CARPINTERIA,-119.48014831542969,34.384433746337891
84719371,2025,2025-06-10,4204,2025-05-20,"953 ",23295,,2,5,5,4204,0,0,0,,0,003,"BATTLES RD","SHEPARD DR",0.00,,Y,A,-,N,,,,,,,,,,N,2,0,2,2,A,-,09,21801,A,N,A,C,A,A,H,-,A,A,0,,,,,Y,,A,01,2,0,0,0,0,0,0,0,0,"- ","- ",34.929931640625,-120.42150115966797,"SANTA BARBARA","SANTA MARIA",-120.42118835449219,34.931259155273438
84745299,2025,2025-07-01,4204,2025-06-13,2112,91597,,5,5,5,4204,0,0,0,,0,001,"BROADWAY 101 RAMP","H101 BROADWAY OFF (S)",0.00,,Y,A,-,Y,SB,,135," "," ",17.680,H,,R,Y,2,0,4,2,A,-,01,23152,A,N,A,C,A,A,H,-,D,D,0,,,,,Y,Y,A,07,1,2,1,0,0,0,0,0,0,"- ","- ",34.980220794677734,-120.43283081054688,"SANTA BARBARA","SANTA MARIA",-120.43287658691406,34.980262756347656
84748870,2025,2025-07-07,4204,2025-06-15,1618,90753,,7,5,5,4204,0,0,0,,0,001,BROADWAY,"GRANT ST",285.00,S,N,A,-,Y,,,,,,,,,,Y,2,0,2,2,A,-,01,23152,A,N,D,C,A,A,H,-,A,D,0,,,,,Y,Y,A,01,1,1,0,0,0,0,0,0,0,"- ","- ",34.971668243408203,-120.43460845947266,"SANTA BARBARA","SANTA MARIA",-120.43559265136719,34.971988677978516
8478669,2017,2017-11-15,4204,2017-09-13,0923,21338,062,3,5,5,4204,0,0,0,,0,003,"STOWELL RD",BROADWAY,270.00,W,N,A,-,N,,,,,,,,,,Y,2,0,1,2,A,-,09,21801,A,N,D,C,A,A,H,-,A,D,0,,,Y,,Y,,A,07,1,0,0,0,0,0,0,0,0,"- ","- ",34.938499999999998,-120.43595999999999,"SANTA BARBARA","SANTA MARIA",-120.43694600000001,34.938504999999999
8489493,2017,2018-06-13,4200,2017-11-03,1113,3934,11,5,5,2,4212,0,0,0,,0,,"RT 246","RT 101",157.00,W,N,A,-,N,,,,,,,,,,Y,2,0,1,2,A,-,08,22107,,N,A,C,A,A,H,-,A,A,0,,,,,Y,,A,08,1,0,0,0,0,0,0,0,0,"- ",SF,,,"SANTA BARBARA",BUELLTON,-120.19072542000001,34.612287209999998
8489963,2017,2018-01-03,4204,2017-10-25,1526,90269,75,3,5,5,4204,0,0,0,,0,003,"NEWLOVE DR","MCCLELLAND ST",0.00,,Y,A,-,N,,,,,,,,,,Y,2,0,3,2,A,-,09,21802,A,N,D,C,A,A,H,-,A,A,0,,,,,Y,,A,07,1,0,2,0,0,0,0,0,0,"- ","- ",34.929850000000002,-120.43512,"SANTA BARBARA","SANTA MARIA",-120.43491996,34.92986002
8496214,2017,2018-01-06,4204,2017-11-06,1505,90276,61,1,5,5,4204,0,0,0,,0,B02,"MORRISON AV","SMITH ST",268.00,E,N,A,-,N,,,,,,,,,,Y,2,0,1,2,A,-,09,21804,A,N,D,C,A,A,H,-,A,A,0,,,,,Y,,A,01,1,0,0,0,0,0,0,0,0,"- ","- ",34.943330000000003,-120.44246,"SANTA BARBARA","SANTA MARIA",-120.44175633,34.943181289999998
8499637,2017,2018-02-16,4204,2017-11-09,0548,19101,35,4,5,5,4204,0,0,0,,0,002,"MILLER ST","CHAPEL ST",37.00,N,N,A,-,N,,,,,,,,,,Y,1,1,0,1,A,-,08,22107,,N,E,I,A,A,H,-,B,D,0,,,,,Y,,D,22,0,0,0,0,0,0,0,0,0,"- ","- ",34.954230000000003,-120.43143000000001,"SANTA BARBARA","SANTA MARIA",-120.43146624000001,34.95437158
8503478,2017,2017-12-18,4203,2017-11-03,1706,23765,,5,5,5,4203,0,0,0,,0,004,"DE LA VINA ST","COTA ST",0.00,,Y,A,-,N,,,,,,,,,,N,2,0,1,2,A,-,12,22450,A,N,D,G,A,A,H,-,C,A,0,,Y,,,Y,,L,04,1,0,0,0,0,0,1,0,0,"- ","- ",34.253100000000003,-119.42359999999999,"SANTA BARBARA","SANTA BARBARA",-119.6990699,34.415620109999999
8523031,2017,2018-01-12,4203,2017-12-23,1914,5086,,6,5,5,4203,0,0,0,,0,003,"E COTA ST","STATE ST",245.00,E,N,A,-,N,,,,,,,,,,N,2,0,1,2,A,-,11,21954,A,N,B,B,D,A,H,-,E,D,0,Y,,,,Y,,N,60,1,0,0,0,1,0,0,0,0,"- ","- ",,,"SANTA BARBARA","SANTA BARBARA",-119.69626622,34.4182439
8523421,2017,2018-01-09,4200,2017-10-29,2019,4512,14,7,5,4,4214,0,0,0,,0,080,"CALLE REAL","JENNA DR",140.00,W,N,A,-,N,,,,,,,,,,Y,2,0,1,5,A,-,05,21650,,N,B,E,A,A,H,-,C,D,0,,,,,Y,,A,01,1,0,0,0,0,0,0,0,0,"- ","- ",,,"SANTA BARBARA",GOLETA,-119.89855385,34.43657022
8527080,2017,2018-01-10,4200,2017-11-16,2007,3083,14,4,5,4,4214,0,0,0,,0,060,"HOLLISTER AV","NECTARINE AV",229.00,W,N,A,-,N,,,,,,,,,,Y,2,0,1,2,A,-,21,22106,,N,D,C,A,A,H,-,C,D,0,,,Y,,Y,,A,08,1,0,0,0,0,0,0,0,1,"- ","- ",,,"SANTA BARBARA",GOLETA,-119.82741661999999,34.435896659999997
8528098,2017,2018-01-10,4200,2017-11-11,1722,3083,14,6,5,4,4214,0,0,0,,0,060,"HOLLISTER AV","S KELLOGG AV",0.00,,Y,A,-,N,,,,,,,,,,N,2,0,1,2,A,-,11,21456,,N,G,B,B,A,H,-,E,A,0,Y,,,,Y,,N,60,1,0,0,0,1,0,0,0,0,"- ","- ",,,"SANTA BARBARA",GOLETA,-119.82055998,34.435690059999999
8528237,2017,2018-01-12,4200,2017-12-22,1403,3116,14,5,5,4,4214,0,0,0,,0,050,"FAIRVIEW AV","SHIRRELL WY",0.00,,Y,A,-,N,,,,,,,,,,Y,2,0,1,2,A,-,09,21802,A,N,D,C,A,A,H,-,A,A,0,,,Y,,Y,,A,07,1,0,0,0,0,0,0,0,1,"- ","- ",,,"SANTA BARBARA",GOLETA,-119.83065997,34.444080059999997
8533735,2017,2018-01-19,4204,2017-12-22,1934,90719,4204,5,5,5,4204,0,0,0,,0,002,"MAIN ST","ELIZABETH ST E",0.00,,Y,A,-,N,,,166,,,,,,,Y,2,0,1,2,A,-,03,22350,,N,G,B,B,A,H,-,C,D,0,Y,,,,Y,,A,01,1,0,0,0,1,0,0,0,0,"- ","- ",34.95299,-120.42838999999999,"SANTA BARBARA","SANTA MARIA",-120.42839221,34.953103239999997
8536774,2018,2018-02-12,4203,2018-01-11,1933,23766,,4,5,5,4203,0,0,0,,0,006,"MODOC RD","EUCALYPTUS AV",84.00,S,N,A,-,N,,,,,,,,,,Y,2,0,1,2,A,-,01,23152,,N,-,E,A,A,H,-,C,D,0,,,,,Y,Y,A,01,1,0,0,0,0,0,0,0,0,"- ","- ",34.424800872802734,-119.72370147705078,"SANTA BARBARA","SANTA BARBARA",-119.72445678710938,34.424976348876953
8542618,2018,2019-01-25,4203,2018-01-23,1934,24576,42,2,5,5,4203,0,0,0,,0,004,"STATE ST","MITCHEL TORENA ST",43.00,S,N,A,-,N,,,,,,,,,,N,1,1,0,2,A,-,01,23152,G,N,G,B,B,A,H,-,C,A,0,Y,,,,Y,Y,A,01,0,0,0,1,0,0,0,0,0,"- ","- ",34.253299713134766,-119.42269897460938,"SANTA BARBARA","SANTA BARBARA",-119.708201,34.426076000000002
8546014,2017,2018-02-07,4202,2017-12-14,1801,237,4202,4,5,4,4202,0,0,0,,0,,"O ST","DATE AV",33.00,S,N,A,-,N,,,,,,,,,,N,2,0,1,2,A,-,11,21954,A,N,G,B,D,A,H,-,C,D,0,Y,,,,Y,,N,60,1,0,0,0,1,0,0,0,0,"- ","- ",,,"SANTA BARBARA",LOMPOC,-120.46668421,34.64616942
8548891,2018,2018-08-02,4204,2018-02-02,2244,90718,82,5,5,5,4204,0,0,0,,0,003,BROADWAY,"BETTERAVIA RD",0.00,,Y,A,-,Y,SB,5,135,-,-,13.530,H,-,S,Y,2,0,2,2,A,-,01,23152,A,N,B,C,A,A,H,-,C,A,0,,,,,Y,Y,D,23,1,0,1,0,0,0,0,0,0,"- ","- ",34.920890808105469,-120.43612670898438,"SANTA BARBARA","SANTA MARIA",-120.43611907958984,34.920669555664062
8556122,2018,2018-02-23,4204,2018-02-12,0631,90276,51,1,5,5,4204,0,0,0,,0,B02,"COOK ST","LINCOLN ST",163.00,W,N,B,-,N,,,,,,,,,,Y,2,0,1,2,A,-,11,21954,A,N,G,B,D,A,H,-,A,A,0,Y,,,,Y,,N,60,1,0,0,0,1,0,0,0,0,"- ","- ",34.949928283691406,-120.43753814697266,"SANTA BARBARA","SANTA MARIA",-120.43796539306641,34.949840545654297
8572953,2018,2018-03-21,4204,2018-02-14,1909,90269,29,3,5,5,4204,0,0,0,,0,001,"COLLEGE DR","ARMSTRONG AV",0.00,,Y,A,-,N,,,,,,,,,,N,2,0,1,2,A,-,10,21950,A,N,G,B,B,A,H,-,C,D,0,Y,,,,Y,,D,22,1,0,0,0,1,0,0,0,0,"- ","- ",34.958000183105469,-120.425048828125,"SANTA BARBARA","SANTA MARIA",-120.42495727539062,34.958148956298828
8582921,2018,2018-03-28,4200,2018-02-23,2025,3083,14,5,5,4,4214,0,0,0,,0,080,"CATHEDRAL OAKS RD","EVERGREEN DR",0.00,,Y,A,-,N,,,,,,,,,,Y,2,0,2,2,A,-,01,23152,A,N,D,C,A,A,H,-,C,D,0,,,,,Y,Y,A,01,1,0,1,0,0,0,0,0,0,"- ","- ",,,"SANTA BARBARA",GOLETA,-119.88829040527344,34.441539764404297
8598486,2018,2018-04-20,4203,2018-04-03,1649,1959,,2,5,5,4203,0,0,0,,0,002,"MONTECITO ST","CASTILLO ST",180.00,W,N,A,-,N,,,,,,,,,,,2,0,1,2,A,-,09,21801,A,N,D,C,A,A,H,-,A,A,0,,,,,Y,,-,,1,0,0,0,0,0,0,0,0,"- ","- ",34.243999481201172,-119.41490173339844,"SANTA BARBARA","SANTA BARBARA",-119.6978759765625,34.410301208496094
8599646,2018,2018-04-23,4204,2018-04-10,1910,90623,67,2,5,5,4204,0,0,0,,0,003,"ENOS DR","DEPOT ST",100.00,E,N,A,-,N,,,,,,,,,,N,2,0,1,2,A,-,11,21954,A,N,G,B,-,A,H,-,A,D,0,Y,,,,Y,,N,60,1,0,0,0,1,0,0,0,0,"- ","- ",34.934848785400391,-120.44477844238281,"SANTA BARBARA","SANTA MARIA",-120.44442749023438,34.934661865234375
8616920,2018,2018-05-18,4203,2018-05-04,1153,23518,,5,5,5,4203,0,0,0,,0,005,"HITCHCOCK WY","MONTEREY PINE ST",101.00,N,N,A,-,N,,,,,,,,,,N,2,0,1,2,A,-,09,21804,A,N,H,I,A,A,H,-,A,D,0,,,,,Y,,-,,1,0,0,0,0,0,0,0,0,"- ","- ",34.437999725341797,-119.74400329589844,"SANTA BARBARA","SANTA BARBARA",-119.74445343017578,34.438045501708984
8618009,2018,2018-05-30,4203,2018-05-13,2051,23765,22,7,5,5,4203,0,0,0,,0,006,"W MICHELTORENA ST","SAN ANDRES ST",0.00,,Y,A,-,N,,,,,,,,,,Y,2,0,1,2,A,-,09,21801,A,N,D,G,A,A,H,-,C,A,0,,Y,,,Y,,D,22,1,0,0,0,0,0,1,0,0,"- ","- ",34.417400360107422,-119.71450042724609,"SANTA BARBARA","SANTA BARBARA",-119.71617889404297,34.418781280517578
8627549,2018,2018-06-13,4203,2018-05-28,1932,23136,,1,5,5,4203,0,0,0,,0,001,"S MILPAS ST","QUINIENTOS ST",0.00,,Y,A,-,N,,,,,,,,,,N,2,0,1,2,A,-,09,21801,A,N,D,G,A,A,H,-,A,A,0,,Y,,,Y,,A,01,1,0,0,0,0,0,1,0,0,"- ","- ",34.421581268310547,-119.67900085449219,"SANTA BARBARA","SANTA BARBARA",-119.67890167236328,34.421619415283203
8632038,2018,2018-08-22,4202,2018-04-18,2310,234,LOMPO,3,5,4,4202,0,0,0,,0,,"RT 1","PINE AV",6.00,E,N,A,-,Y,SB,5,1,-,-,21.330,H,-,S,Y,2,0,1,2,A,-,17,21461,A,N,D,G,A,A,H,-,C,A,0,,Y,,,Y,,L,04,1,0,0,0,0,0,1,0,0,"- ","- ",,,"SANTA BARBARA",LOMPOC,-120.45783233642578,34.650081634521484
8638302,2018,2018-06-20,4203,2018-06-10,2145,24073,,7,5,5,4203,0,0,0,,0,003,"STATE ST","GUTIERREZ ST",84.00,S,N,A,-,N,,,101,,,,,,,Y,2,0,1,1,A,-,01,23152,A,N,F,I,A,A,H,-,C,A,0,,,,,Y,Y,-,,1,0,0,0,0,0,0,0,0,"- ","- ",34.414829254150391,-119.69268798828125,"SANTA BARBARA","SANTA BARBARA",-119.69297027587891,34.415122985839844
8642247,2018,2018-07-10,4200,2018-06-01,1513,5052,10,5,5,3,4205,0,0,0,,0,040,"CARPINTERIA AV","ELM AV",0.00,,Y,A,-,N,,,,,,,,,,N,2,0,1,2,A,-,11,21950,B,N,G,B,B,A,H,-,A,D,0,Y,,,,Y,,N,60,1,0,0,0,1,0,0,0,0,"- ","- ",,,"SANTA BARBARA",CARPINTERIA,-119.51941680908203,34.399810791015625
8647413,2018,2018-07-06,4200,2018-06-11,0727,3683,14,1,5,4,4214,0,0,0,,0,080,"STORKE RD","SANTA FELICIA DR",208.00,S,N,A,-,N,,,,,,,,,,N,2,0,1,2,A,-,09,21801,A,N,G,B,E,A,H,-,A,D,0,Y,,,,Y,,A,07,1,0,0,0,1,0,0,0,0,"- ","- ",,,"SANTA BARBARA",GOLETA,-119.86969757080078,34.426116943359375
8650638,2018,2018-09-27,4203,2018-07-29,1151,23136,,7,5,5,4203,0,0,0,,0,004,"W CANON PERDIDO ST","STATE ST",108.00,W,N,A,-,N,,,,,,,,,,,2,0,1,2,A,-,17,22517,,N,-,G,A,A,H,-,A,A,0,,Y,,,Y,,-,,1,0,0,0,0,0,1,0,0,"- ","- ",34.420059204101562,-119.70111846923828,"SANTA BARBARA","SANTA BARBARA",-119.70083618164062,34.420295715332031
8658573,2018,2018-07-11,4204,2018-06-26,1850,90623,26,2,5,5,4204,0,0,0,,0,001,"RAILROAD AV","EL CAMINO ST",0.00,,Y,A,-,N,,,,,,,,,,Y,2,0,1,2,A,-,09,21804,,N,D,C,A,A,H,-,A,D,0,,,,,Y,,A,01,1,0,0,0,0,0,0,0,0,"- ","- ",34.958858489990234,-120.44464111328125,"SANTA BARBARA","SANTA MARIA",-120.44460296630859,34.958648681640625
8668458,2018,2018-08-02,4204,2018-07-09,1447,90276,64,1,5,5,4204,0,0,0,,0,B03,"STOWELL RD","PRADINI WY",2084.00,E,N,A,-,N,,,,,,,,,,Y,2,0,4,2,A,-,09,21801,A,N,A,C,A,A,H,-,A,D,0,,,,,Y,,A,07,1,0,3,0,0,0,0,0,0,"- ","- ",34.938240051269531,-120.48082733154297,"SANTA BARBARA","SANTA MARIA",,