CASE_ID,ACCIDENT_YEAR,PROC_DATE,JURIS,COLLISION_DATE,COLLISION_TIME,OFFICER_ID,REPORTING_DISTRICT,DAY_OF_WEEK,CHP_SHIFT,POPULATION,CNTY_CITY_LOC,SPECIAL_COND,BEAT_TYPE,CHP_BEAT_TYPE,CITY_DIVISION_LAPD,CHP_BEAT_CLASS,BEAT_NUMBER,PRIMARY_RD,SECONDARY_RD,DISTANCE,DIRECTION,INTERSECTION,WEATHER_1,WEATHER_2,STATE_HWY_IND,CALTRANS_COUNTY,CALTRANS_DISTRICT,STATE_ROUTE,ROUTE_SUFFIX,POSTMILE_PREFIX,POSTMILE,LOCATION_TYPE,RAMP_INTERSECTION,SIDE_OF_HWY,TOW_AWAY,COLLISION_SEVERITY,NUMBER_KILLED,NUMBER_INJURED,PARTY_COUNT,PRIMARY_COLL_FACTOR,PCF_CODE_OF_VIOL,PCF_VIOL_CATEGORY,PCF_VIOLATION,PCF_VIOL_SUBSECTION,HIT_AND_RUN,TYPE_OF_COLLISION,MVIW,PED_ACTION,ROAD_SURFACE,ROAD_COND_1,ROAD_COND_2,LIGHTING,CONTROL_DEVICE,CHP_ROAD_TYPE,PEDESTRIAN_ACCIDENT,BICYCLE_ACCIDENT,MOTORCYCLE_ACCIDENT,TRUCK_ACCIDENT,NOT_PRIVATE_PROPERTY,ALCOHOL_INVOLVED,STWD_VEHTYPE_AT_FAULT,CHP_VEHTYPE_AT_FAULT,COUNT_SEVERE_INJ,COUNT_VISIBLE_INJ,COUNT_COMPLAINT_PAIN,COUNT_PED_KILLED,COUNT_PED_INJURED,COUNT_BICYCLIST_KILLED,COUNT_BICYCLIST_INJURED,COUNT_MC_KILLED,COUNT_MC_INJURED,PRIMARY_RAMP,SECONDARY_RAMP,LATITUDE,LONGITUDE,COUNTY,CITY,POINT_X,POINT_Y
8669205,2018,2018-08-17,4203,2018-07-19,1623,6517,4203,4,5,5,4203,0,0,0,,0,001,"MOUNTAIN DR","ROCKWOOD DR",100.00,S,N,A,-,N,,,,,,,,,,N,2,0,1,1,D,-,00,,,N,F,A,A,A,H,-,A,D,0,,Y,,,Y,,-,"- ",1,0,0,0,0,0,1,0,0,"- ","- ",34.446830749511719,-119.69416809082031,"SANTA BARBARA","SANTA BARBARA",-119.69393157958984,34.446983337402344
8671148,2018,2018-10-11,4203,2018-07-20,1530,7187,,5,5,5,4203,0,0,0,,0,002,"CABRILLO BL","MILPAS ST",25.00,E,N,A,-,N,,,,,,,,,,N,2,0,1,2,A,-,03,22350,,N,C,C,A,A,H,-,A,A,0,,,,,Y,,D,22,1,0,0,0,0,0,0,0,0,"- ","- ",34.416820526123047,-119.67208099365234,"SANTA BARBARA","SANTA BARBARA",-119.67214965820312,34.416786193847656
8679323,2018,2019-02-07,4204,2018-12-23,1527,90822,69,7,5,5,4204,0,0,0,,0,003,"BATTLES RD","SHEPARD DR",0.00,,Y,A,-,N,,,,,,,,,,Y,2,0,1,2,A,-,09,21802,,N,D,C,A,A,H,-,A,A,0,,,,,Y,,D,22,1,0,0,0,0,0,0,0,0,"- ","- ",34.931259155273438,-120.42144012451172,"SANTA BARBARA","SANTA MARIA",-120.42119,34.931260000000002
8689713,2018,2018-09-14,4204,2018-08-11,1902,90373,58,6,5,5,4204,0,0,0,,0,002,"MILLER ST","STOWELL RD",0.00,,Y,A,-,N,,,,,,,,,,N,2,0,1,2,A,-,08,22107,,F,B,G,A,A,H,-,B,A,0,,Y,,,Y,,-,99,1,0,0,0,0,0,1,0,0,"- ","- ",34.938381195068359,-120.43154144287109,"SANTA BARBARA","SANTA MARIA",-120.43160247802734,34.938480377197266
8689753,2018,2018-09-13,4204,2018-08-14,1542,90276,81,2,5,5,4204,0,0,0,,0,B03,"MCCOY LN",BROADWAY,149.00,E,N,A,-,N,,,,,,,,,,Y,2,0,1,2,A,-,09,21804,A,N,D,C,A,A,H,-,A,A,0,,,Y,,Y,,A,01,1,0,0,0,0,0,0,0,1,"- ","- ",34.916671752929688,-120.43614959716797,"SANTA BARBARA","SANTA MARIA",-120.43558400000001,34.916663999999997
8690584,2018,2018-09-26,4204,2018-08-26,1514,90790,07,7,5,5,4204,0,0,0,,0,001,"GRANT ST","DEPOT ST",285.00,E,N,A,-,N,,,,,,,,,,N,2,0,2,3,A,-,11,21954,A,N,G,B,C,A,H,-,A,D,0,Y,,,,Y,,N,60,1,1,0,0,2,0,0,0,0,"- ","- ",34.972640991210938,-120.44420623779297,"SANTA BARBARA","SANTA MARIA",-120.44293975830078,34.972824096679688
8693975,2018,2018-09-20,4203,2018-08-12,1849,23770,,7,5,5,4203,0,0,0,,0,006,"SAN ANDRES ST","W SOLA ST",171.00,S,N,A,-,N,,,,,,,,,,N,2,0,1,2,A,-,11,21954,A,N,G,B,D,A,H,-,A,D,0,Y,,,,Y,,N,60,1,0,0,0,1,0,0,0,0,"- ","- ",34.417510986328125,-119.71450042724609,"SANTA BARBARA","SANTA BARBARA",-119.71446990966797,34.417510986328125
8694389,2018,2018-09-17,4202,2018-08-23,2107,06825,4202,4,5,4,4202,0,0,0,,0,,"NORTH AV","A ST",47.00,W,N,A,-,N,,,,,,,,,,N,2,0,1,2,A,-,00,21968,A,N,D,J,E,A,H,-,C,D,0,Y,,,,Y,,N,60,1,0,0,0,1,0,0,0,0,"- ","- ",,,"SANTA BARBARA",LOMPOC,-120.44901275634766,34.6533203125
8703765,2018,2018-09-28,4203,2018-09-21,2318,24079,,5,5,5,4203,0,0,0,,0,004,"MICHELTORENA ST","STATE ST",0.00,,Y,A,-,N,,,,,,,,,,Y,2,0,2,2,A,-,01,23152,A,N,D,C,A,A,H,-,C,A,0,,,Y,,Y,Y,C,03,2,0,0,0,0,0,0,0,2,"- ","- ",,,"SANTA BARBARA","SANTA BARBARA",-119.70832061767578,34.426170349121094
8709438,2018,2018-10-10,4203,2018-08-06,2038,22856,,1,5,5,4203,0,0,0,,0,004,"W MISSION ST","DE LA VINA ST",192.00,E,N,A,-,N,,,,,,,,,,Y,2,0,1,2,D,-,00,,,N,B,E,A,A,H,-,D,D,0,,,,,Y,,-,"- ",1,0,0,0,0,0,0,0,0,"- ","- ",34.254501342773438,-119.4259033203125,"SANTA BARBARA","SANTA BARBARA",-119.716552734375,34.429130554199219
8712575,2018,2018-11-05,4204,2018-09-26,2050,90815,27,3,5,5,4204,0,0,0,,0,001,"E TUNNELL ST","VINE ST",0.00,,Y,A,-,N,,,,,,,,,,N,2,0,1,4,A,-,"- ",,,F,G,B,E,A,H,-,C,D,0,Y,,,,Y,Y,A,01,1,0,0,0,1,0,0,0,0,"- ","- ",34.957511901855469,-120.43267059326172,"SANTA BARBARA","SANTA MARIA",-120.43267059326172,34.95751953125
8716741,2018,2018-10-18,4203,2018-09-10,1540,6972,,1,5,5,4203,0,0,0,,0,002,"CABRILLO BL","CHAPALA ST",52.00,W,N,A,-,N,,,,,,,,,,Y,2,0,1,1,A,-,03,22350,A,N,F,A,A,A,H,-,A,A,0,,,,,Y,,-,,1,0,0,0,0,0,0,0,0,"- ","- ",34.243961334228516,-118.41261291503906,"SANTA BARBARA","SANTA BARBARA",-119.69046783447266,34.411102294921875
8727826,2018,2018-11-05,4202,2018-09-20,1821,,4202,4,5,4,4202,0,0,0,,0,,"BARTON AV","L ST",344.00,E,N,A,-,N,,,,,,,,,,N,2,0,1,3,A,-,03,22350,,F,C,G,A,A,H,-,A,D,0,,Y,,,Y,,A,07,1,0,0,0,0,0,1,0,0,"- ","- ",,,"SANTA BARBARA",LOMPOC,-120.46092987060547,34.657150268554688
8727919,2018,2018-11-06,4202,2018-10-02,1745,277,4202,2,5,4,4202,0,0,0,,0,,"7TH ST","NORTH AV",180.00,N,N,B,-,N,,,,,,,,,,Y,2,0,1,3,A,-,01,23152,A,N,F,E,A,A,H,-,B,D,0,,,,,Y,Y,A,01,1,0,0,0,0,0,0,0,0,"- ","- ",,,"SANTA BARBARA",LOMPOC,-120.44013977050781,34.653724670410156
8732891,2018,2018-11-19,4203,2018-11-03,0749,5618,,6,5,5,4203,0,0,0,,0,006,"CLIFF DR","ALAN RD",962.00,W,N,A,-,N,,,,,,,,,,N,2,0,1,1,A,-,03,22350,,N,-,I,A,A,A,-,A,D,0,,Y,,,Y,,L,04,1,0,0,0,0,0,1,0,0,"- ","- ",34.404018402099609,-119.74360656738281,"SANTA BARBARA","SANTA BARBARA",-119.74356079101562,34.404090881347656
8740028,2018,2018-12-13,4204,2018-10-12,0310,90276,79,5,5,5,4204,0,0,0,,0,003,"BLOSSER RD","BETTERAVIA RD",0.00,,Y,A,-,N,,,,,,,,,,Y,2,0,3,2,A,-,12,21453,A,N,D,C,A,A,H,-,C,A,0,,,,,Y,,A,01,3,0,0,0,0,0,0,0,0,"- ","- ",34.920688629150391,-120.45393371582031,"SANTA BARBARA","SANTA MARIA",-120.45408630371094,34.920631408691406
8742311,2018,2019-01-28,4200,2018-11-15,0906,3275,6,4,5,2,4206,0,0,0,,0,,"MISSION DR","4TH PL",0.00,,Y,A,-,N,,,,,,,,,,N,2,0,1,1,A,-,10,21950,,N,G,B,A,A,H,-,A,D,0,,,,,Y,,A,01,1,0,0,0,0,0,0,0,0,"- ","- ",,,"SANTA BARBARA",SOLVANG,-120.14389801025391,34.596061706542969
8742950,2018,2018-12-19,4204,2018-10-31,1443,21338,068,3,5,5,4204,0,0,0,,0,003,"MILLER ST","ENOS DR",0.00,,Y,A,-,N,,,,,,,,,,N,2,0,1,3,A,-,12,21453,A,N,G,B,B,A,H,-,A,A,0,Y,,,,Y,Y,A,07,1,0,0,0,1,0,0,0,0,"- ","- ",34.933971405029297,-120.43171691894531,"SANTA BARBARA","SANTA MARIA",-120.43163299560547,34.934059143066406
8745423,2018,2018-12-04,4202,2018-10-17,1417,239,LOMPO,3,5,4,4202,0,0,0,,0,,"CYPRESS AV","H ST",0.00,,Y,A,-,N,,,,,,,,,,Y,2,0,1,3,A,-,01,23152,A,M,C,C,A,A,H,-,A,A,0,,,,,Y,Y,A,01,1,0,0,0,0,0,0,0,0,"- ","- ",,,"SANTA BARBARA",LOMPOC,-120.45790863037109,34.637310028076172
8747519,2018,2018-12-28,4203,2018-11-15,2022,24582,,4,5,5,4203,0,0,0,,0,002,"COTA ST","W COTA ST",36.00,S,N,A,-,N,,,,,,,,,,N,2,0,1,2,D,-,00,,,F,G,B,F,A,H,-,D,A,0,Y,,,,Y,,-,"- ",1,0,0,0,1,0,0,0,0,"- ","- ",34.411640167236328,-119.70320892333984,"SANTA BARBARA","SANTA BARBARA",-119.70468902587891,34.410350799560547
8748421,2018,2018-12-13,4200,2018-10-23,0725,4608,14,2,5,4,4214,0,0,0,,0,050,"OVERPASS RD","PATTERSON AV",100.00,W,N,A,-,N,,,,,,,,,,N,2,0,1,1,A,-,03,22350,A,N,H,A,A,-,H,-,A,D,0,,Y,,,Y,,L,04,1,0,0,0,0,0,1,0,0,"- ","- ",,,"SANTA BARBARA",GOLETA,-119.80898284912109,34.439098358154297
8748839,2018,2019-01-25,4203,2018-11-23,0056,24078,,5,5,5,4203,0,0,0,,0,0UI,"JAMES FOWLER RD","S FAIRVIEW AV",737.00,W,N,A,-,N,,,,,,,,,,Y,2,0,1,1,D,-,00,,,N,F,I,A,A,H,-,C,D,0,,,,,Y,,-,"- ",1,0,0,0,0,0,0,0,0,"- ","- ",,,"SANTA BARBARA","SANTA BARBARA",-119.83253479003906,34.425853729248047
8763113,2018,2018-12-27,4203,2018-12-08,1800,24800,,6,5,5,4203,0,0,0,,0,001,"N MILPAS ST","E GUTIERREZ ST",12.00,N,N,A,-,N,,,,,,,,,,N,2,0,1,2,D,-,00,,,F,G,B,B,A,H,-,C,A,0,Y,,,,Y,,-,"- ",1,0,0,0,1,0,0,0,0,"- ","- ",34.425380706787109,-119.68405151367188,"SANTA BARBARA","SANTA BARBARA",-119.68408966064453,34.425411224365234
8766152,2018,2019-01-07,4204,2018-12-14,1647,90623,16,5,5,5,4204,0,0,0,,0,001,"MCCLELLAND ST","BUNNY AV",84.00,N,N,A,-,N,,,,,,,,,,N,2,0,1,2,A,-,11,21954,A,F,G,B,D,A,H,-,B,D,0,Y,,,,Y,,N,60,1,0,0,0,1,0,0,0,0,"- ","- ",34.963218688964844,-120.43328094482422,"SANTA BARBARA","SANTA MARIA",-120.43334197998047,34.96343994140625
8769438,2018,2019-01-31,4203,2018-12-23,1413,2712,,7,5,5,4203,0,0,0,,0,002,"MONTECITO ST","CASTILLO ST",213.00,E,N,A,-,N,,,,,,,,,,N,2,0,1,2,A,-,05,21650,,N,D,G,A,A,H,-,A,D,0,,Y,,,Y,,L,04,1,0,0,0,0,0,1,0,0,"- ","- ",34.243999481201172,-119.41490173339844,"SANTA BARBARA","SANTA BARBARA",-119.69701385498047,34.411113739013672
8808166,2018,2019-05-14,4202,2018-12-07,1711,274,,5,5,4,4202,0,0,0,,0,,"CYPRESS AV","J ST",9.00,W,N,B,-,N,,,,,,,,,,Y,1,1,3,5,A,-,10,21950,A,N,G,B,D,A,H,-,B,D,0,Y,,,,Y,,D,22,1,2,0,1,3,0,0,0,0,"- ","- ",,,"SANTA BARBARA",LOMPOC,-120.46050262451172,34.6373291015625
8833907,2019,2019-04-11,4204,2019-03-17,2153,90759,14,7,5,5,4204,0,0,0,,0,001,"DONOVAN RD","PINE ST",0.00,,Y,A,-,N,,,,,,,,,,,2,0,2,4,A,-,03,22350,,F,C,E,A,A,H,-,C,D,0,,,,,Y,,A,01,2,0,0,0,0,0,0,0,0,"- ","- ",,,"SANTA BARBARA","SANTA MARIA",-120.43801116943359,34.967731475830078
8834131,2019,2019-04-17,4204,2019-03-27,2005,90139,92,3,5,5,4204,0,0,0,,0,003,"SANTA MARIA WAY","DAUPHIN ST",15.00,N,N,A,-,N,,,,,,,,,,Y,2,0,3,2,A,-,01,23152,A,N,A,C,A,A,H,-,C,D,0,,,,,Y,Y,D,23,1,0,2,0,0,0,0,0,0,"- ","- ",,,"SANTA BARBARA","SANTA MARIA",-120.42910766601562,34.903335571289062
8834850,2019,2019-04-22,4204,2019-03-19,1057,90269,,2,5,5,4204,0,0,0,,0,002,"COOK ST","CONCEPCION AV",230.00,W,N,A,-,N,,,,,,,,,,,2,0,1,2,A,-,11,21954,A,N,G,B,E,A,H,-,A,D,0,Y,,,,Y,,N,60,1,0,0,0,1,0,0,0,0,"- ","- ",,,"SANTA BARBARA","SANTA MARIA",-120.42344665527344,34.949916839599609
8870488,2019,2019-06-06,4204,2019-05-09,1936,90719,4204,4,5,5,4204,0,0,0,,0,003,"BETTERAVIA RD","BRADLEY RD E",250.00,E,N,A,-,N,,,,,,,,,,Y,2,0,2,3,A,-,03,22350,,N,C,C,A,A,H,-,A,D,0,,,,,Y,,A,01,1,1,0,0,0,0,0,0,0,"- ","- ",34.923568725585938,-120.42024230957031,"SANTA BARBARA","SANTA MARIA",-120.42123413085938,34.923728942871094
8871090,2019,2019-06-11,4200,2019-05-27,0830,5257,14,1,5,4,4214,0,0,0,,0,080,"STORKE RD","RT 101",0.00,,Y,A,-,N,,,,,,,,,,Y,2,0,1,2,A,-,12,21453,A,N,D,C,A,A,H,-,A,A,0,,,,,Y,,A,01,1,0,0,0,0,0,0,0,0,"- ","- ",,,"SANTA BARBARA",GOLETA,-119.87064100000001,34.434049000000002
8873679,2019,2019-06-06,4200,2019-04-20,1935,5106,14,6,5,4,4214,0,0,0,,0,050,"FAIRVIEW AV","ENCINA RD",0.00,,Y,A,-,N,,,,,,,,,,N,2,0,1,2,A,-,09,21801,A,N,D,C,A,A,H,-,B,A,0,,,Y,,Y,,A,01,1,0,0,0,0,0,0,0,1,"- ","- ",,,"SANTA BARBARA",GOLETA,-119.83068084716797,34.443069458007812
8879915,2019,2019-06-18,4203,2019-06-08,1942,23767,,6,5,5,4203,0,0,0,,0,006,"CLIFF DR","LAS POSITAS RD",107.00,E,N,A,-,N,,,225,,,,,,,N,2,0,1,1,A,-,03,22350,,N,H,J,A,A,H,-,A,A,0,,Y,,,Y,,L,04,1,0,0,0,0,0,1,0,0,"- ","- ",34.405109405517578,-119.73950958251953,"SANTA BARBARA","SANTA BARBARA",-119.73921966552734,34.405170440673828
8884656,2019,2019-06-26,4202,2019-05-26,0346,273,4202,7,5,4,4202,0,0,0,,0,,"V ST","LAUREL AV",42.00,S,N,B,-,N,,,,,,,,,,Y,2,0,2,2,A,-,01,23152,B,N,A,C,A,A,H,-,C,D,0,,,,,Y,Y,A,01,1,0,1,0,0,0,0,0,0,"- ","- ",,,"SANTA BARBARA",LOMPOC,-120.47544097900391,34.644393920898438
8888007,2019,2019-07-16,4203,2019-06-19,1345,8825,31,3,5,5,4203,0,0,0,,0,004,"BATH ST","ORTEGA ST",0.00,,Y,A,-,N,,,,,,,,,,Y,2,0,1,2,A,-,06,21755,,N,B,C,A,A,H,-,A,A,0,,,Y,,Y,,C,02,1,0,0,0,0,0,0,0,1,"- ","- ",34.415500640869141,-119.70144653320312,"SANTA BARBARA","SANTA BARBARA",-119.70137786865234,34.415519714355469
8888268,2019,2019-11-07,4203,2019-06-07,0534,24082,1,5,5,5,4203,0,0,0,,0,001,"MILPAS ST","RT 101",30.00,E,N,A,-,Y,SB,5,101,-,-,12.865,R,4,N,N,2,0,1,2,A,-,11,21950,B,N,G,B,D,A,H,-,A,D,0,Y,,,,Y,Y,N,60,1,0,0,0,1,0,0,0,0,"- ","- ",34.4208984375,-119.67790222167969,"SANTA BARBARA","SANTA BARBARA",-119.677055,34.420126000000003
8892569,2019,2020-01-08,4204,2019-07-01,1812,90822,7,1,5,5,4204,0,0,0,,0,001,"RAILROAD AV","GRANT ST",0.00,,Y,A,-,N,,,,,,,,,,N,2,0,1,2,-,-,"- ",,,M,H,G,A,A,H,-,A,-,0,,Y,,,Y,,-,"- ",1,0,0,0,0,0,1,0,0,"- ","- ",34.972660064697266,-120.44728851318359,"SANTA BARBARA","SANTA MARIA",-120.44441986083984,34.972820281982422
8896527,2019,2020-01-31,4204,2019-07-03,1853,90623,05,3,5,5,4204,0,0,0,,0,001,BROADWAY,"RT 101",0.00,,Y,A,-,Y,SB,5,135,-,-,17.788,H,-,N,Y,2,0,2,2,A,-,05,21651,B,F,A,C,A,A,H,-,A,D,0,,,,,Y,Y,A,01,2,0,0,0,0,0,0,0,0,"- ","- ",34.980220794677734,-120.43283081054688,"SANTA BARBARA","SANTA MARIA",-120.43166351318359,34.981147766113281
8910885,2019,2020-04-03,4203,2019-10-09,1414,8825,41,3,5,5,4203,0,0,0,,0,004,"W FIGUEROA ST","CHAPALA ST",65.00,E,N,A,-,N,,,,,,,,,,Y,1,1,7,7,A,-,03,22350,,N,H,J,-,A,H,-,A,A,0,Y,,,,Y,,I,11,1,0,6,1,1,0,0,0,0,"- ","- ",34.421501159667969,-119.70420837402344,"SANTA BARBARA","SANTA BARBARA",-119.70412445068359,34.421524047851562
8910905,2019,2020-04-07,4200,2019-04-20,0636,3077,10,6,5,3,4205,0,0,0,,0,030,"CARPINTERIA AV","BAILARD AV",264.00,W,N,A,-,N,,,,,,,,,,Y,1,1,5,2,A,-,05,21650,A,N,A,C,A,A,H,-,A,D,0,,,,,Y,,A,07,4,1,0,0,0,0,0,0,0,"- ","- ",,,"SANTA BARBARA",CARPINTERIA,-119.49919128417969,34.387676239013672
8910973,2019,2020-05-15,4204,2019-06-17,1335,22113,5,1,5,5,4204,0,0,0,,0,001,BROADWAY,"PREISKER LN",790.00,N,N,A,-,Y,SB,5,135,-,-,17.680,I,5,N,Y,1,1,0,2,A,-,03,22350,,N,D,C,A,A,G,-,A,A,0,,,Y,Y,Y,,C,02,0,0,0,0,0,0,0,1,0,"- ","- ",34.9788818359375,-120.43472290039062,"SANTA BARBARA","SANTA MARIA",-120.43295288085938,34.980209350585938
8912571,2019,2019-11-23,4204,2019-07-19,0114,90615,30,5,5,5,4204,0,0,0,,0,001,"ALVIN AV","BRADLEY RD",0.00,,Y,A,-,N,,,,,,,,,,N,2,0,1,2,A,-,01,23152,A,N,C,C,A,A,H,-,D,A,0,,,,,Y,Y,D,22,1,0,0,0,0,0,0,0,0,"- ","- ",34.960071563720703,-120.42066192626953,"SANTA BARBARA","SANTA MARIA",-120.42063140869141,34.960330963134766
8924417,2019,2019-10-24,4204,2019-08-13,0801,90269,32,2,5,5,4204,0,0,0,,0,001,"WESTERN AV","EL CAMINO ST",200.00,S,N,A,-,N,,,,,,,,,,Y,2,0,2,2,A,-,08,22107,,F,F,E,A,A,H,-,A,D,0,,,,,Y,,A,01,1,1,0,0,0,0,0,0,0,"- ","- ",34.958660125732422,-120.44937133789062,"SANTA BARBARA","SANTA MARIA",-120.44924926757812,34.958171844482422
8936031,2019,2019-11-23,4203,2019-08-21,1213,8825,,3,5,5,4203,0,0,0,,0,001,"ELIZABETH ST","GUTIERREZ ST",0.00,S,N,A,-,N,,,,,,,,,,N,2,0,1,2,D,-,00,,,F,H,G,A,A,H,-,A,A,0,,Y,,,Y,,-,"- ",1,0,0,0,0,0,1,0,0,"- ","- ",34.428001403808594,-119.68123626708984,"SANTA BARBARA","SANTA BARBARA",-119.68122863769531,34.428009033203125
8939110,2019,2021-05-20,4204,2019-03-16,0301,90139,10,6,5,5,4204,0,0,0,,0,001,"DONOVAN RD","MILLER ST",0.00,,Y,A,-,N,,,,,,,,,,Y,1,2,3,2,A,-,01,23152,A,N,D,C,A,A,H,-,C,A,0,,,,,Y,Y,A,01,2,1,0,0,0,0,0,0,0,"- ","- ",,,"SANTA BARBARA","SANTA MARIA",-120.43122863769531,34.967689514160156
8959139,2019,2019-10-30,4204,2019-09-09,2212,90880,79,1,5,5,4204,0,0,0,,0,003,"BETTERAVIA RD","WESTGATE RD",420.00,E,N,A,-,N,,,,,,,,,,,2,0,1,2,A,-,06,21760,,F,H,G,A,A,H,-,C,D,0,,Y,,,Y,,-,99,1,0,0,0,0,0,1,0,0,"- ","- ",34.920791625976562,-120.45995330810547,"SANTA BARBARA","SANTA MARIA",-120.45851898193359,34.920688629150391
8963807,2019,2019-11-07,4200,2019-09-15,1804,5257,14,7,5,4,4214,0,0,0,,0,080,"SANTA BARBARA SHORES DR","ANCHOR DR",0.00,,Y,A,-,N,,,,,,,,,,N,2,0,2,3,A,-,09,21800,B,N,D,G,A,A,H,-,B,D,0,,Y,,,Y,,L,04,1,1,0,0,0,0,2,0,0,"- ","- ",,,"SANTA BARBARA",GOLETA,-119.893310546875,34.426029205322266
8965167,2019,2019-10-25,4204,2019-10-09,1815,23000,03,3,5,5,4204,0,0,0,,0,001,"TAYLOR ST","WESTERN AV",0.00,,Y,A,-,N,,,,,,,,,,N,2,0,1,2,A,-,03,22350,A,N,G,B,B,A,H,-,A,A,0,Y,,,,Y,,D,22,1,0,0,0,1,0,0,0,0,"- ","- ",34.9739990234375,-120.44709777832031,"SANTA BARBARA","SANTA MARIA",-120.44819641113281,34.975090026855469
8966632,2019,2019-10-31,4203,2019-10-20,1505,8825,3,7,5,5,4203,0,0,0,,0,013,"YANONALI ST","STATE ST",0.00,,Y,A,-,N,,,,,,,,,,N,2,0,2,3,A,-,10,21950,A,N,G,B,B,A,H,-,A,A,0,Y,,,,Y,,A,01,1,1,0,0,2,0,0,0,0,"- ","- ",34.411960601806641,-119.6871337890625,"SANTA BARBARA","SANTA BARBARA",-119.69165802001953,34.413990020751953
8972323,2019,2019-11-12,4203,2019-10-25,2328,25317,31,5,5,5,4203,0,0,0,,0,004,"CHAPALA ST","W DE LA GUERRA ST",0.00,,Y,A,-,N,,,,,,,,,,,2,0,1,2,A,-,05,21650,1,N,A,G,A,A,H,-,C,A,0,,Y,,,Y,Y,L,04,1,0,0,0,0,0,1,0,0,"- ","- ",34.416610717773438,-119.69582366943359,"SANTA BARBARA","SANTA BARBARA",-119.70044708251953,34.418548583984375
8972351,2019,2019-11-12,4203,2019-10-22,1048,8825,38,2,5,5,4203,0,0,0,,0,005,"DE LA VINA ST","VERNON RD",133.00,S,N,A,-,N,,,,,,,,,,,2,0,1,2,D,-,00,,,N,H,G,A,A,H,-,A,D,0,,Y,,,Y,,-,"- ",1,0,0,0,0,0,1,0,0,"- ","- ",34.436580657958984,-119.72628021240234,"SANTA BARBARA","SANTA BARBARA",-119.7259521484375,34.436328887939453
8974152,2019,2019-11-16,4203,2019-08-25,1412,25317,14,7,5,5,4203,0,0,0,,0,002,"CASTILLO ST","MONTECITO ST",280.00,N,N,A,-,N,,,,,,,,,,N,2,0,1,2,B,-,22,,,N,B,G,A,A,H,-,A,D,0,,Y,,,Y,,-,"- ",1,0,0,0,0,0,1,0,0,"- ","- ",34.410598754882812,-119.69747924804688,"SANTA BARBARA","SANTA BARBARA",-119.69820404052734,34.411170959472656
8975972,2019,2019-11-26,4202,2019-09-04,0740,222,,3,5,4,4202,0,0,0,,0,,"CHESTNUT AV","M ST",0.00,,Y,A,-,N,,,,,,,,,,N,2,0,1,2,A,-,03,22350,,N,G,B,B,A,H,-,A,D,0,Y,,,,Y,,A,01,1,0,0,0,1,0,0,0,0,"- ","- ",,,"SANTA BARBARA",LOMPOC,-120.46421051025391,34.642288208007812
8986137,2019,2020-01-18,4203,2019-11-14,1729,24802,38,4,5,5,4203,0,0,0,,0,005,"STATE ST","DE LA VINA ST",0.00,,Y,A,-,N,,,,,,,,,,,2,0,1,2,A,-,09,21802,A,F,D,G,A,A,H,-,B,A,0,,Y,,,Y,,-,,1,0,0,0,0,0,1,0,0,"- ","- ",34.440391540527344,-119.72975158691406,"SANTA BARBARA","SANTA BARBARA",-119.73062133789062,34.440391540527344
8994524,2019,2020-01-18,4203,2019-11-22,1916,24802,53,5,5,5,4203,0,0,0,,0,005,"BROADMOOR PLZ","STATE ST",38.00,S,N,A,-,N,,,,,,,,,,N,2,0,1,2,A,-,11,21956,,N,G,B,D,A,H,-,D,A,0,Y,,,,Y,Y,N,60,1,0,0,0,1,0,0,0,0,"- ","- ",,,"SANTA BARBARA","SANTA BARBARA",-119.73744964599609,34.440303802490234
90019697,2015,2015-10-19,9760,2015-09-12,1255,021061,,6,1,9,4200,0,3,5,,2,005,"ABREGO RD","CAMINO CORTO",200.00,E,N,A,-,N,,,,,,,,,,Y,2,0,1,2,A,-,08,22107,,N,H,E,A,A,H,-,C,D,0,,Y,,,Y,Y,L,04,1,0,0,0,0,0,1,0,0,"- ","- ",34.414490000000001,-119.86499000000001,"SANTA BARBARA",UNINCORPORATED,-119.86587743,34.414470110000003
90028735,2015,2015-10-19,9750,2015-10-03,2150,018209,,6,2,9,4200,0,1,2,,2,001,"US-101 S/B (EL CAMINO REAL)","BETTERAVIA ROAD",4752.00,S,N,A,-,Y,,,101,,,,,,S,Y,2,0,1,1,A,-,08,22107,,N,E,J,A,A,H,-,C,D,0,,,,,Y,,A,01,1,0,0,0,0,0,0,0,0,"- ","- ",34.911290000000001,-120.41821,"SANTA BARBARA",UNINCORPORATED,-120.41813643,34.911289140000001
90033140,2015,2015-10-19,9750,2015-10-17,0900,017616,,6,1,9,4200,0,3,5,,2,020,"HARRIS GRADE RD",SR-135,15840.00,W,N,B,-,N,,,,,,,,,,N,2,0,1,1,A,-,03,22350,,N,H,A,A,B,H,-,A,D,0,,Y,,,Y,,L,04,1,0,0,0,0,0,1,0,0,"- ","- ",34.735900000000001,-120.44045,"SANTA BARBARA",UNINCORPORATED,-120.43915496,34.735425280000001
90041306,2015,2015-10-29,9750,2015-10-04,0940,014753,,7,1,9,4200,0,3,5,,2,030,"SANTA MARIA MESA ROAD","TEPUSQUET ROAD",245.00,W,N,C,-,N,,,,,,,,,,Y,1,1,1,2,A,-,03,22350,,N,A,C,A,B,H,-,A,D,0,,,,,Y,,A,01,0,0,1,0,0,0,0,0,0,"- ","- ",34.865839999999999,-120.25230000000001,"SANTA BARBARA",UNINCORPORATED,-120.25183398999999,34.866208100000001
90046258,2015,2015-11-06,9750,2015-10-29,1700,018209,,4,2,9,4200,0,1,2,,2,003,"US-101 S/B (EL CAMINO REAL)",SR-135,4752.00,S,N,A,-,Y,,,101,,,,,,S,Y,2,0,6,1,A,-,08,22107,,N,F,A,A,A,H,-,A,D,0,,,,,Y,,A,07,1,5,0,0,0,0,0,0,0,"- ","- ",34.736849999999997,-120.25576,"SANTA BARBARA",UNINCORPORATED,-120.25579125,34.736613900000002