CASE_ID,ACCIDENT_YEAR,PROC_DATE,JURIS,COLLISION_DATE,COLLISION_TIME,OFFICER_ID,REPORTING_DISTRICT,DAY_OF_WEEK,CHP_SHIFT,POPULATION,CNTY_CITY_LOC,SPECIAL_COND,BEAT_TYPE,CHP_BEAT_TYPE,CITY_DIVISION_LAPD,CHP_BEAT_CLASS,BEAT_NUMBER,PRIMARY_RD,SECONDARY_RD,DISTANCE,DIRECTION,INTERSECTION,WEATHER_1,WEATHER_2,STATE_HWY_IND,CALTRANS_COUNTY,CALTRANS_DISTRICT,STATE_ROUTE,ROUTE_SUFFIX,POSTMILE_PREFIX,POSTMILE,LOCATION_TYPE,RAMP_INTERSECTION,SIDE_OF_HWY,TOW_AWAY,COLLISION_SEVERITY,NUMBER_KILLED,NUMBER_INJURED,PARTY_COUNT,PRIMARY_COLL_FACTOR,PCF_CODE_OF_VIOL,PCF_VIOL_CATEGORY,PCF_VIOLATION,PCF_VIOL_SUBSECTION,HIT_AND_RUN,TYPE_OF_COLLISION,MVIW,PED_ACTION,ROAD_SURFACE,ROAD_COND_1,ROAD_COND_2,LIGHTING,CONTROL_DEVICE,CHP_ROAD_TYPE,PEDESTRIAN_ACCIDENT,BICYCLE_ACCIDENT,MOTORCYCLE_ACCIDENT,TRUCK_ACCIDENT,NOT_PRIVATE_PROPERTY,ALCOHOL_INVOLVED,STWD_VEHTYPE_AT_FAULT,CHP_VEHTYPE_AT_FAULT,COUNT_SEVERE_INJ,COUNT_VISIBLE_INJ,COUNT_COMPLAINT_PAIN,COUNT_PED_KILLED,COUNT_PED_INJURED,COUNT_BICYCLIST_KILLED,COUNT_BICYCLIST_INJURED,COUNT_MC_KILLED,COUNT_MC_INJURED,PRIMARY_RAMP,SECONDARY_RAMP,LATITUDE,LONGITUDE,COUNTY,CITY,POINT_X,POINT_Y
90051708,2015,2015-11-16,9755,2015-10-30,0954,016058,,5,1,9,4200,0,1,2,,2,004,"SR-1 S/B TO US-101 S/B",SR-1,437.00,S,N,A,-,Y,,,1,,,,R,,S,Y,1,1,1,3,A,-,03,22350,,N,C,C,A,A,H,-,A,D,0,,,Y,,Y,,C,02,0,1,0,0,0,0,0,1,1,"- ","- ",34.507919999999999,-120.22669,"SANTA BARBARA",UNINCORPORATED,-120.22669,34.507919999999999
90059156,2015,2015-11-24,9760,2015-11-17,1535,017662,,2,2,9,4200,0,3,5,,2,001,"N. JAMESON LANE","LA VEREDA ROAD",0.00,,Y,A,-,N,,,,,,,,,,Y,2,0,1,2,A,-,09,21802,A,N,D,C,A,A,H,-,A,A,0,,,Y,,Y,,A,07,1,0,0,0,0,0,0,0,1,"- ","- ",34.422930000000001,-119.63368,"SANTA BARBARA",UNINCORPORATED,-119.63306991,34.422990050000003
90066628,2015,2015-12-07,9755,2015-11-28,1500,016999,,6,2,9,4200,0,3,5,,2,050,"SAN MIGUELITO RD","SUDDEN RD",8976.00,S,N,A,-,N,,,,,,,,,,Y,2,0,1,1,A,-,08,22107,,N,F,A,A,A,H,-,A,D,0,,,Y,,Y,,C,02,1,0,0,0,0,0,0,0,1,"- ","- ",34.588889999999999,-120.49186,"SANTA BARBARA",UNINCORPORATED,-120.52925069,34.59147076
90069585,2015,2015-12-10,9750,2015-09-09,0715,016469,,3,1,9,4200,0,2,4,,1,024,"FOSTER ROAD","WOODLAND STREET",10.00,E,N,A,-,N,,,,,,,,,,N,2,0,1,2,A,-,11,21950,B,N,G,B,B,A,H,-,A,D,0,Y,,,,Y,,N,60,1,0,0,0,1,0,0,0,0,"- ","- ",34.883090000000003,-120.42186,"SANTA BARBARA",UNINCORPORATED,-120.42192667,34.883090000000003
90071698,2015,2015-12-11,9755,2015-12-02,1525,016999,,3,2,9,4200,0,1,3,,1,055,"SR-1 S/B","AZALEA LN",472.00,S,N,A,-,Y,,,,,,,,,,Y,2,0,1,1,A,-,08,22107,,N,F,A,A,A,H,-,A,D,0,,,,,Y,,A,07,1,0,0,0,0,0,0,0,0,"- ","- ",34.7883,-120.50903,"SANTA BARBARA",UNINCORPORATED,-120.50358219,34.73334543
90079007,2015,2015-12-21,9755,2015-12-11,1720,017255,,5,2,9,4200,0,1,2,,2,004,"US-101 N/B",SR-1,8976.00,N,N,A,-,Y,,,101,,,,,,N,Y,2,0,2,1,A,-,03,22350,,N,E,I,A,B,H,-,A,D,0,,,,,Y,,D,22,1,0,1,0,0,0,0,0,0,"- ","- ",34.523409999999998,-120.20438,"SANTA BARBARA",UNINCORPORATED,-120.20438944999999,34.523481199999999
90081749,2015,2015-12-24,9760,2015-10-01,1953,018431,,4,2,9,4200,0,1,3,,1,028,"SR-192 (FOOTHILL RD.)","COCOPAH DR",438.00,E,N,A,-,Y,,,192,,,,,,,Y,1,1,0,3,A,-,01,23152,F,N,E,J,A,A,H,-,C,D,0,,,,,Y,Y,A,07,0,0,0,0,0,0,0,0,0,"- ","- ",34.452280000000002,-119.75599,"SANTA BARBARA",UNINCORPORATED,-119.75597686,34.452250470000003
90086793,2015,2016-01-04,9750,2015-12-26,1455,012697,,6,2,9,4200,0,1,3,,1,022,"SR-1 S/B","GRACIOSA RD",7392.00,S,N,A,-,Y,,,1,,,,,,S,N,2,0,1,1,A,-,03,22350,,N,F,A,A,A,H,-,A,D,0,,,,,Y,,A,01,1,0,0,0,0,0,0,0,0,"- ","- ",34.793840000000003,-120.4517,"SANTA BARBARA",UNINCORPORATED,-120.45169964999999,34.793839409999997
90091175,2016,2016-01-08,9755,2016-01-05,1005,012518,,2,1,9,4200,0,1,3,,1,042,"S.R.154 WESTBOUND","VIA DE LOS RANCHOS",118.00,E,N,B,C,Y,,,,,,,,,,Y,2,0,2,2,A,-,03,22350,,N,A,C,A,D,H,-,A,D,0,,,,,Y,,D,22,1,1,0,0,0,0,0,0,0,"- ","- ",34.681100000000001,-120.15488999999999,"SANTA BARBARA",UNINCORPORATED,,
90091195,2016,2016-01-08,9755,2016-01-03,0819,014934,,7,1,9,4200,0,1,3,,1,042,SR-154,"CALKINS RD",528.00,W,N,A,-,Y,,,154,,,,,,,Y,2,0,2,1,A,-,08,22107,,N,E,I,A,A,H,-,A,D,0,,,,,Y,,A,01,1,0,1,0,0,0,0,0,0,"- ","- ",34.667949999999998,-120.11911000000001,"SANTA BARBARA",UNINCORPORATED,-120.11911135,34.667872260000003
90097714,2016,2016-01-19,9755,2016-01-16,1330,013618,,6,1,9,4200,0,1,3,,1,051,"RT 1","JALAMA BEACH RD",1056.00,N,N,A,-,Y,,,,,,,,,,N,2,0,1,1,A,-,03,22350,,N,E,I,A,A,H,-,A,D,0,,Y,,,Y,,L,04,1,0,0,0,0,0,1,0,0,"- ","- ",32.606430000000003,-120.4207,"SANTA BARBARA",UNINCORPORATED,,
90110124,2016,2016-02-05,9760,2016-02-02,1700,018264,,2,2,9,4200,0,1,3,,1,022,SR-154,"PAINTED CAVE RD",3960.00,E,N,C,-,Y,,,154,,,,,,,Y,2,0,3,2,A,-,01,23152,A,N,D,C,A,B,H,-,A,D,0,,,,,Y,Y,A,07,1,2,0,0,0,0,0,0,0,"- ","- ",34.488990000000001,-119.78599,"SANTA BARBARA",UNINCORPORATED,-119.78586768,34.488487990000003
90123774,2016,2016-02-25,9760,2016-02-21,1526,020211,,7,2,9,4200,0,3,5,,2,001,"GIBRALTAR ROAD","EL CIELITO ROAD",5280.00,N,N,A,-,N,,,,,,,,,,N,2,0,1,1,A,-,03,22350,,N,F,A,A,A,H,-,A,D,0,,Y,,,Y,,L,04,1,0,0,0,0,0,1,0,0,"- ","- ",34.460929999999998,-119.68356,"SANTA BARBARA",UNINCORPORATED,-119.68513442,34.461237789999998
90124178,2016,2016-02-25,9760,2016-02-20,1603,020366,,6,2,5,4203,0,1,2,,2,011,"US-101 S/B TO CARRILLO STREET","CARRILLO ST",700.00,N,N,A,-,Y,,,101,,,,R,,S,Y,2,0,1,1,A,-,08,22107,,N,E,I,A,A,H,-,A,D,0,,,,,Y,,A,01,1,0,0,0,0,0,0,0,0,"- ","- ",34.416980000000002,-119.70892000000001,"SANTA BARBARA","SANTA BARBARA",-119.70892000000001,34.416980000000002
90136744,2016,2016-07-11,9750,2016-02-15,1320,017379,,1,1,9,4200,0,1,2,,2,003,"US-101 S/B (EL CAMINO REAL)","CAT CANYON ROAD",0.00,,Y,A,-,Y,,,101,,,,,,S,Y,1,1,5,2,A,-,09,21802,A,N,D,C,A,A,H,-,A,D,0,,,,,Y,,A,01,2,2,1,0,0,0,0,0,0,"- ","- ",34.756569999999996,-120.29452000000001,"SANTA BARBARA",UNINCORPORATED,-120.29445355,34.756694330000002
90138316,2016,2016-03-16,9750,2016-01-31,0607,014358,,7,1,9,4200,0,3,5,,2,030,"BETTERAVIA ROAD","NICHOLSON DRIVE",864.00,E,N,C,-,N,,,,,,,,,,Y,1,1,0,2,A,-,11,21956,,N,G,B,E,B,H,-,D,D,0,Y,,,,Y,,N,60,0,0,0,1,0,0,0,0,0,"- ","- ",34.923690000000001,-120.41266,"SANTA BARBARA",UNINCORPORATED,-120.41263194,34.923679839999998
90139677,2016,2016-03-18,9755,2016-03-11,2255,020202,,5,3,9,4200,0,3,5,,2,050,"HARRIS GRADE RD","RUCKER RD",6336.00,N,N,A,-,N,,,,,,,,,,Y,2,0,1,1,A,-,01,23152,A,N,E,I,A,B,H,-,D,D,0,,,,,Y,Y,A,01,1,0,0,0,0,0,0,0,0,"- ","- ",34.727670000000003,-120.4395,"SANTA BARBARA",UNINCORPORATED,-120.43904757999999,34.726962210000003
90140610,2016,2016-03-21,9760,2016-03-06,0100,020483,,7,3,5,4203,0,1,2,,2,011,"US-101 N/B","STATE ST.",20.00,S,N,C,-,Y,,,,,,,,,,Y,2,0,1,1,A,-,01,23152,A,N,E,I,A,B,H,-,C,D,0,,,,,Y,Y,A,01,1,0,0,0,0,0,0,0,0,"- ","- ",34.439999999999998,-119.4555,"SANTA BARBARA","SANTA BARBARA",-119.75550086,34.44026315
90140672,2016,2016-07-20,9760,2016-03-10,1226,16739,,4,1,5,4203,0,1,2,,2,011,"US-101 S/B (EL CAMINO REAL)","MILPAS ST.",1056.00,N,N,A,-,Y,,,101,,,,,,S,Y,1,1,3,2,A,-,03,22350,,N,C,C,A,A,B,C,A,D,0,,,,,Y,,A,01,0,1,2,0,0,0,0,0,0,"- ","- ",34.420020000000001,-119.68034,"SANTA BARBARA","SANTA BARBARA",-119.6803415,34.420038959999999
9016011,2020,2020-11-12,4204,2020-05-03,1214,90415,,7,5,5,4204,0,0,0,,0,002,"STOWELL RD","RT 101",0.00,,Y,A,-,Y,SB,5,101,-,-,87.824,R,2,N,Y,2,0,1,1,A,-,03,22350,,N,E,I,A,A,H,-,A,D,0,,,Y,,Y,,C,02,1,0,0,0,0,0,0,0,1,"- ","- ",34.936809539794922,-120.41620635986328,"SANTA BARBARA","SANTA MARIA",-120.41768646240234,34.941543579101562
90165556,2015,2016-04-26,9755,2015-12-06,1040,013618,,7,1,9,4200,0,3,5,,2,050,"HARRIS GRADE ROAD","BURTON MESA BLVD",1584.00,N,N,A,-,N,,,,,,,,,,Y,2,0,3,1,A,-,08,22107,,F,F,A,A,A,H,-,A,D,0,,,,,Y,,A,01,1,1,1,0,0,0,0,0,0,"- ","- ",34.693249999999999,-120.44618,"SANTA BARBARA",UNINCORPORATED,-120.44561538000001,34.694442199999997
90168076,2016,2016-07-12,9750,2016-02-29,1025,015514,,1,1,9,4200,0,1,3,,1,062,"SR-166 W/B","ROCK FRONT RANCH",8448.00,W,N,A,-,Y,,,166,,,,,,W,Y,1,1,0,1,A,-,08,22107,,N,F,A,A,A,H,-,A,D,0,,,,,Y,,A,01,0,0,0,0,0,0,0,0,0,"- ","- ",35.098489999999998,-120.12021,"SANTA BARBARA",UNINCORPORATED,-120.12018168,35.09844674
90175223,2016,2016-05-09,9760,2016-04-26,1355,018019,,2,1,9,4200,0,3,5,,2,001,"OLIVE MILL RD.","VIRGINIA RD.",120.00,S,N,A,-,N,,,,,,,,,,N,2,0,1,1,A,-,03,22350,,N,E,J,A,A,H,-,A,D,0,,,,,Y,,L,04,1,0,0,0,0,0,0,0,0,"- ","- ",34.420169999999999,-119.64005,"SANTA BARBARA",UNINCORPORATED,-119.64001164,34.420231020000003
90184007,2016,2016-05-20,9755,2016-04-30,0536,017884,,6,3,9,4200,0,1,3,,1,042,SR-154,"FOXEN CANYON RD",150.00,E,N,A,-,Y,,,154,,,,,,,Y,1,1,0,1,A,-,03,22350,,N,E,H,A,A,H,-,D,D,0,,,,,Y,,D,22,0,0,0,0,0,0,0,0,0,"- ","- ",34.667789999999997,-120.12260000000001,"SANTA BARBARA",UNINCORPORATED,-120.12257493,34.6679703
90186973,2016,2016-05-25,9750,2016-05-21,2340,016874,,6,3,9,4200,0,1,3,,1,022,"SR-1 N/B","GRACIOSA ROAD",6336.00,N,N,A,-,Y,,,,,,,,,,Y,2,0,1,1,A,-,01,23152,A,N,F,A,A,A,H,-,D,D,0,,,,,Y,Y,A,01,1,0,0,0,0,0,0,0,0,"- ","- ",34.829749999999997,-120.44895,"SANTA BARBARA",UNINCORPORATED,-120.44976751,34.82801671
90190111,2016,2016-05-31,9750,2016-05-18,1545,018616,,3,2,9,4200,0,3,5,,2,010,"BETTERAVIA RD","BLACK RD",150.00,W,N,A,-,N,,,,,,,,,,Y,2,0,3,3,A,-,01,23152,E,M,C,C,A,A,H,-,A,D,0,,,,,Y,,A,01,1,0,2,0,0,0,0,0,0,"- ","- ",34.9208,-120.49131,"SANTA BARBARA",UNINCORPORATED,-120.49065962,34.92080971
90202919,2016,2016-06-16,9760,2016-06-09,1628,020528,,4,2,9,4200,0,3,5,,2,001,"EAST MOUNTAIN ROAD","COLD SPRINGS ROAD",1320.00,E,N,A,-,N,,,,,,,,,,N,2,0,1,1,A,-,03,22350,,N,F,A,A,B,H,-,A,D,0,,Y,,,Y,,L,04,1,0,0,0,0,0,1,0,0,"- ","- ",34.456940000000003,-119.65352,"SANTA BARBARA",UNINCORPORATED,-119.65393722,34.455148719999997
90202999,2016,2016-06-16,9760,2016-04-03,2335,020528,,7,3,9,4200,0,1,2,,2,010,"US-101 S/B (EL CAMINO REAL)","NORTH PADARO LANE",3960.00,S,N,A,-,Y,,,101,,,,,,S,Y,1,1,0,1,A,-,08,22107,,N,E,I,A,A,H,-,D,D,0,,,,,Y,Y,A,08,0,0,0,0,0,0,0,0,0,"- ","- ",34.416370000000001,-119.56849,"SANTA BARBARA",UNINCORPORATED,-119.56849943,34.416434799999998
90203771,2016,2016-06-17,9760,2016-06-12,0925,020757,,7,1,9,4200,0,3,5,,2,001,"SR-192 W/B","ORTEGA RIDGE RD",200.00,E,N,A,-,Y,,,192,,,,,,W,N,2,0,2,2,A,-,06,21755,,N,B,G,A,A,H,-,A,D,0,,Y,,,Y,,L,04,1,1,0,0,0,0,2,0,0,"- ","- ",34.436070000000001,-119.59081999999999,"SANTA BARBARA",UNINCORPORATED,-119.59082005,34.436065360000001
9020706,2019,2020-09-14,4202,2019-11-01,1319,234,4202,5,5,4,4202,0,0,0,,0,,"H ST","NORTH AV",0.00,,Y,A,-,Y,SB,5,1,-,-,21.559,I,5,S,N,2,0,1,2,A,-,08,22101,D,N,H,G,A,A,H,-,A,A,0,,Y,,,Y,,L,04,1,0,0,0,0,0,1,0,0,"- ","- ",,,"SANTA BARBARA",LOMPOC,-120.45780181884766,34.653411865234375
90217482,2016,2016-07-07,9760,2016-06-25,1300,16739,,6,1,3,4205,0,1,2,,2,010,"US-101 N/B (EL CAMINO REAL)","SANTA MONICA RD.",400.00,S,N,A,-,Y,,,101,,,,,,N,Y,2,0,2,4,A,-,03,22350,,N,C,C,A,A,H,-,A,D,0,,,,,Y,,A,07,2,0,0,0,0,0,0,0,0,"- ","- ",34.403790000000001,-119.52901,"SANTA BARBARA",CARPINTERIA,-119.5290001,34.403842220000001
90221472,2016,2016-07-13,9760,2016-07-04,1854,021300,,1,2,9,4200,0,3,5,,2,005,"DEL PLAYA DR","CAMINO PESCADERO",490.00,W,N,A,-,N,,,,,,,,,,N,2,0,2,2,A,-,11,21954,A,N,H,B,E,A,H,-,A,D,0,Y,Y,,,Y,Y,N,60,1,1,0,0,1,0,1,0,0,"- ","- ",34.409750000000003,-119.8604,"SANTA BARBARA",UNINCORPORATED,-119.86033322999999,34.40976311
90221741,2016,2016-09-07,9760,2016-05-12,0215,020029,,4,3,9,4200,0,3,5,,2,002,"SAN ANTONIO CREEK ROAD","VIA ORQUIDA",255.00,N,N,A,-,N,,,,,,,,,,Y,1,1,0,2,A,-,03,22350,,N,E,I,A,A,H,-,D,D,0,,,,,Y,,A,01,0,0,0,0,0,0,0,0,0,"- ","- ",34.457459999999998,-119.78443,"SANTA BARBARA",UNINCORPORATED,-119.78408795999999,34.457857529999998
90223230,2016,2016-07-14,9750,2016-07-07,1900,020511,,4,2,9,4200,0,3,5,,2,030,"ORCUTT-GAREY RD","DOMINION RD",7920.00,E,N,A,-,N,,,,,,,,,,Y,2,0,1,1,A,-,01,23152,A,N,F,A,A,A,H,-,A,D,0,,,,,Y,Y,D,22,1,0,0,0,0,0,0,0,0,"- ","- ",34.88006,-120.32073,"SANTA BARBARA",UNINCORPORATED,-120.32109656999999,34.879767880000003
90231525,2016,2016-07-27,9750,2016-07-21,1400,015916,,4,2,9,4200,0,1,2,,2,003,"US-101 N/B (EL CAMINO REAL)","ALISOS CANYON ROAD",3696.00,S,N,A,-,Y,,,101,,,,,,N,Y,2,0,1,1,A,-,08,22107,,N,F,A,A,A,H,-,A,D,0,,,,,Y,,A,01,1,0,0,0,0,0,0,0,0,"- ","- ",34.7224,-120.21002,"SANTA BARBARA",UNINCORPORATED,-120.21003139,34.722376850000003
90233620,2016,2016-07-29,9760,2016-07-24,1825,020366,,7,2,9,4200,0,1,2,,2,020,"US-101 S/B","SR-154 OVER-CROSSING",1811.00,N,N,A,-,Y,,,101,,,,,,S,Y,2,0,1,1,A,-,08,22107,,N,E,I,A,A,H,-,A,D,0,,,,,Y,,D,22,1,0,0,0,0,0,0,0,0,"- ","- ",34.44097,-119.76609999999999,"SANTA BARBARA",UNINCORPORATED,-119.76609778,34.440905919999999
90282756,2016,2016-10-03,9750,2016-09-30,1630,018209,,5,2,9,4200,0,1,3,,1,064,SR-166,"COTTONWOOD CANYON RD",9504.00,E,N,A,-,Y,,,166,,,,,,,Y,2,0,1,1,A,-,01,23152,A,N,E,I,A,A,H,-,A,D,0,,,,,Y,Y,A,01,1,0,0,0,0,0,0,0,0,"- ","- ",35.017240000000001,-119.8535,"SANTA BARBARA",UNINCORPORATED,-119.85346929000001,35.017275390000002
90284231,2016,2016-10-05,9760,2016-09-24,1630,021300,,6,2,9,4200,0,1,2,,1,030,"US-101 S/B","EL CAPITAN STATE BEACH RD",115.00,S,N,A,-,Y,,,101,,,,,,S,Y,2,0,4,1,A,-,08,22107,,N,E,I,A,A,H,-,A,D,0,,,,,Y,,A,01,4,0,0,0,0,0,0,0,0,"- ","- ",34.463000000000001,-120.02056,"SANTA BARBARA",UNINCORPORATED,-120.02055609999999,34.463023630000002
90290153,2016,2016-10-12,9750,2016-07-17,2020,019656,,7,2,9,4200,0,2,4,,1,024,"SANTA MARIA WAY","QUAIL RUN",0.00,,Y,A,-,N,,,,,,,,,,Y,1,1,1,2,A,-,01,23152,A,N,D,C,A,A,H,-,B,D,0,,,Y,,Y,Y,A,07,0,1,0,0,0,0,0,1,0,"- ","- ",34.896740000000001,-120.42348,"SANTA BARBARA",UNINCORPORATED,-120.42344,34.896740000000001
90291725,2016,2016-10-13,9750,2016-10-10,0450,017267,,1,3,9,4200,0,3,5,,2,010,"BONITA SCHOOL ROAD","SANTA MARIA RIVER",1056.00,N,N,E,-,N,,,,,,,,,,Y,2,0,1,2,A,-,03,22350,,N,D,C,A,A,H,-,D,D,0,,,,Y,Y,,A,01,1,0,0,0,0,0,0,0,0,"- ","- ",34.988840000000003,-120.51381000000001,"SANTA BARBARA",UNINCORPORATED,,
90294191,2016,2016-10-18,9760,2016-10-08,2045,020528,,6,2,9,4200,0,3,5,,2,002,"STATE STREET",SR-154,38.00,E,N,A,-,N,,,,,,,,,,N,2,0,1,2,A,-,11,21954,A,N,G,B,D,A,H,-,C,A,0,Y,,,,Y,Y,N,60,1,0,0,0,1,0,0,0,0,"- ","- ",34.440460000000002,-119.75979,"SANTA BARBARA",UNINCORPORATED,-119.75987600000001,34.440472999999997
90298918,2016,2016-10-24,9755,2016-08-27,0115,018483,,6,3,9,4200,0,1,3,,1,051,"SR-1 N/B","EL JARO CREEK",1564.00,S,N,A,-,Y,,,1,,,,,,N,Y,1,1,0,1,A,-,08,22107,,N,E,I,A,A,H,-,D,D,0,,,,,Y,,A,01,0,0,0,0,0,0,0,0,0,"- ","- ",34.580680000000001,-120.38064,"SANTA BARBARA",UNINCORPORATED,-120.38070715000001,34.580483299999997
90299748,2016,2016-11-16,9750,2016-09-13,0730,013267,,2,1,9,4200,0,1,3,,1,064,"RT 166","ALISOS CANYON ROAD",1954.00,E,N,A,-,Y,,,166,,,,,,,Y,1,1,0,5,A,-,05,21460,A,N,B,C,A,A,H,-,A,D,0,,,,Y,Y,,G,25,0,0,0,0,0,0,0,0,0,"- ","- ",34.96452,-119.72246,"SANTA BARBARA",UNINCORPORATED,-119.72247283,34.964491559999999
90302262,2016,2016-10-26,9750,2016-10-19,0650,015514,,3,1,5,4204,0,1,2,,2,001,"US-101 N/B (LOREN D. SCRUGGS MEM. HWY)","DONOVAN ROAD",2640.00,N,N,A,-,Y,,,101,,,,,,N,Y,2,0,2,2,A,-,03,22350,,N,C,C,A,A,H,-,D,D,0,,,,,Y,,A,07,1,1,0,0,0,0,0,0,0,"- ","- ",34.974609999999998,-120.42721,"SANTA BARBARA","SANTA MARIA",-120.42718474,34.974625250000003
90309380,2016,2016-11-02,9760,2016-10-28,1850,020777,,5,2,9,4200,0,1,2,,1,040,"US-101 NORTHBOUND","ARROYO QUEMADA LN",1295.00,N,N,B,-,Y,,,101,,,,,,N,Y,2,0,1,2,A,-,09,21801,A,N,D,C,A,A,H,-,D,D,0,,,,,Y,,A,01,1,0,0,0,0,0,0,0,0,"- ","- ",34.473100000000002,-120.12909999999999,"SANTA BARBARA",UNINCORPORATED,-120.12909603,34.473126659999998
90314331,2016,2016-11-08,9760,2016-07-14,0554,019831,,4,3,9,4200,0,3,5,,2,002,"SAN LORENZO DRIVE","SAN FELIPE DRIVE",27.00,E,N,B,-,N,,,,,,,,,,N,1,1,0,2,A,-,03,22350,,F,G,B,D,B,H,-,B,D,0,Y,,,,Y,,D,22,0,0,0,1,0,0,0,0,0,"- ","- ",34.430250000000001,-119.80472,"SANTA BARBARA",UNINCORPORATED,-119.80466054,34.430298530000002
90326831,2016,2016-11-22,9760,2016-11-10,1642,018431,,4,2,9,4200,0,1,2,,2,020,"US-101 N/B","TURNPIKE RD.",105.00,N,N,A,-,Y,,,101,,,,,,N,Y,2,0,1,1,A,-,08,22107,,N,E,I,A,A,H,-,A,D,0,,,Y,,Y,,C,02,1,0,0,0,0,0,0,0,1,"- ","- ",34.442369999999997,-119.79049999999999,"SANTA BARBARA",UNINCORPORATED,-119.7904985,34.442351250000002
90334388,2016,2016-12-01,9755,2016-11-27,1227,014934,,7,1,9,4200,0,1,2,,2,004,"US 101 N/B","DRVY FOR 1551 HWY 101",30.00,N,N,B,-,Y,,,,,,,,,,Y,2,0,1,1,A,-,07,21658,A,N,F,A,A,B,H,-,A,D,0,,,,,Y,,A,07,1,0,0,0,0,0,0,0,0,"- ","- ",34.563009999999998,-120.1897,"SANTA BARBARA",UNINCORPORATED,,
90340784,2016,2016-12-08,9760,2016-12-01,1715,017374,,4,2,4,4214,0,1,2,,2,020,"US-101 S/B","FAIRVIEW AVE",1056.00,S,N,A,-,Y,,,101,,,,,,S,Y,2,0,1,2,A,-,03,22350,,N,C,C,A,A,H,-,B,D,0,,,Y,,Y,,C,02,1,0,0,0,0,0,0,0,1,"- ","- ",34.439990000000002,-119.8265,"SANTA BARBARA",GOLETA,-119.82650128,34.44000364
90343193,2016,2017-01-09,9750,2016-12-11,0215,20144,,7,3,9,4200,0,1,S,,2,904,SR-1,"BROWN ROAD",5280.00,S,N,B,E,Y,,,1,,,,,,,Y,2,0,3,2,A,-,01,23152,A,N,A,C,A,B,H,-,D,D,0,,,,,Y,Y,D,22,1,2,0,0,0,0,0,0,0,"- ","- ",34.920659999999998,-120.55979000000001,"SANTA BARBARA",UNINCORPORATED,-120.55979553,34.920652140000001
9034649,2019,2020-02-24,4204,2019-12-29,1252,90753,,7,5,5,4204,0,0,0,,0,,"PANTHER DR","SIRATT DR",0.00,,Y,A,-,N,,,,,,,,,,N,2,0,1,1,A,-,08,22107,,N,E,I,A,A,H,-,A,D,0,,,,,Y,,A,01,1,0,0,0,0,0,0,0,0,"- ","- ",34.954200744628906,-120.40032958984375,"SANTA BARBARA","SANTA MARIA",-120.40034,34.954389999999997
90357406,2016,2016-12-29,9760,2016-08-14,0158,020528,,7,3,9,4200,0,1,2,,1,030,"US-101 N/B (EL CAMINO REAL)","EL CAPITAN RANCH RD",1677.00,S,N,A,-,Y,,,101,,,,,,N,Y,1,1,3,1,A,-,08,22107,,N,F,A,A,A,H,-,D,D,0,,,,,Y,,A,07,1,2,0,0,0,0,0,0,0,"- ","- ",34.459980000000002,-119.99778000000001,"SANTA BARBARA",UNINCORPORATED,-119.99776473,34.460073129999998
90362184,2017,2017-03-21,9750,2017-01-03,1510,017616,,2,2,9,4200,0,3,5,,2,030,"CLARK AVE","TELEPHONE RD",0.00,,Y,A,-,N,,,,,,,,,,Y,2,0,1,2,A,-,01,23152,A,N,D,C,A,A,H,-,A,A,0,,,,,Y,Y,D,22,1,0,0,0,0,0,0,0,0,"- ","- ",34.865250000000003,-120.38366000000001,"SANTA BARBARA",UNINCORPORATED,-120.38319998999999,34.865330059999998
90362533,2016,2017-01-23,9760,2016-07-11,1520,018264,,1,2,5,4203,0,1,2,,2,011,"US-101 SOUTHBOUND","CABRILLO BLVD",16.00,S,N,A,-,Y,,,101,,,,,,S,Y,1,1,0,3,A,-,03,22350,,N,C,C,A,A,H,-,A,D,0,,,Y,Y,Y,,C,02,0,0,0,0,0,0,0,1,0,"- ","- ",34.421289999999999,-119.65016,"SANTA BARBARA","SANTA BARBARA",-119.65019506,34.421145119999998
90364525,2017,2017-03-22,9755,2017-01-07,1730,017374,,6,2,9,4200,0,1,2,,2,004,"US-101 N/B","LA LATA PL",2640.00,S,N,B,C,Y,,,,,,,,,,Y,2,0,1,1,A,-,03,22350,,N,E,I,A,B,H,-,D,D,0,,,,,Y,,D,22,1,0,0,0,0,0,0,0,0,"- ","- ",34.528669999999998,-120.21164,"SANTA BARBARA",UNINCORPORATED,,
90365280,2016,2017-03-30,9760,2016-12-31,1848,021531,,6,2,9,4200,0,1,3,,1,022,SR-154,"EAST CAMINO CIELO",1280.00,W,N,B,-,Y,,,154,,,,,,,Y,2,0,1,2,A,-,08,22107,,N,E,I,A,B,H,-,D,D,0,,,,,Y,,A,01,1,0,0,0,0,0,0,0,0,"- ","- ",34.513939999999998,-119.82505,"SANTA BARBARA",UNINCORPORATED,-119.82497511,34.513984069999999
90370968,2017,2017-01-17,9755,2017-01-13,0745,015973,,5,1,9,4200,0,1,3,,1,055,SR-1,"FIREFIGHTER RD",0.00,,N,B,-,Y,,,1,,,,,,,Y,2,0,4,3,A,-,08,22107,,N,E,I,A,A,H,-,A,D,0,,,,Y,Y,,A,01,1,0,3,0,0,0,0,0,0,"- ","- ",34.771990000000002,-120.51107,"SANTA BARBARA",UNINCORPORATED,-120.51107474,34.7719916