CASE_ID,ACCIDENT_YEAR,PROC_DATE,JURIS,COLLISION_DATE,COLLISION_TIME,OFFICER_ID,REPORTING_DISTRICT,DAY_OF_WEEK,CHP_SHIFT,POPULATION,CNTY_CITY_LOC,SPECIAL_COND,BEAT_TYPE,CHP_BEAT_TYPE,CITY_DIVISION_LAPD,CHP_BEAT_CLASS,BEAT_NUMBER,PRIMARY_RD,SECONDARY_RD,DISTANCE,DIRECTION,INTERSECTION,WEATHER_1,WEATHER_2,STATE_HWY_IND,CALTRANS_COUNTY,CALTRANS_DISTRICT,STATE_ROUTE,ROUTE_SUFFIX,POSTMILE_PREFIX,POSTMILE,LOCATION_TYPE,RAMP_INTERSECTION,SIDE_OF_HWY,TOW_AWAY,COLLISION_SEVERITY,NUMBER_KILLED,NUMBER_INJURED,PARTY_COUNT,PRIMARY_COLL_FACTOR,PCF_CODE_OF_VIOL,PCF_VIOL_CATEGORY,PCF_VIOLATION,PCF_VIOL_SUBSECTION,HIT_AND_RUN,TYPE_OF_COLLISION,MVIW,PED_ACTION,ROAD_SURFACE,ROAD_COND_1,ROAD_COND_2,LIGHTING,CONTROL_DEVICE,CHP_ROAD_TYPE,PEDESTRIAN_ACCIDENT,BICYCLE_ACCIDENT,MOTORCYCLE_ACCIDENT,TRUCK_ACCIDENT,NOT_PRIVATE_PROPERTY,ALCOHOL_INVOLVED,STWD_VEHTYPE_AT_FAULT,CHP_VEHTYPE_AT_FAULT,COUNT_SEVERE_INJ,COUNT_VISIBLE_INJ,COUNT_COMPLAINT_PAIN,COUNT_PED_KILLED,COUNT_PED_INJURED,COUNT_BICYCLIST_KILLED,COUNT_BICYCLIST_INJURED,COUNT_MC_KILLED,COUNT_MC_INJURED,PRIMARY_RAMP,SECONDARY_RAMP,LATITUDE,LONGITUDE,COUNTY,CITY,POINT_X,POINT_Y
90370985,2017,2017-01-17,9755,2017-01-11,0620,015973,,3,1,9,4200,0,1,3,,1,055,"SR-1 N/B","FIREFIGHTER RD",3696.00,N,N,B,C,Y,,,1,,,,,,N,Y,2,0,2,2,A,-,03,22350,,N,D,C,A,B,H,-,D,D,0,,,,,Y,,A,01,1,0,1,0,0,0,0,0,0,"- ","- ",34.774569999999997,-120.50491,"SANTA BARBARA",UNINCORPORATED,-120.504907,34.774606009999999
90384691,2016,2017-05-10,9755,2016-09-21,0618,015973,,3,1,9,4200,0,1,3,,1,053,"SR-246 WESTBOUND","PURISIMA RD",0.00,,Y,E,-,Y,,,246,,,,,,W,Y,1,1,1,1,A,-,03,22350,,N,E,I,A,A,H,-,D,D,0,,,,,Y,,J,43,0,1,0,0,0,0,0,0,0,"- ","- ",34.664549999999998,-120.40770000000001,"SANTA BARBARA",UNINCORPORATED,-120.40769997,34.664553550000001
90393050,2016,2017-02-14,9760,2016-09-28,0738,020029,,3,1,3,4205,0,1,2,,2,010,"US-101 NORTHBOUND","SANTA MONICA RD",280.00,S,N,A,-,Y,,,101,,,,,,N,Y,1,1,0,3,A,-,03,22350,,N,B,C,A,A,H,-,A,D,0,,,Y,,Y,,C,02,0,0,0,0,0,0,0,1,0,"- ","- ",34.403669999999998,-119.52817,"SANTA BARBARA",CARPINTERIA,-119.52816728000001,34.403684380000001
90406410,2016,2017-03-06,9750,2016-10-09,2500,015514,,7,4,9,4200,0,3,5,,2,030,"DOMINION ROAD","FOXEN CANYON ROAD",0.00,,Y,A,-,N,,,,,,,,,,Y,1,1,1,1,A,-,03,22350,,F,E,I,A,A,H,-,D,A,0,,,,,Y,Y,A,01,1,0,0,0,0,0,0,0,0,"- ","- ",34.910240000000002,-120.34706,"SANTA BARBARA",UNINCORPORATED,-120.34702987999999,34.91026008
90412332,2016,2017-03-14,9755,2016-10-13,2220,017910,,4,3,9,4200,0,3,5,,2,050,"OCEAN AVENUE","DOUGLASS AVENUE",872.00,E,N,B,-,N,,,,,,,,,,Y,1,1,1,2,A,-,01,23152,A,N,A,C,A,A,H,-,D,D,0,,,,,Y,Y,A,01,1,0,0,0,0,0,0,0,0,"- ","- ",34.642699999999998,-120.50788,"SANTA BARBARA",UNINCORPORATED,-120.50785213,34.642769719999997
90413511,2017,2017-03-16,9760,2017-02-12,2204,021476,,7,3,5,4203,0,1,2,,2,011,"US-101 N/B TO PUEBLO STREET","W PUEBLO STREET",246.00,S,N,A,-,Y,,,101,,,,R,,N,Y,2,0,1,1,A,-,01,23152,A,N,E,I,A,A,H,-,D,D,0,,,,,Y,Y,A,01,1,0,0,0,0,0,0,0,0,"- ","- ",34.4268,-119.72503,"SANTA BARBARA","SANTA BARBARA",-119.72503,34.4268
90413596,2017,2017-03-16,9750,2017-03-12,2000,017379,,7,2,9,4200,0,2,4,,1,024,"CLARK AVE.","ORCUTT RD.",0.00,,Y,A,-,N,,,,,,,,,,Y,2,0,2,2,A,-,12,21453,A,N,D,C,A,A,H,-,C,A,0,,,,,Y,,D,22,1,1,0,0,0,0,0,0,0,"- ","- ",34.865079999999999,-120.43552,"SANTA BARBARA",UNINCORPORATED,-120.4353199,34.865060059999998
90415653,2017,2017-03-20,9755,2017-03-17,2040,020777,,5,2,4,4202,0,3,5,,2,050,"SANTA ROSA ROAD WESTBOUND","RANCHO LA VINA",400.00,E,N,A,-,N,,,,,,,,,,Y,2,0,3,1,A,-,01,23152,A,N,B,I,A,A,H,-,D,D,0,,,,,Y,Y,D,22,1,1,1,0,0,0,0,0,0,"- ","- ",34.607109999999999,-120.35048999999999,"SANTA BARBARA",LOMPOC,,
90415895,2016,2017-04-06,9760,2016-10-20,1958,017253,,4,2,9,4200,0,1,2,,2,010,"US-101 S/B","SOUTH PADARO LANE U/C",1866.00,N,N,A,-,Y,,,101,,,,,,S,Y,1,1,0,1,A,-,01,23152,E,N,E,I,A,A,H,-,D,D,0,,,,,Y,,A,01,0,0,0,0,0,0,0,0,0,"- ","- ",34.414160000000003,-119.55781,"SANTA BARBARA",UNINCORPORATED,-119.55768319000001,34.41431626
90427185,2017,2017-04-04,9750,2017-03-30,1240,014358,,4,1,9,4200,0,1,3,,1,064,"RT 166","WASIOJA ROAD",7920.00,E,N,A,-,Y,,,166,,,,,,,Y,2,0,1,2,A,-,06,21751,,N,A,C,A,A,H,-,A,D,0,,,,Y,Y,,A,01,1,0,0,0,0,0,0,0,0,"- ","- ",34.976689999999998,-119.75646,"SANTA BARBARA",UNINCORPORATED,-119.75647417,34.976664900000003
90437759,2017,2017-04-19,9755,2017-03-29,0500,020323,,3,3,9,4200,0,1,3,,1,053,"STATE ROUTE 246","SWEENEY ROAD",0.00,,Y,A,-,Y,,,246,,,,,,,Y,1,1,0,2,A,-,11,21954,A,N,G,B,E,A,H,-,D,D,0,Y,,,,Y,,N,60,0,0,0,1,0,0,0,0,0,"- ","- ",34.645000000000003,-120.42968,"SANTA BARBARA",UNINCORPORATED,-120.42966453,34.644981889999997
90441910,2017,2017-04-25,9755,2017-04-18,0830,015281,,2,1,9,4200,0,1,2,,2,004,"UNITED STATES HIGHWAY 101","RT 1",3890.00,N,N,C,-,Y,,,101,,,,,,,Y,1,1,0,1,A,-,03,22350,,N,E,I,A,B,H,-,A,D,0,,,,,Y,,A,01,0,0,0,0,0,0,0,0,0,"- ","- ",34.517679999999999,-120.21765000000001,"SANTA BARBARA",UNINCORPORATED,-120.21761325999999,34.517656049999999
90442577,2017,2017-04-26,9760,2017-04-14,0150,020965,,5,3,5,4203,0,1,2,,2,011,"US-101 N/B","MILPAS ST",1180.00,N,N,A,-,Y,,,101,,,,,,N,Y,2,0,1,1,C,-,18,,,N,E,J,A,A,C,-,D,D,0,,,Y,,Y,,-,"- ",1,0,0,0,0,0,0,0,1,"- ","- ",34.420389999999998,-119.67967,"SANTA BARBARA","SANTA BARBARA",-119.67965589000001,34.420237460000003
90451018,2017,2017-05-08,9760,2017-01-05,0955,019446,,4,1,3,4205,0,1,2,,2,010,"US-101 N/B (EL CAMINO REAL)","SANTA MONICA",132.00,N,N,B,-,Y,,,101,,,,,,N,Y,1,1,1,3,A,-,08,22107,,N,D,C,A,B,H,-,A,D,0,,,,,Y,,D,22,0,1,0,0,0,0,0,0,0,"- ","- ",34.404240000000001,-119.53111,"SANTA BARBARA",CARPINTERIA,-119.53110961,34.40424204
9045274,2020,2020-02-27,4200,2020-01-06,1302,4608,14,1,5,4,4214,0,0,0,,0,050,"CALLE REAL","KINGSTON AV",966.00,W,N,A,-,N,,,,,,,,,,N,2,0,1,2,D,-,00,,,F,B,G,A,A,H,-,A,D,0,,Y,,,Y,,-,"- ",1,0,0,0,0,0,1,0,0,"- ","- ",,,"SANTA BARBARA",GOLETA,-119.82488250732422,34.441295623779297
9045719,2019,2020-06-30,4200,2019-11-24,1742,3116,11,7,5,2,4212,0,0,0,,0,,"RT 246","AVENUE OF THE FLAG",35.00,W,N,A,-,Y,SB,5,246,-,-,26.070,H,-,W,Y,2,0,1,2,A,-,11,21954,A,F,G,B,D,A,H,-,C,A,0,Y,,,Y,Y,Y,N,60,1,0,0,0,1,0,0,0,0,"- ","- ",,,"SANTA BARBARA",BUELLTON,-120.19346618652344,34.613452911376953
90466785,2017,2017-05-30,9755,2017-05-26,1315,017374,,5,1,9,4200,0,1,3,,1,042,"SR-154 (CHUMASH HIGHWAY)","4001 SR-154",1056.00,W,N,A,-,Y,,,154,,,,,,,Y,2,0,2,1,A,-,08,22107,,N,E,I,A,A,H,-,A,A,0,,,,,Y,,A,07,1,1,0,0,0,0,0,0,0,"- ","- ",34.549280000000003,-119.90505,"SANTA BARBARA",UNINCORPORATED,-119.90506188000001,34.549221279999998
90466986,2017,2017-05-30,9760,2017-05-17,0450,021503,,3,3,5,4203,0,1,2,,2,011,"US-101 S/B","CARRILLO STREET",570.00,N,N,A,-,Y,,,101,,,,,,S,Y,2,0,1,1,A,-,08,22107,,N,E,J,A,A,H,-,D,D,0,,,,,Y,,A,01,1,0,0,0,0,0,0,0,0,"- ","- ",34.417050000000003,-119.70901000000001,"SANTA BARBARA","SANTA BARBARA",-119.70890356,34.417229720000002
90480601,2017,2017-06-19,9750,2017-06-10,0130,019397,,6,3,9,4200,0,1,3,,1,064,"SR-166 W/B","MPM 60",3168.00,E,N,A,-,Y,,,166,,,,,,W,Y,2,0,1,1,A,-,08,22107,,N,E,I,A,A,H,-,D,D,0,,,,,Y,,A,07,1,0,0,0,0,0,0,0,0,"- ","- ",34.972270000000002,-119.74850000000001,"SANTA BARBARA",UNINCORPORATED,-119.74848899,34.972290639999997
90481827,2017,2017-06-20,9760,2017-06-11,1213,021300,,7,1,9,4200,0,3,5,,2,002,"PATTERSON AVE","UNIVERSITY DR.",70.00,S,N,A,-,N,,,,,,,,,,Y,2,0,2,3,A,-,03,22350,,N,C,C,A,A,H,-,A,D,0,,,,,Y,,A,01,1,1,0,0,0,0,0,0,0,"- ","- ",34.445120000000003,-119.80794,"SANTA BARBARA",UNINCORPORATED,-119.8078769,34.44516024
90489044,2017,2017-06-27,9760,2017-06-18,0049,021476,,7,3,9,4200,0,1,3,,1,022,SR-154,"N. SAN MARCOS ROAD",9504.00,E,N,A,-,Y,,,154,,,,,,,Y,2,0,1,1,A,-,01,23152,A,N,E,I,A,A,H,-,D,D,0,,,Y,,Y,Y,C,02,1,0,0,0,0,0,0,0,1,"- ","- ",34.482689999999998,-119.77358,"SANTA BARBARA",UNINCORPORATED,-119.7736072,34.482645830000003
90495352,2017,2017-07-06,9760,2017-06-28,0845,16739,,3,1,9,4200,0,3,5,,2,002,"NUECES DR","NOGAL DR",0.00,,Y,A,-,N,,,,,,,,,,N,2,0,1,2,A,-,12,22450,A,N,H,G,A,A,H,-,A,A,0,,Y,,,Y,,L,04,1,0,0,0,0,0,1,0,0,"- ","- ",34.436430000000001,-119.77108,"SANTA BARBARA",UNINCORPORATED,-119.77107995,34.436370019999998
90495544,2017,2017-07-06,9755,2017-07-05,1345,017374,,3,1,9,4200,0,1,3,,1,042,"SR-54 E/B (CHUMASH HIGHWAY)","LAKEVIEW RD",528.00,E,N,A,-,Y,,,,,,,,,,Y,2,0,1,3,A,-,03,22350,,N,C,C,A,A,D,-,A,A,0,,,Y,,Y,,C,02,1,0,0,0,0,0,0,0,1,"- ","- ",34.573259999999998,-119.95697,"SANTA BARBARA",UNINCORPORATED,,
90498549,2017,2017-07-11,9760,2017-06-28,1358,020804,,3,1,9,4200,0,3,5,,2,005,"PARDALL RD.","EMBARCADERO DEL MAR",10.00,E,N,A,-,N,,,,,,,,,,N,2,0,1,2,A,-,09,21802,A,F,F,A,A,A,H,-,A,A,0,,Y,,,Y,Y,A,01,1,0,0,0,0,0,1,0,0,"- ","- ",34.413150000000002,-119.85699,"SANTA BARBARA",UNINCORPORATED,-119.85699687,34.413119389999999
90516922,2017,2017-08-04,9755,2017-08-03,1600,016058,,4,2,9,4200,0,3,5,,2,040,"BALLARD CANYON RD",SR-246,14256.00,N,N,B,-,N,,,,,,,,,,Y,2,0,1,1,A,-,08,22107,,N,F,A,A,A,H,-,A,D,0,,,,,Y,,D,22,1,0,0,0,0,0,0,0,0,"- ","- ",34.621949999999998,-120.14919,"SANTA BARBARA",UNINCORPORATED,-120.16401999999999,34.611600000000003
90517644,2017,2017-08-07,9750,2017-07-03,1850,017616,,1,2,9,4200,0,3,5,,2,010,"BROWN RD",SR-1,192.00,E,N,A,-,N,,,,,,,,,,Y,1,2,0,2,A,-,01,23152,A,N,C,C,A,A,H,-,A,D,0,,,,Y,Y,Y,A,01,0,0,0,0,0,0,0,0,0,"- ","- ",34.932690000000001,-120.56764,"SANTA BARBARA",UNINCORPORATED,-120.56772577,34.93261304
90521387,2017,2017-08-11,9760,2017-08-05,1000,020495,,6,1,9,4200,0,3,5,,2,001,"GIBRALTAR ROAD","EL CIELITO ROAD",16896.00,N,N,A,-,N,,,,,,,,,,N,2,0,2,2,C,-,18,,,N,F,A,A,A,H,-,A,D,0,,Y,,,Y,,-,"- ",1,1,0,0,0,0,2,0,0,"- ","- ",34.496110000000002,-119.69911999999999,"SANTA BARBARA",UNINCORPORATED,-119.67538636,34.4679407
90525035,2017,2017-08-17,9760,2017-06-26,2120,021531,,1,2,9,4200,0,3,5,,2,001,"GIBRALTAR ROAD","E. CAMINO CIELO",13306.00,S,N,A,-,N,,,,,,,,,,Y,1,2,3,1,A,-,01,23152,A,N,F,A,A,A,H,-,D,D,0,,,,,Y,Y,A,01,2,0,1,0,0,0,0,0,0,"- ","- ",34.470460000000003,-119.67994,"SANTA BARBARA",UNINCORPORATED,-119.67974,34.47702263
90537900,2017,2017-08-31,9755,2017-08-26,1105,017374,,6,1,9,4200,0,1,3,,1,042,SR-154,"TORRANCE AVE.",10.00,E,N,A,-,Y,,,154,,,,,,,N,2,0,4,3,A,-,06,21755,,N,B,C,A,A,H,-,A,A,0,,,Y,,Y,,C,02,1,2,1,0,0,0,0,0,4,"- ","- ",34.623800000000003,-120.07089000000001,"SANTA BARBARA",UNINCORPORATED,-120.07087860999999,34.623813339999998
9053805,2020,2021-03-05,4203,2020-02-29,0914,24576,32,6,5,5,4203,0,0,0,,0,004,"W CARRILLO ST","CASTILLO ST",21.00,E,N,A,-,N,,,,,,,,,,Y,2,0,1,2,A,-,10,21950,A,F,G,B,B,A,H,-,A,A,0,Y,,,,Y,,D,22,1,0,0,0,1,0,0,0,0,"- ","- ",34.417320251464844,-119.70638275146484,"SANTA BARBARA","SANTA BARBARA",-119.70630645751953,34.417304992675781
90542133,2017,2017-09-06,9755,2017-09-01,1530,017374,,5,2,9,4200,0,1,3,,1,055,SR-1,"SANTA LUCIA CANYON RD",20.00,S,N,A,-,Y,,,1,,,,,,,Y,2,0,2,3,A,-,09,21801,A,N,A,C,A,A,H,-,A,A,0,,,,,Y,,A,01,1,1,0,0,0,0,0,0,0,"- ","- ",34.713070000000002,-120.48900999999999,"SANTA BARBARA",UNINCORPORATED,-120.4889939,34.713074679999998
90543354,2017,2017-09-08,9760,2017-08-26,1919,020965,,6,2,9,4200,0,1,3,,1,022,SR-154,"PARADISE RD",0.00,,Y,A,-,Y,,,154,,,,,,,N,2,0,1,2,A,-,09,21802,A,N,D,C,A,A,H,-,A,D,0,,,Y,,Y,,A,01,1,0,0,0,0,0,0,0,1,"- ","- ",34.533569999999997,-119.85786,"SANTA BARBARA",UNINCORPORATED,-119.85786198,34.533565320000001
90545135,2017,2017-09-11,9760,2017-09-08,1840,021300,,5,2,5,4203,0,1,2,,2,011,"US-101 N/B TO MISSION ST.","MISSION ST.",35.00,S,N,A,-,Y,,,101,,,,R,,N,Y,2,0,4,3,A,-,01,23152,A,F,C,C,A,A,H,-,B,A,0,,,,,Y,Y,A,01,1,2,1,0,0,0,0,0,0,"- ","- ",34.425620000000002,-119.71984,"SANTA BARBARA","SANTA BARBARA",-119.71984,34.425620000000002
90545992,2017,2017-09-12,9750,2017-09-10,1415,017379,,7,2,9,4200,0,2,4,,1,024,"HILLVIEW ROAD","LAKEVIEW ROAD",0.00,,Y,A,-,N,,,,,,,,,,Y,2,0,2,2,A,-,09,21802,A,N,D,C,A,A,H,-,A,D,0,,,Y,,Y,,A,07,2,0,0,0,0,0,0,0,2,"- ","- ",34.894469999999998,-120.42525000000001,"SANTA BARBARA",UNINCORPORATED,-120.42520988,34.894490079999997
90546586,2017,2017-09-13,9755,2017-09-03,0145,018514,,7,3,9,4200,0,1,2,,2,004,"US 101 S/B",SR-154,2640.00,S,N,A,-,Y,,,,,,,,,,Y,2,0,1,1,A,-,08,22107,,N,F,A,A,A,H,-,D,D,0,,,Y,,Y,,C,02,1,0,0,0,0,0,0,0,1,"- ","- ",34.669179999999997,-120.16928,"SANTA BARBARA",UNINCORPORATED,-120.15723145,34.680779350000002
90562799,2017,2017-10-04,9750,2017-07-17,0625,015915,,1,1,9,4200,0,3,5,,2,010,"BROWN ROAD","BETTERAVIA ROAD",1584.00,W,N,A,-,N,,,,,,,,,,Y,1,1,0,1,A,-,08,22107,,N,F,A,A,A,H,-,A,D,0,,,,,Y,,A,01,0,0,0,0,0,0,0,0,0,"- ","- ",34.934609999999999,-120.55195999999999,"SANTA BARBARA",UNINCORPORATED,-120.55165782,34.93457034
90564022,2017,2017-10-05,9760,2017-09-28,0750,015669,,4,1,9,4200,0,3,5,,2,005,"PARDALL ROAD","EMBARCADERO DEL NORTE",250.00,E,N,A,-,N,,,,,,,,,,N,2,0,2,2,C,-,18,,,N,H,B,E,A,H,-,A,D,0,Y,Y,,,Y,,-,"- ",1,1,0,0,1,0,1,0,0,"- ","- ",34.413080000000001,-119.85455,"SANTA BARBARA",UNINCORPORATED,-119.85456186,34.4131
90566715,2017,2017-12-26,9750,2017-10-05,0635,017709,,4,1,9,4200,0,3,5,,2,010,"BETTERAVIA RD","BROWN RD",0.00,,Y,A,-,N,,,,,,,,,,Y,2,0,6,2,A,-,09,21802,A,N,D,C,A,A,H,-,B,A,0,,,,,Y,,A,01,1,2,3,0,0,0,0,0,0,"- ","- ",34.935079999999999,-120.54658000000001,"SANTA BARBARA",UNINCORPORATED,-120.54642995,34.935200080000001
90576825,2017,2017-10-24,9760,2017-10-12,1930,021061,,4,2,9,4200,0,1,3,,1,022,"SR-154 E/B","HIDDEN VALLEY RD",231.00,W,N,A,-,Y,,,154,,,,,,E,Y,2,0,1,1,A,-,01,23152,A,N,E,I,A,A,H,-,D,D,0,,,,,Y,Y,A,07,1,0,0,0,0,0,0,0,0,"- ","- ",34.503259999999997,-119.80683000000001,"SANTA BARBARA",UNINCORPORATED,-119.80685124999999,34.503357569999999
90578397,2017,2017-10-25,9750,2017-10-21,0140,018786,,6,3,9,4200,0,1,3,,1,011,"W. MAIN ST.","8TH ST",2112.00,W,N,A,-,N,,,,,,,,,,Y,2,0,1,1,A,-,01,23152,A,N,E,I,A,A,H,-,D,A,0,,,,,Y,Y,A,07,1,0,0,0,0,0,0,0,0,"- ","- ",34.961399999999998,-120.6063,"SANTA BARBARA",UNINCORPORATED,,
90583982,2017,2017-10-31,9755,2017-10-15,0756,016999,,7,1,9,4200,0,1,2,,2,004,"US-101 S/B",SR-154,7392.00,S,N,A,-,Y,,,101,,,,,,S,Y,1,2,0,1,A,-,03,22350,,N,E,I,A,A,H,-,A,D,0,,,Y,,Y,,C,02,0,0,0,0,0,0,0,2,0,"- ","- ",34.669220000000003,-120.16612000000001,"SANTA BARBARA",UNINCORPORATED,-120.16619324,34.669727950000002
90589735,2017,2017-11-08,9750,2017-11-03,2255,020511,,5,3,9,4200,0,1,2,,2,002,"US-101 (EL CAMINO REAL)","PALMER RD",0.00,,Y,A,-,Y,,,101,,,,,,,Y,2,0,2,2,A,-,09,21800,B,N,D,C,A,A,H,-,D,D,0,,,,,Y,,A,07,1,0,1,0,0,0,0,0,0,"- ","- ",34.791800000000002,-120.33284999999999,"SANTA BARBARA",UNINCORPORATED,-120.33284999,34.791800010000003
90596720,2017,2017-11-17,9755,2017-11-15,0700,017374,,3,1,9,4200,0,1,3,,1,042,"SR-154 W/B","ST. FRANCIS RANCH (3200 SR-154)",3696.00,E,N,A,-,Y,,,154,,,,,,W,Y,2,0,1,1,A,-,08,22107,,N,E,I,A,A,H,-,A,A,0,,,,Y,Y,,F,26,1,0,0,0,0,0,0,0,0,"- ","- ",34.55791,-119.91324,"SANTA BARBARA",UNINCORPORATED,-119.91323589,34.557918000000001
90599324,2017,2017-11-21,9755,2017-11-18,0915,017374,,6,1,9,4200,0,1,3,,1,042,SR-154,"DRIVEWAY LOCATED AT 4505 SR-154",6.00,W,N,A,-,Y,,,154,,,,,,,Y,2,0,4,4,C,-,18,,,N,C,C,A,A,H,-,A,A,0,,,,,Y,,-,"- ",1,0,3,0,0,0,0,0,0,"- ","- ",34.546239999999997,-119.88215,"SANTA BARBARA",UNINCORPORATED,-119.88213253000001,34.54630186
90599463,2017,2017-12-13,9755,2017-09-10,2255,020202,,7,3,9,4200,0,1,2,,2,004,"US-101 S/B",SR-154,5808.00,S,N,C,-,Y,,,101,,,,,,S,Y,1,1,1,1,A,-,03,22350,,N,F,A,A,B,H,-,D,D,0,,,,,Y,,A,07,0,0,1,0,0,0,0,0,0,"- ","- ",34.672780000000003,-120.16052000000001,"SANTA BARBARA",UNINCORPORATED,-120.16067439,34.672928659999997
90601256,2017,2017-11-22,9760,2017-11-09,0915,019464,,4,1,5,4203,0,1,2,,2,020,"US-101 SOUTHBOUND","LAS POSITAS ROAD",1584.00,N,N,A,-,Y,,,101,,,,,,S,Y,2,0,1,1,A,-,08,22107,,N,E,I,A,A,H,-,A,D,0,,,,,Y,,D,22,1,0,0,0,0,0,0,0,0,"- ","- ",34.429119999999998,-119.74024,"SANTA BARBARA","SANTA BARBARA",-119.74025042,34.42909221
90604092,2017,2017-11-28,9760,2017-11-15,1635,020804,,3,2,9,4200,0,3,5,,2,005,"CAMINO PESCADERO","SUENO RD.",0.00,,Y,A,-,N,,,,,,,,,,N,2,0,1,2,A,-,09,21802,A,N,H,G,A,A,H,-,A,A,0,,Y,,,Y,,L,04,1,0,0,0,0,0,1,0,0,"- ","- ",34.412680000000002,-119.85869,"SANTA BARBARA",UNINCORPORATED,-119.85869998,34.412630059999998
90611348,2017,2017-12-06,9755,2017-11-30,0905,016999,,4,1,9,4200,0,1,3,,1,055,"SR-1 S/B","AZALEA LN",508.00,S,N,A,-,Y,,,1,,,,,,S,Y,2,0,1,1,A,-,08,22107,,M,F,A,A,A,H,-,A,D,0,,,,,Y,,A,01,1,0,0,0,0,0,0,0,0,"- ","- ",34.733330000000002,-120.50364999999999,"SANTA BARBARA",UNINCORPORATED,-120.50360468,34.733374339999997
90611580,2017,2018-01-30,9755,2017-11-14,1730,017255,,2,2,9,4200,0,1,3,,1,042,SR-154,"SANTA YNEZ RIVER",2640.00,W,N,A,-,Y,,,154,,,,,,,Y,1,2,0,3,C,-,18,,,N,E,H,A,A,H,-,D,D,0,,,,,Y,,-,"- ",0,0,0,0,0,0,0,0,0,"- ","- ",34.594940000000001,-120.03794000000001,"SANTA BARBARA",UNINCORPORATED,-120.03797665,34.59490023
90612318,2017,2017-12-07,9750,2017-12-05,2340,017910,,2,3,5,4204,0,1,2,,2,001,"US-101 S/B","DONOVAN RD",1848.00,N,N,A,-,Y,,,101,,,,,,S,Y,2,0,1,1,A,-,08,22107,,N,E,I,A,A,H,-,D,D,0,,,,,Y,,A,01,1,0,0,0,0,0,0,0,0,"- ","- ",34.972270000000002,-120.42605,"SANTA BARBARA","SANTA MARIA",-120.42598876,34.97230837
90613357,2017,2017-12-08,9750,2017-11-29,0940,014820,,3,1,9,4200,0,1,3,,1,022,"SR-1 S/B","GRACIOSA RD",6336.00,S,N,A,-,Y,,,,,,,,,,Y,2,0,1,2,A,-,03,22350,,N,C,C,A,A,H,-,A,D,0,,,,Y,Y,,F,26,1,0,0,0,0,0,0,0,0,"- ","- ",34.78754,-120.45923000000001,"SANTA BARBARA",UNINCORPORATED,-120.44891905999999,34.795908529999998
90616388,2017,2017-12-13,9760,2017-12-03,1905,020528,,7,2,9,4200,0,1,3,,1,014,"SR-192 (EAST VALLEY ROAD)","BUENA VISTA DRIVE",0.00,,Y,A,-,Y,,,192,,,,,,,Y,2,0,1,1,A,-,01,23152,A,N,E,I,A,A,H,-,D,D,0,,,,,Y,Y,A,01,1,0,0,0,0,0,0,0,0,"- ","- ",34.43938,-119.61541,"SANTA BARBARA",UNINCORPORATED,-119.61538877,34.439463910000001
90618894,2017,2018-03-15,9750,2017-12-03,1615,017379,,7,2,9,4200,0,1,3,,1,064,"SR-166 (STATE ROUTE 166)","BELL ROAD",1056.00,E,N,A,-,Y,,,166,,,,,,,Y,1,3,0,2,A,-,01,23152,G,N,A,C,A,A,H,-,A,D,0,,,,,Y,Y,A,07,0,0,0,0,0,0,0,0,0,"- ","- ",34.958309999999997,-119.71116000000001,"SANTA BARBARA",UNINCORPORATED,-119.71114414,34.958336449999997
90618898,2017,2017-12-18,9750,2017-12-12,2230,014820,,2,3,9,4200,0,3,5,,2,030,"TEPUSQUET RD","COLSON CANYON RD",8976.00,N,N,A,-,N,,,,,,,,,,Y,2,0,2,1,A,-,08,22107,,N,E,I,A,A,H,-,D,D,0,,,,,Y,,A,01,2,0,0,0,0,0,0,0,0,"- ","- ",34.949010000000001,-120.22615999999999,"SANTA BARBARA",UNINCORPORATED,-120.22908682000001,34.944838859999997
90634732,2017,2018-01-08,9760,2017-12-27,1515,020483,,3,2,9,4200,0,3,5,,2,002,"PARADISE RD","FREMONT LN",700.00,E,N,A,-,N,,,,,,,,,,Y,2,0,1,1,A,-,08,22107,,N,E,I,A,A,H,-,A,D,0,,,,,Y,,A,01,1,0,0,0,0,0,0,0,0,"- ","- ",34.5428,-119.81225000000001,"SANTA BARBARA",UNINCORPORATED,-119.81239600000001,34.542859999999997
90637373,2017,2018-01-10,9760,2017-12-29,2155,021503,,5,2,9,4200,0,3,5,,2,001,SR-150,"GOBERNADOR CANYON RD",25.00,E,N,A,-,Y,,,150,,,,,,,Y,2,0,2,1,A,-,01,23152,A,N,E,I,A,A,H,-,D,D,0,,,,,Y,Y,A,01,2,0,0,0,0,0,0,0,0,"- ","- ",34.396050000000002,-119.45372999999999,"SANTA BARBARA",UNINCORPORATED,-119.45373062,34.396022500000001
90637663,2018,2018-01-10,9760,2018-01-05,2310,021503,,5,3,9,4200,0,1,3,,1,022,SR-154,"PAINTED CAVE ROAD",300.00,E,N,A,-,Y,,,154,,,,,,,Y,2,0,6,2,A,-,03,22350,,N,A,C,A,A,H,-,D,D,0,,,,,Y,,D,22,1,3,2,0,0,0,0,0,0,"- ","- ",34.490959167480469,-119.794677734375,"SANTA BARBARA",UNINCORPORATED,-119.79469299316406,34.490943908691406