CASE_ID,ACCIDENT_YEAR,PROC_DATE,JURIS,COLLISION_DATE,COLLISION_TIME,OFFICER_ID,REPORTING_DISTRICT,DAY_OF_WEEK,CHP_SHIFT,POPULATION,CNTY_CITY_LOC,SPECIAL_COND,BEAT_TYPE,CHP_BEAT_TYPE,CITY_DIVISION_LAPD,CHP_BEAT_CLASS,BEAT_NUMBER,PRIMARY_RD,SECONDARY_RD,DISTANCE,DIRECTION,INTERSECTION,WEATHER_1,WEATHER_2,STATE_HWY_IND,CALTRANS_COUNTY,CALTRANS_DISTRICT,STATE_ROUTE,ROUTE_SUFFIX,POSTMILE_PREFIX,POSTMILE,LOCATION_TYPE,RAMP_INTERSECTION,SIDE_OF_HWY,TOW_AWAY,COLLISION_SEVERITY,NUMBER_KILLED,NUMBER_INJURED,PARTY_COUNT,PRIMARY_COLL_FACTOR,PCF_CODE_OF_VIOL,PCF_VIOL_CATEGORY,PCF_VIOLATION,PCF_VIOL_SUBSECTION,HIT_AND_RUN,TYPE_OF_COLLISION,MVIW,PED_ACTION,ROAD_SURFACE,ROAD_COND_1,ROAD_COND_2,LIGHTING,CONTROL_DEVICE,CHP_ROAD_TYPE,PEDESTRIAN_ACCIDENT,BICYCLE_ACCIDENT,MOTORCYCLE_ACCIDENT,TRUCK_ACCIDENT,NOT_PRIVATE_PROPERTY,ALCOHOL_INVOLVED,STWD_VEHTYPE_AT_FAULT,CHP_VEHTYPE_AT_FAULT,COUNT_SEVERE_INJ,COUNT_VISIBLE_INJ,COUNT_COMPLAINT_PAIN,COUNT_PED_KILLED,COUNT_PED_INJURED,COUNT_BICYCLIST_KILLED,COUNT_BICYCLIST_INJURED,COUNT_MC_KILLED,COUNT_MC_INJURED,PRIMARY_RAMP,SECONDARY_RAMP,LATITUDE,LONGITUDE,COUNTY,CITY,POINT_X,POINT_Y
90641016,2017,2018-01-16,9755,2017-12-17,0157,021125,,7,3,9,4200,0,1,3,,1,042,SR-154,"VIA DEL LOS RANCHOS ROAD",175.00,W,N,A,-,Y,,,154,,,,,,,Y,1,2,4,3,A,-,01,23152,A,N,A,C,A,A,H,-,C,D,0,,,,,Y,Y,A,07,3,0,1,0,0,0,0,0,0,"- ","- ",34.681759999999997,-120.15564999999999,"SANTA BARBARA",UNINCORPORATED,-120.15567187000001,34.681741520000003
90641917,2018,2018-01-17,9750,2018-01-13,2224,018009,,6,3,5,4204,0,1,3,,1,023,"SR-1 N/B","CLARK AVE",10560.00,S,N,A,-,Y,,,,,,,,,,Y,2,0,1,1,A,-,01,23152,A,N,F,A,A,A,H,-,C,D,0,,,,,Y,Y,A,07,1,0,0,0,0,0,0,0,0,"- ","- ",34.845268249511719,-120.45220184326172,"SANTA BARBARA","SANTA MARIA",-120.45150756835938,34.835964202880859
90642141,2018,2018-01-17,9750,2018-01-14,1301,015916,,7,1,9,4200,0,3,5,,2,030,"FOXEN CANYON ROAD","LONG CANYON ROAD",2112.00,S,N,A,-,N,,,,,,,,,,Y,2,0,1,1,A,-,03,22350,,N,E,I,A,A,H,-,A,D,0,,,,,Y,,A,01,1,0,0,0,0,0,0,0,0,"- ","- ",34.864360809326172,-120.27719116210938,"SANTA BARBARA",UNINCORPORATED,-120.28376770019531,34.860546112060547
90642459,2018,2018-01-18,9750,2018-01-11,2025,019656,,4,2,9,4200,0,1,3,,1,062,SR-166,"TEPUSQUET RD",15840.00,E,N,A,-,Y,,,166,,,,,,,Y,2,0,3,5,A,-,05,21460,A,N,B,C,A,A,H,-,D,D,0,,,,Y,Y,,A,07,1,2,0,0,0,0,0,0,0,"- ","- ",35.052459716796875,-120.18257141113281,"SANTA BARBARA",UNINCORPORATED,-120.18257904052734,35.052467346191406
90647200,2018,2018-01-25,9760,2018-01-04,0930,020029,,4,1,9,4200,0,1,3,,1,022,SR-154,"DEER LODGE",200.00,E,N,C,-,Y,,,154,,,,,,,Y,2,0,3,2,A,-,08,22107,,N,A,C,A,B,H,-,A,D,0,,,,,Y,,D,22,1,1,1,0,0,0,0,0,0,"- ","- ",34.515380859375,-119.82740783691406,"SANTA BARBARA",UNINCORPORATED,-119.82742309570312,34.515327453613281
90655676,2017,2018-02-06,9750,2017-11-12,1830,017616,,7,2,9,4200,0,1,3,,1,021,"SR-135 S/B","GOODWIN RD",0.00,,Y,A,-,Y,,,135,,,,,,S,N,1,1,0,2,A,-,11,21950,B,F,G,B,B,A,H,-,C,A,0,Y,,,,Y,,N,60,0,0,0,1,0,0,0,0,0,"- ","- ",34.899610000000003,-120.43617,"SANTA BARBARA",UNINCORPORATED,-120.4361265,34.899603079999999
90669281,2018,2018-02-26,9760,2018-02-14,1115,015669,,3,1,9,4200,0,1,2,,1,040,"US-101 N/B","GAVIOTA BEACH RD",300.00,S,N,A,-,Y,,,101,,,,,,N,N,2,0,1,1,A,-,08,22107,,N,F,A,A,A,H,-,A,D,0,,Y,,,Y,,L,04,1,0,0,0,0,0,1,0,0,"- ","- ",34.4769287109375,-120.22791290283203,"SANTA BARBARA",UNINCORPORATED,-120.22796630859375,34.476905822753906
90680077,2018,2018-03-20,9750,2018-02-21,1927,017910,,3,2,9,4200,0,1,2,,2,001,"US-101 S/B","CLARK AVE",298.00,N,N,A,-,Y,,,101,,,,,,S,Y,1,1,0,1,A,-,08,22107,,N,E,I,A,A,H,-,C,D,0,,,,,Y,,A,07,0,0,0,0,0,0,0,0,0,"- ","- ",34.866191864013672,-120.39713287353516,"SANTA BARBARA",UNINCORPORATED,-120.39712524414062,34.866191864013672
9068067,2020,2020-03-12,4200,2020-01-08,1724,4608,14,3,5,4,4214,0,0,0,,0,080,"STORKE RD","BOLLAY DR",0.00,,Y,A,-,N,,,,,,,,,,Y,2,0,1,2,A,-,09,21801,A,N,H,G,A,A,H,-,B,D,0,,Y,,,Y,,L,04,1,0,0,0,0,0,1,0,0,"- ","- ",,,"SANTA BARBARA",GOLETA,-119.86975860595703,34.428058624267578
90686937,2018,2018-03-21,9760,2018-03-09,2020,018786,,5,2,9,4200,0,3,5,,2,002,"TURNPIKE RD","SAN SIMEON DR",0.00,,Y,A,-,N,,,,,,,,,,Y,2,0,1,2,A,-,09,21802,A,N,D,C,A,A,H,-,C,A,0,,,Y,,Y,,D,22,1,0,0,0,0,0,0,0,1,"- ","- ",34.438060760498047,-119.78932952880859,"SANTA BARBARA",UNINCORPORATED,-119.78945922851562,34.438209533691406
90687005,2018,2018-05-14,9755,2018-02-19,0528,020777,,1,3,9,4200,0,1,3,,1,055,"RT 1","TIMBER LN",950.00,S,N,A,-,Y,,,1,,,,,,,N,1,1,0,2,A,-,11,21954,A,N,G,B,E,A,H,-,D,D,0,Y,,,,Y,Y,N,60,0,0,0,1,0,0,0,0,0,"- ","- ",34.739398956298828,-120.50955963134766,"SANTA BARBARA",UNINCORPORATED,-120.50953674316406,34.739425659179688
90688491,2018,2018-03-23,9755,2018-03-21,1820,019292,,3,2,9,4200,0,1,2,,2,004,"US-101 S/B","OLD COAST HWY",528.00,S,N,C,-,Y,,,101,,,,,,S,Y,2,0,2,1,A,-,03,22350,,N,F,A,A,B,H,-,A,D,0,,,,,Y,,A,01,1,1,0,0,0,0,0,0,0,"- ","- ",34.545448303222656,-120.19387054443359,"SANTA BARBARA",UNINCORPORATED,-120.19384765625,34.545433044433594
90690958,2018,2018-06-12,9760,2018-01-07,0210,021476,,7,3,5,4203,0,1,2,,2,011,"US-101 NORTHBOUND","WEST HALEY STREET",342.00,N,N,A,-,Y,,,101,,,,,,N,Y,1,1,0,1,A,-,01,23152,A,N,E,I,A,A,H,-,D,D,0,,,,,Y,Y,A,01,0,0,0,0,0,0,0,0,0,"- ","- ",34.412590026855469,-119.70136260986328,"SANTA BARBARA","SANTA BARBARA",-119.70139312744141,34.412471771240234
90699868,2018,2018-04-05,9750,2018-03-31,1645,020549,,6,2,5,4204,0,1,2,,2,001,"US-101 N/B","MAIN STREET",1500.00,N,N,B,-,Y,,,101,,,,,,N,Y,2,0,1,1,A,-,08,22107,,N,E,I,A,A,H,-,A,D,0,,,,,Y,,D,22,1,0,0,0,0,0,0,0,0,"- ","- ",34.957080841064453,-120.41732025146484,"SANTA BARBARA","SANTA MARIA",-120.41736602783203,34.957069396972656
90709094,2018,2018-04-19,9760,2018-04-10,0450,021476,,2,3,4,4214,0,1,2,,2,020,"US-101 N/B TO SR-217 W/B","PATTERSON AVENUE",170.00,N,N,A,-,Y,,,101,,,,R,,N,N,2,0,1,2,A,-,11,21954,A,N,G,B,E,A,H,-,D,D,0,Y,,,,Y,,N,60,1,0,0,0,1,0,0,0,0,"- ","- ",34.442089080810547,-119.80915069580078,"SANTA BARBARA",GOLETA,-119.80915069580078,34.442089080810547
90712847,2018,2018-04-25,9760,2018-04-13,1251,018786,,5,1,9,4200,0,1,2,,1,040,"US-101 NORTHBOUND","MARIPOSA REINA",15840.00,S,N,A,-,Y,,,101,,,,,,N,Y,2,0,3,1,A,-,08,22107,,N,E,I,A,A,H,-,E,D,0,,,,,Y,,A,01,3,0,0,0,0,0,0,0,0,"- ","- ",34.472278594970703,-120.16584777832031,"SANTA BARBARA",UNINCORPORATED,-120.16584777832031,34.472240447998047
90713313,2018,2018-04-26,9760,2018-04-14,1213,020029,,6,1,9,4200,0,1,2,,2,020,"PATTERSON AVE","AGANA DR",20.00,S,N,A,-,N,,,,,,,,,,Y,2,0,2,2,A,-,09,21801,A,N,D,C,A,A,H,-,A,D,0,,,,,Y,,A,01,1,1,0,0,0,0,0,0,0,"- ","- ",34.448040008544922,-119.80751800537109,"SANTA BARBARA",UNINCORPORATED,-119.80754089355469,34.448085784912109
90720845,2018,2018-05-07,9750,2018-04-29,1300,017910,,7,1,9,4200,0,3,5,,2,030,"TEPUSQUET RD",SR-166,12144.00,S,N,A,-,N,,,,,,,,,,Y,2,0,1,1,A,-,03,22350,,N,F,A,A,A,H,-,A,D,0,,,Y,,Y,,C,02,1,0,0,0,0,0,0,0,1,"- ","- ",34.992469787597656,-120.19667816162109,"SANTA BARBARA",UNINCORPORATED,,
90721576,2018,2018-05-07,9750,2018-05-03,2330,016874,,4,3,9,4200,0,3,5,,2,020,"425 BELL STREET","CENTENNIAL STREET",150.00,S,N,A,B,N,,,,,,,,,,Y,2,0,1,1,A,-,01,23152,A,N,A,I,A,A,H,-,D,D,0,,,,,Y,Y,A,01,1,0,0,0,0,0,0,0,0,"- ","- ",34.744281768798828,-120.27893829345703,"SANTA BARBARA",UNINCORPORATED,,
90721578,2018,2018-05-07,9755,2018-04-28,2128,021818,,6,2,9,4200,0,1,3,,1,042,"SR-154 W/B","STAGE COACH RD",1795.00,E,N,A,-,Y,,,154,,,,,,W,Y,2,0,1,1,A,-,08,22107,,N,F,I,A,A,H,-,D,D,0,,,,,Y,,D,22,1,0,0,0,0,0,0,0,0,"- ","- ",34.541099548339844,-119.86540222167969,"SANTA BARBARA",UNINCORPORATED,-119.86538696289062,34.541118621826172
90723410,2018,2018-05-10,9760,2018-04-27,1640,018786,,5,2,4,4214,0,1,2,,2,020,"US-101 NORTHBOUND","FAIRVIEW AVE",250.00,S,N,A,-,Y,,,101,,,,,,N,Y,2,0,3,4,A,-,03,22350,,N,C,C,A,A,H,-,A,D,0,,,,Y,Y,,G,27,1,1,1,0,0,0,0,0,0,"- ","- ",34.439838409423828,-119.82998657226562,"SANTA BARBARA",GOLETA,-119.82998657226562,34.439796447753906
90726779,2018,2018-05-15,9755,2018-05-11,0145,021011,,5,3,9,4200,0,1,2,,2,004,"US-101 S/B",HIGHWAY-154,23760.00,N,N,A,-,Y,,,101,,,,,,S,Y,2,0,1,1,A,-,08,22107,,N,E,I,A,A,H,-,D,D,0,,,,,Y,,D,22,1,0,0,0,0,0,0,0,0,"- ","- ",34.700580596923828,-120.16738128662109,"SANTA BARBARA",UNINCORPORATED,-120.16731262207031,34.700656890869141
90727039,2018,2018-05-15,9755,2018-05-11,0150,021011,,5,3,9,4200,0,1,2,,2,004,"US-101 S/B",HIGHWAY-154,23760.00,N,N,A,-,Y,,,101,,,,,,S,Y,2,0,1,1,C,-,18,,,N,E,J,A,A,H,-,D,D,0,,,,,Y,,-,"- ",1,0,0,0,0,0,0,0,0,"- ","- ",34.700210571289062,-120.16684722900391,"SANTA BARBARA",UNINCORPORATED,-120.16682434082031,34.700241088867188
90727943,2018,2018-05-16,9755,2018-04-22,1435,020777,,7,2,9,4200,0,1,3,,1,051,"RT 1","MILE POST MARKER 12",556.00,S,N,A,-,Y,,,1,,,,,,,Y,1,1,4,2,A,-,08,22107,,N,A,C,A,A,H,-,A,D,0,,,Y,,Y,,C,02,1,1,2,0,0,0,0,1,0,"- ","- ",34.568111419677734,-120.36862945556641,"SANTA BARBARA",UNINCORPORATED,-120.36866760253906,34.568080902099609
90730249,2018,2018-05-21,9755,2018-04-20,0550,018514,,5,3,9,4200,0,1,3,,1,051,SR-1,US-101,40128.00,N,N,A,-,Y,,,1,,,,,,,Y,1,1,3,2,A,-,01,23152,F,N,A,C,A,A,H,-,D,D,0,,,,,Y,,A,01,2,1,0,0,0,0,0,0,0,"- ","- ",34.531398773193359,-120.34554290771484,"SANTA BARBARA",UNINCORPORATED,-120.34561157226562,34.531330108642578
90730279,2018,2018-05-21,9760,2018-05-12,1736,018786,,6,2,4,4214,0,1,2,,1,030,"US-101 NORTHBOUND","LOS CARNEROS RD",770.00,S,N,A,-,Y,,,101,,,,,,N,Y,2,0,1,1,A,-,08,22107,,N,E,I,A,A,H,-,A,A,0,,,Y,,Y,,C,02,1,0,0,0,0,0,0,0,1,"- ","- ",34.437919616699219,-119.85086822509766,"SANTA BARBARA",GOLETA,-119.85086822509766,34.437885284423828
90735973,2018,2018-05-29,9755,2018-05-19,1515,020777,,6,2,9,4200,0,3,5,,2,040,"MEADOWLARK RD","ROBIN MEADOW LN",36.00,N,N,A,-,N,,,,,,,,,,Y,2,0,2,2,A,-,05,21650,,F,A,C,A,A,H,-,A,D,0,,,,,Y,,A,01,1,1,0,0,0,0,0,0,0,"- ","- ",34.59423828125,-120.06552886962891,"SANTA BARBARA",UNINCORPORATED,-120.06549072265625,34.594203948974609
90741515,2018,2018-06-05,9750,2018-04-30,2300,020510,,1,3,9,4200,0,1,3,,1,022,"SR-1 S/B","GRACIOSA RD",8976.00,N,N,B,-,Y,,,1,,,,,,S,Y,2,0,2,1,A,-,01,23152,A,N,F,I,A,A,H,-,D,D,0,,,,,Y,Y,A,01,1,1,0,0,0,0,0,0,0,"- ","- ",34.825939178466797,-120.44980621337891,"SANTA BARBARA",UNINCORPORATED,-120.44988250732422,34.825946807861328
90742200,2018,2018-06-06,9760,2018-05-24,1705,020473,,4,2,5,4203,0,1,2,,2,011,"US-101 S/B","GARDEN ST.",350.00,N,N,A,-,Y,,,101,,,,,,S,Y,2,0,1,2,A,-,03,22350,,N,C,C,A,A,H,-,A,D,0,,,Y,,Y,,C,02,1,0,0,0,0,0,0,0,1,"- ","- ",34.417110443115234,-119.69088745117188,"SANTA BARBARA","SANTA BARBARA",-119.69087982177734,34.417098999023438
90746282,2018,2018-06-12,9750,2018-04-24,1915,015916,,2,2,9,4200,0,3,5,,2,020,"DICKSON DRIVE","WINTER ROAD",40.00,N,N,A,-,N,,,,,,,,,,N,1,1,0,1,C,-,18,,,N,H,A,A,A,H,-,A,A,0,,,,,Y,,-,"- ",0,0,0,0,0,0,0,0,0,"- ","- ",34.898311614990234,-120.43257141113281,"SANTA BARBARA",UNINCORPORATED,-120.43251800537109,34.898239135742188
90750146,2018,2018-06-18,9750,2018-06-11,1614,017616,,1,2,9,4200,0,1,3,,1,011,SR-166,"SIMAS RD",1450.00,E,N,A,-,Y,,,166,,,,,,,Y,2,0,2,2,A,-,01,23152,A,N,A,C,A,A,H,-,A,D,0,,,,,Y,Y,D,22,1,1,0,0,0,0,0,0,0,"- ","- ",34.957401275634766,-120.55371856689453,"SANTA BARBARA",UNINCORPORATED,-120.55371856689453,34.957378387451172
90751392,2018,2018-06-19,9750,2018-05-20,1557,016542,,7,2,9,4200,0,1,3,,1,064,"SR-166 W/B","HUBBARD AVE",150.00,E,N,A,-,Y,,,166,,,,,,W,Y,1,2,1,2,A,-,08,22107,,N,A,C,A,A,H,-,A,D,0,,,,Y,Y,,A,01,0,0,1,0,0,0,0,0,0,"- ","- ",34.946739196777344,-119.68517303466797,"SANTA BARBARA",UNINCORPORATED,-119.68517303466797,34.946712493896484
90759638,2018,2018-06-29,9760,2018-06-19,1320,020423,,2,1,5,4203,0,1,2,,2,011,"US-101 S/B","MISSION ST",1320.00,S,N,A,-,Y,,,101,,,,,,S,Y,2,0,1,2,A,-,07,21658,,N,F,A,A,A,H,-,A,D,0,,,,,Y,,A,07,1,0,0,0,0,0,0,0,0,"- ","- ",34.422840118408203,-119.71645355224609,"SANTA BARBARA","SANTA BARBARA",-119.71657562255859,34.422672271728516
9076418,2020,2020-08-04,4200,2020-02-28,1822,5177,14,5,5,4,4214,0,0,0,,0,080,"STORKE RD","WHITTIER DR",126.00,N,N,A,-,N,,,,,,,,,,N,2,0,1,1,A,-,08,22107,,N,E,J,A,A,C,-,C,D,0,,Y,,,Y,,L,04,1,0,0,0,0,0,1,0,0,"- ","- ",,,"SANTA BARBARA",GOLETA,-119.86978912353516,34.422805786132812
90767531,2018,2018-07-12,9750,2018-07-04,0422,020510,,3,3,5,4204,0,1,2,,2,001,"US-101 S/B","ALVIN AVE O/C",88.00,N,N,B,-,Y,,,101,,,,,,S,Y,2,0,2,2,A,-,07,21658,A,N,B,C,A,A,H,-,C,D,0,,,,,Y,,A,01,1,1,0,0,0,0,0,0,0,"- ","- ",34.960659027099609,-120.41883087158203,"SANTA BARBARA","SANTA MARIA",-120.4188232421875,34.960662841796875
90768108,2018,2018-07-12,9755,2018-07-11,1132,017374,,3,1,9,4200,0,1,3,,1,042,SR-154,"CALKINS RD",0.00,,Y,A,-,Y,,,154,,,,,,,Y,2,0,2,3,A,-,03,22350,,N,C,C,A,A,H,-,A,A,0,,,,,Y,,M,47,1,0,1,0,0,0,0,0,0,"- ","- ",34.667831420898438,-120.11820983886719,"SANTA BARBARA",UNINCORPORATED,-120.11820983886719,34.667858123779297
90768168,2018,2018-07-12,9760,2018-02-25,0606,020029,,7,1,9,4200,0,1,2,,1,040,"US-101 SOUTHBOUND","EL CAPITAN STATE BEACH RD",5050.00,N,N,A,-,Y,,,101,,,,,,S,Y,1,1,0,1,A,-,01,23152,F,N,F,A,A,A,H,-,B,D,0,,,,,Y,,A,01,0,0,0,0,0,0,0,0,0,"- ","- ",34.464141845703125,-120.03787231445312,"SANTA BARBARA",UNINCORPORATED,-120.03787231445312,34.464187622070312
90770693,2018,2018-07-17,9760,2018-07-05,1717,020473,,4,2,9,4200,0,3,5,,2,001,"GIBRALTAR RD. (3000 BLOCK)","EL CIELITO RD.",10560.00,N,N,A,-,N,,,,,,,,,,N,2,0,1,2,A,-,05,21650,,N,A,G,A,A,H,-,A,D,0,,Y,,,Y,,L,04,1,0,0,0,0,0,1,0,0,"- ","- ",34.4647216796875,-119.67397308349609,"SANTA BARBARA",UNINCORPORATED,-119.67551422119141,34.464496612548828
90772954,2018,2018-07-19,9750,2018-05-18,1148,015915,,5,1,5,4204,0,1,2,,2,001,"US 101 S/B TO MAIN STREET","MAIN STREET",825.00,N,N,A,-,Y,,,,,,,,,,Y,1,1,0,1,C,-,18,,,N,E,I,A,A,H,-,A,D,0,,,,,Y,,-,"- ",0,0,0,0,0,0,0,0,0,"- ","- ",34.955718994140625,-120.41750335693359,"SANTA BARBARA","SANTA MARIA",,
90772996,2018,2018-07-19,9755,2018-07-15,1410,019292,,7,2,9,4200,0,3,5,,2,050,"JALAMA RD","JALAMA BEACH RD",13200.00,E,N,A,-,N,,,,,,,,,,N,2,0,1,1,A,-,03,22350,,N,F,A,A,A,B,-,A,D,0,,,Y,,Y,,C,02,1,0,0,0,0,0,0,0,1,"- ","- ",34.513130187988281,-120.48915100097656,"SANTA BARBARA",UNINCORPORATED,-120.48410797119141,34.513824462890625
90776589,2018,2018-07-25,9760,2018-07-15,1855,018786,,7,2,5,4203,0,3,5,,2,002,"LAS PALMAS DR","VIA BENDITA",150.00,N,N,A,-,N,,,,,,,,,,Y,2,0,1,1,A,-,08,22107,,N,E,I,A,A,H,-,A,D,0,,,Y,,Y,,C,02,1,0,0,0,0,0,0,0,1,"- ","- ",34.420539855957031,-119.77220153808594,"SANTA BARBARA","SANTA BARBARA",-119.772705078125,34.419712066650391
9078908,2020,2020-06-18,4203,2020-03-20,1312,24576,,5,5,5,4203,0,0,0,,0,005,"CALLE REAL","TREASURE DR",0.00,,Y,A,B,N,,,,,,,,,,N,2,0,1,2,A,-,11,21954,A,N,G,B,E,A,H,-,A,A,0,Y,,,,Y,,N,60,1,0,0,0,1,0,0,0,0,"- ","- ",34.427600860595703,-119.72946166992188,"SANTA BARBARA","SANTA BARBARA",-119.72920227050781,34.427421569824219
90790640,2018,2018-08-14,9755,2018-08-04,0700,013618,,6,1,9,4200,0,1,3,,1,051,"RT 1","STATE ROUTE 246",0.00,,N,A,-,Y,,,1,,,,,,,Y,2,0,3,2,A,-,05,21460,A,N,A,C,A,A,H,-,A,D,0,,,,,Y,,A,01,1,2,0,0,0,0,0,0,0,"- ","- ",34.635551452636719,-120.43415832519531,"SANTA BARBARA",UNINCORPORATED,-120.43416595458984,34.635547637939453
90790947,2018,2018-08-15,9760,2018-08-04,1715,020965,,6,2,9,4200,0,3,5,,2,001,"GIBRALTAR RD","EL CIELITO RD",12672.00,N,N,A,-,N,,,,,,,,,,N,2,0,1,2,A,-,05,21650,,N,A,G,A,A,H,-,A,D,0,,Y,,,Y,,L,04,1,0,0,0,0,0,1,0,0,"- ","- ",34.466579437255859,-119.67356109619141,"SANTA BARBARA",UNINCORPORATED,-119.67345428466797,34.466846466064453
90791506,2018,2018-08-15,9760,2018-08-08,1415,017314,,3,2,9,4200,0,1,2,,1,040,"US-101 SOUTHBOUND","EL CAPITAN STATE BEACH RD",2101.00,N,N,B,-,Y,,,101,,,,,,S,Y,2,0,4,3,A,-,01,23152,A,N,B,C,A,A,H,-,A,D,0,,,,,Y,Y,A,01,2,2,0,0,0,0,0,0,0,"- ","- ",34.463470458984375,-120.02857971191406,"SANTA BARBARA",UNINCORPORATED,-120.02857971191406,34.463462829589844
90800119,2018,2018-08-28,9755,2018-08-19,2010,019292,,7,2,9,4200,0,3,5,,2,050,"HARRIS GRADE RD","RUCKER RD",10560.00,N,N,A,-,N,,,,,,,,,,Y,2,0,4,2,A,-,05,21460,A,N,A,C,A,A,H,-,D,D,0,,,,,Y,Y,A,01,2,1,1,0,0,0,0,0,0,"- ","- ",34.331809997558594,-120.44068145751953,"SANTA BARBARA",UNINCORPORATED,-120.44049072265625,34.733497619628906
90803892,2018,2018-11-01,9755,2018-08-24,1935,021818,,5,2,9,4200,0,1,3,,1,053,"SR-246 E/B","WILLIAMS RANCH",2640.00,E,N,A,-,Y,,,246,,,,,,E,Y,1,1,2,1,A,-,01,23152,F,N,F,A,A,A,H,-,B,D,0,,,,,Y,,A,01,0,1,1,0,0,0,0,0,0,"- ","- ",34.622520446777344,-120.26186370849609,"SANTA BARBARA",UNINCORPORATED,-120.26184844970703,34.622531890869141
9080410,2020,2020-06-09,4202,2020-02-28,1607,291,,5,5,4,4202,0,0,0,,0,,"8TH ST","COLLEGE AV",301.00,S,N,A,-,N,,,,,,,,,,N,2,0,1,2,A,-,09,21804,A,N,D,G,A,A,H,-,A,D,0,,Y,,,Y,,L,04,1,0,0,0,0,0,1,0,0,"- ","- ",,,"SANTA BARBARA",LOMPOC,-120.43927001953125,34.6468505859375
90805328,2018,2018-09-04,9760,2018-08-26,0955,021431,,7,1,9,4200,0,3,5,,2,003,"WEST CAMINO CIELO",SR-154,73920.00,W,N,A,-,N,,,,,,,,,,N,2,0,1,1,A,-,08,22107,,N,F,A,A,A,H,-,A,D,0,,,Y,,Y,,C,02,1,0,0,0,0,0,0,0,1,"- ","- ",34.530418395996094,-119.99665832519531,"SANTA BARBARA",UNINCORPORATED,-119.99583435058594,34.530799865722656
90813565,2018,2018-09-14,9750,2018-09-08,1400,016874,,6,2,9,4200,0,3,5,,2,030,"FOXEN CANYON ROAD","ANDREW AVENUE",1140.00,E,N,A,-,N,,,,,,,,,,Y,2,0,1,1,A,-,08,22107,,N,F,A,A,A,H,-,A,D,0,,,Y,,Y,Y,C,02,1,0,0,0,0,0,0,0,1,"- ","- ",34.923019409179688,-120.33416748046875,"SANTA BARBARA",UNINCORPORATED,,
90815929,2018,2020-01-28,9750,2018-09-15,2020,019656,,6,2,9,4200,0,1,2,,2,001,"US-101 N/B","BETTERAVIA RD",4224.00,S,N,A,-,Y,,,101,,,,,,N,Y,2,0,4,1,A,-,01,23152,A,N,F,I,A,A,H,-,C,D,0,,,,,Y,Y,A,07,1,0,3,0,0,0,0,0,0,"- ","- ",34.911689758300781,-120.41787719726562,"SANTA BARBARA",UNINCORPORATED,-120.41794586181641,34.911689758300781
90821036,2018,2018-10-11,9760,2018-09-04,1604,020483,,2,2,9,4200,0,3,5,,2,001,"BUTTERFLY LANE","CHANNEL DR",50.00,N,N,A,-,N,,,,,,,,,,Y,2,0,1,2,A,-,03,22350,,F,G,B,E,A,H,-,A,A,0,Y,,,,Y,,A,01,1,0,0,0,1,0,0,0,0,"- ","- ",34.417800903320312,-119.64749908447266,"SANTA BARBARA",UNINCORPORATED,-119.64752197265625,34.417861938476562
9082166,2020,2020-07-13,4200,2020-03-12,2046,3683,14,4,5,4,4214,0,0,0,,0,050,"CALLE REAL","KINGSTON AV",678.00,W,N,B,-,N,,,,,,,,,,N,2,0,1,2,A,-,10,21950,A,N,G,B,C,B,H,-,C,A,0,Y,,,,Y,Y,D,22,1,0,0,0,1,0,0,0,0,"- ","- ",,,"SANTA BARBARA",GOLETA,-119.82393646240234,34.441230773925781
90827589,2018,2018-11-09,9755,2018-09-21,1923,019292,,5,2,9,4200,0,1,3,,1,051,"RT 1","MPM R5.50",244.00,N,N,A,-,Y,,,1,,,,,,,Y,1,1,1,2,A,-,01,23152,A,N,A,C,A,A,H,-,B,D,0,,,,,Y,Y,A,01,1,0,0,0,0,0,0,0,0,"- ","- ",34.517730712890625,-120.31658172607422,"SANTA BARBARA",UNINCORPORATED,-120.31656646728516,34.517673492431641
90828105,2018,2019-05-01,9755,2018-10-01,1711,020777,,1,2,9,4200,0,3,5,,2,040,"US-101 S/B","ARROYO QUEMADA LN",6494.00,S,N,A,-,Y,,,101,,,,,,S,Y,1,1,2,2,A,-,08,22107,,N,B,C,A,A,H,-,A,D,0,,,,,Y,,A,07,0,1,1,0,0,0,0,0,0,"- ","- ",34.461959838867188,-120.09413146972656,"SANTA BARBARA",UNINCORPORATED,-120.09413146972656,34.461959838867188
90832168,2018,2018-10-09,9755,2018-09-17,1530,021011,,1,2,9,4200,0,1,3,,1,051,"RT 1","JALAMA RD",27984.00,S,N,A,-,Y,,,1,,,,,,,Y,1,1,1,2,A,-,05,21460,A,N,A,C,A,A,H,-,A,D,0,,,,,Y,,A,07,1,0,0,0,0,0,0,0,0,"- ","- ",34.538219451904297,-120.35253143310547,"SANTA BARBARA",UNINCORPORATED,-120.35259246826172,34.538173675537109
90832421,2018,2018-10-10,9760,2018-09-29,1220,020908,,6,1,4,4214,0,1,2,,1,030,"US 101 N/B (EL CAMINO REAL)","GLEN ANNIE RD",800.00,S,N,A,-,Y,,,,,,,,,,Y,2,0,2,2,A,-,03,22350,,N,C,C,A,A,H,-,A,D,0,,,,,Y,,A,07,1,1,0,0,0,0,0,0,0,"- ","- ",34.436691284179688,-119.85900115966797,"SANTA BARBARA",GOLETA,-119.87337493896484,34.433830261230469