CASE_ID,ACCIDENT_YEAR,PROC_DATE,JURIS,COLLISION_DATE,COLLISION_TIME,OFFICER_ID,REPORTING_DISTRICT,DAY_OF_WEEK,CHP_SHIFT,POPULATION,CNTY_CITY_LOC,SPECIAL_COND,BEAT_TYPE,CHP_BEAT_TYPE,CITY_DIVISION_LAPD,CHP_BEAT_CLASS,BEAT_NUMBER,PRIMARY_RD,SECONDARY_RD,DISTANCE,DIRECTION,INTERSECTION,WEATHER_1,WEATHER_2,STATE_HWY_IND,CALTRANS_COUNTY,CALTRANS_DISTRICT,STATE_ROUTE,ROUTE_SUFFIX,POSTMILE_PREFIX,POSTMILE,LOCATION_TYPE,RAMP_INTERSECTION,SIDE_OF_HWY,TOW_AWAY,COLLISION_SEVERITY,NUMBER_KILLED,NUMBER_INJURED,PARTY_COUNT,PRIMARY_COLL_FACTOR,PCF_CODE_OF_VIOL,PCF_VIOL_CATEGORY,PCF_VIOLATION,PCF_VIOL_SUBSECTION,HIT_AND_RUN,TYPE_OF_COLLISION,MVIW,PED_ACTION,ROAD_SURFACE,ROAD_COND_1,ROAD_COND_2,LIGHTING,CONTROL_DEVICE,CHP_ROAD_TYPE,PEDESTRIAN_ACCIDENT,BICYCLE_ACCIDENT,MOTORCYCLE_ACCIDENT,TRUCK_ACCIDENT,NOT_PRIVATE_PROPERTY,ALCOHOL_INVOLVED,STWD_VEHTYPE_AT_FAULT,CHP_VEHTYPE_AT_FAULT,COUNT_SEVERE_INJ,COUNT_VISIBLE_INJ,COUNT_COMPLAINT_PAIN,COUNT_PED_KILLED,COUNT_PED_INJURED,COUNT_BICYCLIST_KILLED,COUNT_BICYCLIST_INJURED,COUNT_MC_KILLED,COUNT_MC_INJURED,PRIMARY_RAMP,SECONDARY_RAMP,LATITUDE,LONGITUDE,COUNTY,CITY,POINT_X,POINT_Y
90834542,2018,2018-10-12,9755,2018-10-09,0220,020202,,2,3,9,4200,0,3,5,,2,050,"PURISIMA RD","RIVALDI DR",400.00,W,N,A,-,N,,,,,,,,,,Y,2,0,1,1,A,-,01,23152,A,N,E,I,A,A,H,-,D,D,0,,,,,Y,Y,A,01,1,0,0,0,0,0,0,0,0,"- ","- ",34.666400909423828,-120.41499328613281,"SANTA BARBARA",UNINCORPORATED,-120.41487121582031,34.666477203369141
90836457,2018,2018-10-15,9760,2018-06-02,0135,020964,,6,3,5,4203,0,1,2,,2,011,"US-101 SOUTHBOUND","DEPOT RD",637.00,N,N,A,-,Y,,,101,,,,,,S,Y,1,1,1,1,A,-,08,22107,,N,E,I,A,A,H,-,C,D,0,,,,,Y,,A,01,1,0,0,0,0,0,0,0,0,"- ","- ",34.419601440429688,-119.64376831054688,"SANTA BARBARA","SANTA BARBARA",-119.64376831054688,34.419666290283203
90844876,2018,2018-10-25,9755,2018-10-22,2300,020202,,1,3,9,4200,0,3,5,,2,050,"PURISIMA RD","RUCKER RD",2640.00,E,N,A,-,N,,,,,,,,,,Y,2,0,1,1,A,-,08,22107,,N,E,I,A,A,H,-,D,D,0,,,,,Y,,A,07,1,0,0,0,0,0,0,0,0,"- ","- ",34.672080993652344,-120.43058776855469,"SANTA BARBARA",UNINCORPORATED,-120.43177032470703,34.672252655029297
90854707,2018,2018-11-07,9760,2018-10-30,1824,018431,,2,2,9,4200,0,3,5,,2,002,"N. PATTERSON AVE.","COLLEEN WAY",159.00,N,N,A,-,Y,,,,,,,,,,Y,2,0,1,1,A,-,08,22107,,N,E,I,A,A,H,-,B,D,0,,,,,Y,,A,07,1,0,0,0,0,0,0,0,0,"- ","- ",34.457939147949219,-119.81198883056641,"SANTA BARBARA",UNINCORPORATED,-119.81140899658203,34.458000183105469
90854773,2018,2018-11-07,9760,2018-10-29,1435,017314,,1,2,9,4200,0,3,5,,2,005,"CAMINO PESCADERO","ABREGO ROAD",0.00,,Y,A,-,N,,,,,,,,,,N,2,0,1,2,A,-,09,21802,A,N,D,G,A,A,H,-,A,D,0,,Y,,,Y,,L,04,1,0,0,0,0,0,1,0,0,"- ","- ",34.414161682128906,-119.85870361328125,"SANTA BARBARA",UNINCORPORATED,-119.85870361328125,34.414150238037109
90856054,2018,2018-11-08,9750,2018-11-04,2000,018009,,7,2,9,4200,0,3,5,,2,030,"PALMER RD","DOMINION RD",5280.00,S,N,A,-,N,,,,,,,,,,Y,2,0,1,1,A,-,08,22107,,N,E,I,A,A,H,-,D,D,0,,,,,Y,,D,22,1,0,0,0,0,0,0,0,0,"- ","- ",34.832511901855469,-120.3201904296875,"SANTA BARBARA",UNINCORPORATED,-120.32377624511719,34.829204559326172
90857201,2018,2018-11-09,9755,2018-05-01,0713,016999,,2,1,9,4200,0,1,2,,2,004,"US-101 S/B",SR-1,1778.00,N,N,A,-,Y,,,101,,,,,,S,Y,2,0,8,5,A,-,03,22350,,N,E,I,A,A,H,-,A,D,0,,,,Y,Y,,-,98,2,3,3,0,0,0,0,0,0,"- ","- ",34.519569396972656,-120.21492767333984,"SANTA BARBARA",UNINCORPORATED,-120.21493530273438,34.519577026367188
90864883,2018,2018-11-21,9755,2018-11-16,2005,021011,,5,2,9,4200,0,3,5,,2,050,"CEBADA CANYON RD.",HIGHWAY-246,4500.00,N,N,A,-,N,,,,,,,,,,Y,2,0,1,1,A,-,01,23152,G,N,E,I,A,A,H,-,D,A,0,,,,,Y,Y,A,07,1,0,0,0,0,0,0,0,0,"- ","- ",34.676101684570312,-120.40028381347656,"SANTA BARBARA",UNINCORPORATED,-120.40034484863281,34.676162719726562
90866688,2018,2018-11-26,9750,2018-11-16,1800,019070,,5,2,9,4200,0,1,3,,1,064,"STATE ROUTE 166","WASIOJA RD",13200.00,W,N,A,-,Y,,,166,,,,,,,Y,2,0,2,1,A,-,08,22107,,N,F,A,A,A,H,-,D,D,0,,,,,Y,,A,01,1,1,0,0,0,0,0,0,0,"- ","- ",35.000198364257812,-119.82048034667969,"SANTA BARBARA",UNINCORPORATED,-119.82048034667969,35.000217437744141
90874200,2018,2018-12-03,9755,2018-11-20,2145,017378,,2,2,9,4200,0,1,3,,1,051,"RT 1","RT 101",49104.00,N,N,A,-,Y,,,1,,,,,,,N,2,0,1,2,A,-,11,21954,A,N,G,B,E,A,H,-,D,D,0,Y,,,,Y,,N,60,1,0,0,0,1,0,0,0,0,"- ","- ",34.535209655761719,-120.349609375,"SANTA BARBARA",UNINCORPORATED,-120.34962463378906,34.535194396972656
90878688,2018,2018-12-26,9760,2018-11-28,0345,020965,,3,3,9,4200,0,1,2,,2,020,"US-101 N/B","TURNPIKE RD",3089.00,S,N,A,-,Y,,,101,,,,,,N,Y,2,0,1,1,A,-,08,22107,,N,E,I,A,A,H,-,D,D,0,,,,,Y,,A,01,1,0,0,0,0,0,0,0,0,"- ","- ",34.442169189453125,-119.77993011474609,"SANTA BARBARA",UNINCORPORATED,-119.77993011474609,34.442184448242188
90881974,2018,2018-12-13,9760,2018-12-03,0735,012263,,1,1,9,4200,0,1,2,,2,010,"US101 S/B","EVANS AVE.",1584.00,N,N,B,-,Y,,,,,,,,,,Y,2,0,1,1,C,-,18,,,N,E,I,A,A,H,-,A,D,0,,,,,Y,,-,"- ",1,0,0,0,0,0,0,0,0,"- ","- ",34.418979644775391,-119.63427734375,"SANTA BARBARA",UNINCORPORATED,-119.60159301757812,34.421161651611328
90887696,2018,2018-12-21,9760,2018-12-16,1555,020495,,7,2,9,4200,0,3,5,,2,001,"LAS CANOAS ROAD","MISSION CANYON ROAD",396.00,E,N,A,-,N,,,,,,,,,,N,2,0,1,2,A,-,03,22350,,N,B,G,A,A,H,-,A,D,0,,Y,,,Y,,L,04,1,0,0,0,0,0,1,0,0,"- ","- ",34.452720642089844,-119.70841979980469,"SANTA BARBARA",UNINCORPORATED,-119.70839691162109,34.452629089355469
90899926,2018,2019-01-08,9750,2018-12-04,0613,017709,,2,1,9,4200,0,3,5,,2,010,"BETTERAVIA ROAD","BROWN ROAD",0.00,,Y,A,-,N,,,,,,,,,,Y,1,1,0,2,A,-,09,21801,A,N,A,C,A,A,H,-,D,A,0,,,,,Y,,A,01,0,0,0,0,0,0,0,0,0,"- ","- ",34.934921264648438,-120.54621887207031,"SANTA BARBARA",UNINCORPORATED,-120.54643249511719,34.935199737548828
90900161,2019,2019-01-08,9750,2019-01-06,1510,017616,,7,2,9,4200,0,3,5,,2,020,"E RICE RANCH ROAD","PRINCETON DR",0.00,,Y,B,-,N,,,,,,,,,,Y,2,0,2,2,A,-,09,21801,A,N,D,C,A,A,H,-,A,D,0,,,,,Y,,D,22,1,0,1,0,0,0,0,0,0,"- ","- ",34.857608795166016,-120.42922210693359,"SANTA BARBARA",UNINCORPORATED,-120.42922973632812,34.857608795166016
90909504,2019,2019-01-23,9750,2019-01-17,1857,017616,,4,2,9,4200,0,3,5,,2,030,"FOXEN CANYON RD","PHILBRIC RD",5280.00,E,N,B,-,N,,,,,,,,,,N,2,0,1,2,A,-,11,21956,,N,G,B,E,B,H,-,D,D,0,Y,,,Y,Y,,N,60,1,0,0,0,1,0,0,0,0,"- ","- ",34.923229217529297,-120.35604858398438,"SANTA BARBARA",UNINCORPORATED,-120.35641479492188,34.923206329345703
90914442,2019,2019-01-29,9760,2019-01-21,1405,018786,,1,2,9,4200,0,1,2,,1,040,"US-101 SOUTHBOUND","TAJIGUAS LANDFILL RD.",509.00,S,N,A,G,Y,,,101,,,,,,S,N,2,0,1,1,D,-,00,,,N,F,A,A,A,H,-,A,D,0,,Y,,,Y,,-,"- ",1,0,0,0,0,0,1,0,0,"- ","- ",34.472568511962891,-120.12745666503906,"SANTA BARBARA",UNINCORPORATED,-120.12745666503906,34.472648620605469
90918742,2019,2019-02-04,9750,2019-01-01,0230,020765,,2,3,5,4204,0,1,2,,2,001,"US-101 SOUTHBOUND",BROADWAY,381.00,S,N,A,-,Y,,,101,,,,,,S,Y,1,1,1,2,A,-,01,23152,A,N,E,I,A,A,H,-,D,D,0,,,,,Y,Y,A,01,1,0,0,0,0,0,0,0,0,"- ","- ",34.980159759521484,-120.43109130859375,"SANTA BARBARA","SANTA MARIA",-120.43092346191406,34.980258941650391
90930472,2019,2019-02-20,9760,2019-02-11,1312,018786,,1,1,9,4200,0,3,5,,2,002,"FAIRVIEW AVE","VIA LEMORA",0.00,,Y,A,-,N,,,,,,,,,,N,2,0,1,2,A,-,09,21802,A,N,D,C,A,A,H,-,A,A,0,,,Y,,Y,,A,07,1,0,0,0,0,0,0,0,1,"- ","- ",34.458011627197266,-119.83056640625,"SANTA BARBARA",UNINCORPORATED,-119.83058929443359,34.458011627197266
90935534,2019,2019-02-27,9760,2019-02-25,1118,015669,,1,1,9,4200,0,1,2,,2,010,"US-101 S/B","EVANS AVE",1584.00,N,N,A,-,Y,,,101,,,,,,S,Y,2,0,1,2,A,-,08,22107,,N,C,E,A,A,H,-,A,D,0,,,,Y,Y,,A,07,1,0,0,0,0,0,0,0,0,"- ","- ",34.420570373535156,-119.60695648193359,"SANTA BARBARA",UNINCORPORATED,-119.60695648193359,34.420673370361328
90937759,2019,2019-03-01,9750,2019-02-25,1835,015916,,1,2,9,4200,0,2,4,,1,024,"ORCUTT ROAD","UNION VALLEY PARKWAY",0.00,,Y,A,-,N,,,,,,,,,,Y,2,0,1,2,A,-,01,23152,A,N,E,I,A,A,H,-,C,A,0,,,,,Y,Y,A,01,1,0,0,0,0,0,0,0,0,"- ","- ",34.879348754882812,-120.43491363525391,"SANTA BARBARA",UNINCORPORATED,-120.43505096435547,34.879520416259766
90938787,2019,2019-03-04,9750,2019-01-11,0652,014820,,5,1,9,4200,0,1,3,,1,064,SR-166,"BELL DRIVE",528.00,W,N,B,-,Y,,,166,,,,,,,Y,1,1,1,1,A,-,08,22107,,N,E,I,A,A,H,-,B,D,0,,,,,Y,,E,22,0,0,1,0,0,0,0,0,0,"- ","- ",34.961078643798828,-119.71566009521484,"SANTA BARBARA",UNINCORPORATED,-119.71564483642578,34.961112976074219
90938914,2019,2019-03-04,9755,2019-02-27,1035,015973,,3,1,9,4200,0,1,2,,2,004,"US-101 S/B",SR-1,6336.00,N,N,C,-,Y,,,101,,,,,,S,Y,2,0,1,1,A,-,03,22350,,N,E,I,A,B,H,-,A,D,0,,,,,Y,,A,01,1,0,0,0,0,0,0,0,0,"- ","- ",34.523670196533203,-120.20426177978516,"SANTA BARBARA",UNINCORPORATED,-120.20426177978516,34.523681640625
90944388,2019,2019-03-12,9750,2019-03-09,1900,017910,,6,2,9,4200,0,1,2,,2,001,"US-101 S/B","SANTA MARIA WAY",5280.00,N,N,B,-,Y,,,101,,,,,,S,Y,2,0,2,2,A,-,01,23152,A,N,H,C,A,A,H,-,D,D,0,,,,,Y,Y,D,22,1,1,0,0,0,0,0,0,0,"- ","- ",34.905780792236328,-120.41825103759766,"SANTA BARBARA",UNINCORPORATED,-120.41819000244141,34.905780792236328
90944862,2019,2019-03-12,9750,2019-01-18,0536,014820,,5,3,9,4200,0,1,2,,2,003,"US-101 S/B","ALISOS CANYON RD",7920.00,S,N,E,-,Y,,,101,,,,,,S,Y,2,0,24,1,A,-,01,23152,F,N,E,I,A,B,H,-,D,D,0,,,,,Y,,I,10,1,11,12,0,0,0,0,0,0,"- ","- ",34.722751617431641,-120.21167755126953,"SANTA BARBARA",UNINCORPORATED,-120.21163177490234,34.722858428955078
90949977,2019,2019-03-20,9755,2019-03-02,1040,016999,,6,1,9,4200,0,1,2,,2,004,"US-101 N/B",SR-1,4200.00,N,N,C,-,Y,,,101,,,,,,N,Y,2,0,1,1,A,-,03,22350,,N,E,I,A,B,H,-,A,D,0,,,,,Y,,D,22,1,0,0,0,0,0,0,0,0,"- ","- ",34.503791809082031,-120.22647857666016,"SANTA BARBARA",UNINCORPORATED,-120.22651672363281,34.503799438476562
90955067,2019,2019-03-27,9750,2019-03-19,0648,016170,,2,1,5,4204,0,1,2,,2,001,"US-101 S/B","BETTERAVIA RD",950.00,N,N,A,-,Y,,,101,,,,,,S,N,2,0,1,2,A,-,11,21956,,N,G,B,E,A,H,-,A,D,0,Y,,,,Y,,N,60,1,0,0,0,1,0,0,0,0,"- ","- ",34.926788330078125,-120.41800689697266,"SANTA BARBARA","SANTA MARIA",-120.41799163818359,34.926788330078125
90959188,2019,2019-04-02,9760,2019-03-23,1415,021061,,6,2,9,4200,0,1,3,,1,022,"N. SAN MARCOS RD.","TWINRIDGE RD.",1584.00,N,N,A,-,N,,,,,,,,,,Y,2,0,1,1,A,-,08,22107,,N,F,A,A,A,A,-,A,D,0,,,Y,,Y,,C,02,1,0,0,0,0,0,0,0,1,"- ","- ",34.470390319824219,-119.80091857910156,"SANTA BARBARA",UNINCORPORATED,-119.80059051513672,34.469593048095703
90963691,2019,2019-04-08,9755,2019-04-02,1310,019292,,2,1,9,4200,0,3,5,,2,050,"JALAMA RD",SR-1,31680.00,W,N,A,-,N,,,,,,,,,,Y,2,0,2,1,A,-,01,23152,A,N,F,A,A,A,H,-,A,D,0,,,Y,,Y,Y,C,02,1,1,0,0,0,0,0,0,2,"- ","- ",34.528289794921875,-120.39877319335938,"SANTA BARBARA",UNINCORPORATED,-120.40186309814453,34.526096343994141
90964852,2019,2019-04-10,9760,2019-03-30,1005,022228,,6,1,9,4200,0,3,5,,2,001,"GOBERNADOR CANYON RD","SR 192 (FOOTHILL ROAD)",7920.00,E,N,A,-,Y,,,,,,,,,,N,2,0,1,1,A,-,08,22107,,N,F,A,A,A,H,-,A,D,0,,Y,,,Y,,L,04,1,0,0,0,0,0,1,0,0,"- ","- ",34.401329040527344,-119.46537017822266,"SANTA BARBARA",UNINCORPORATED,,
90969392,2019,2019-04-17,9750,2019-04-12,2250,016874,,5,3,5,4204,0,1,2,,2,001,"US-101 S/B","DONOVAN ROAD",1584.00,N,N,A,-,Y,,,101,,,,,,S,Y,2,0,1,1,A,-,08,22107,,N,E,I,A,A,H,-,C,D,0,,,,,Y,,A,01,1,0,0,0,0,0,0,0,0,"- ","- ",34.971958160400391,-120.42584991455078,"SANTA BARBARA","SANTA MARIA",-120.42579650878906,34.971996307373047
90969434,2019,2019-04-24,9750,2019-04-10,0725,015514,,3,1,9,4200,0,3,5,,2,020,"FOXEN LANE","BELL ST",197.00,E,N,A,-,Y,,,,,,,,,,N,2,0,1,2,A,-,05,21202,A,N,D,G,A,A,H,-,A,D,0,,Y,,,Y,,L,04,1,0,0,0,0,0,1,0,0,"- ","- ",34.742389678955078,-120.2711181640625,"SANTA BARBARA",UNINCORPORATED,-120.27162933349609,34.741939544677734
90973059,2019,2019-04-23,9760,2019-04-12,1503,022181,,5,2,9,4200,0,3,5,,2,002,"TURNPIKE ROAD","CERVATO WAY",120.00,N,N,A,-,N,,,,,,,,,,N,2,0,1,2,A,-,11,21954,A,N,G,B,D,A,H,-,A,D,0,Y,,,,Y,,N,60,1,0,0,0,1,0,0,0,0,"- ","- ",34.448230743408203,-119.79173278808594,"SANTA BARBARA",UNINCORPORATED,-119.79168701171875,34.448169708251953
90973446,2019,2019-06-24,9760,2019-04-13,0858,020227,,6,1,4,4214,0,1,3,,2,027,"STATE ROUTE 217 WESTBOUND","HOLLISTER AVE",4446.00,W,N,A,-,Y,,,217,,,,,,W,Y,2,0,2,3,A,-,03,22350,,N,C,C,A,A,H,-,A,D,0,,,,,Y,,A,01,1,1,0,0,0,0,0,0,0,"- ","- ",34.425041198730469,-119.82633972167969,"SANTA BARBARA",GOLETA,-119.82633972167969,34.425041198730469
90977791,2019,2019-04-29,9755,2019-04-18,0940,015973,,4,1,9,4200,0,1,3,,1,055,"SR-1 S/B","FIREFIGHTER RD",4224.00,N,N,A,-,Y,,,1,,,,,,S,Y,2,0,1,2,A,-,03,22350,,N,C,C,A,A,H,-,A,D,0,,,Y,Y,Y,,C,02,1,0,0,0,0,0,0,0,1,"- ","- ",34.774810791015625,-120.50504302978516,"SANTA BARBARA",UNINCORPORATED,-120.50504302978516,34.774753570556641
90977827,2019,2019-09-30,9750,2019-04-25,0820,014820,,4,1,9,4200,0,1,2,,2,001,"US-101 NB FROM SANTA MARIA WAY","MORNINGSIDE DR",38.00,S,N,B,-,Y,,,101,,,,R,,N,Y,1,1,0,1,A,-,08,22107,,N,E,I,A,A,H,-,A,D,0,,,Y,,Y,,C,02,0,0,0,0,0,0,0,1,0,"- ","- ",34.888778686523438,-120.41561126708984,"SANTA BARBARA",UNINCORPORATED,-120.41561126708984,34.888778686523438
90978839,2018,2019-04-30,9760,2018-10-03,1100,019446,,3,1,9,4200,0,1,3,,1,022,"SR-154 (SAN MARCOS PASS ROAD)","MARIA YGNACIA LN",3960.00,W,N,C,-,Y,,,,,,,,,,Y,1,1,0,1,A,-,08,22107,,N,F,A,A,B,H,-,A,D,0,,,,,Y,,D,22,0,0,0,0,0,0,0,0,0,"- ","- ",34.283500671386719,-119.46089935302734,"SANTA BARBARA",UNINCORPORATED,,
90980149,2019,2019-05-01,9755,2019-04-29,0205,020202,,1,3,9,4200,0,1,3,,1,042,SR-154,"RANCHO ALEGRE",200.00,E,N,C,-,Y,,,154,,,,,,,Y,2,0,1,1,A,-,01,23152,A,N,E,I,A,B,H,-,D,D,0,,,,,Y,Y,D,22,1,0,0,0,0,0,0,0,0,"- ","- ",34.567741394042969,-119.950439453125,"SANTA BARBARA",UNINCORPORATED,-119.950439453125,34.567714691162109
9098097,2020,2020-07-17,4203,2020-03-18,0410,23135,,3,5,5,4203,0,0,0,,0,003,"ANAPAMU ST","ANACAPA ST",93.00,W,N,A,-,N,,,,,,,,,,Y,2,0,1,3,A,-,01,23152,A,N,C,E,A,A,H,-,C,D,0,,,,,Y,Y,A,01,1,0,0,0,0,0,0,0,0,"- ","- ",34.424339294433594,-119.70339202880859,"SANTA BARBARA","SANTA BARBARA",-119.70348358154297,34.424278259277344
9098127,2020,2020-07-20,4203,2020-03-09,2056,24070,32,1,5,5,4203,0,0,0,,0,004,"W ANAPAMU ST","CASTILLO ST",38.00,W,N,A,-,N,,,,,,,,,,,2,0,1,1,A,-,03,22350,,N,E,I,A,A,A,-,C,D,0,,Y,,,Y,,-,,1,0,0,0,0,0,1,0,0,"- ","- ",34.419040679931641,-119.70912170410156,"SANTA BARBARA","SANTA BARBARA",-119.70904541015625,34.419101715087891
90981683,2019,2019-05-03,9760,2019-04-25,2242,021294,,4,3,9,4200,0,3,5,,2,005,"CAMINO PESCADERO","DEL PLAYA DRIVE",15.00,N,N,A,-,N,,,,,,,,,,N,2,0,1,1,A,-,08,22107,,N,F,A,A,A,H,-,C,A,0,,,,,Y,,M,94,1,0,0,0,0,0,0,0,0,"- ","- ",34.40985107421875,-119.85875701904297,"SANTA BARBARA",UNINCORPORATED,-119.85871124267578,34.4097900390625
90987004,2019,2019-05-13,9750,2019-05-03,1702,019397,,5,2,9,4200,0,3,5,,2,030,"BETTERAVIA RD","TELEPHONE RD",900.00,W,N,A,-,N,,,,,,,,,,Y,2,0,1,1,C,-,18,,,N,E,J,A,A,H,-,A,D,0,,,,,Y,,-,"- ",1,0,0,0,0,0,0,0,0,"- ","- ",34.923568725585938,-120.38596343994141,"SANTA BARBARA",UNINCORPORATED,-120.38587188720703,34.923587799072266
90997573,2019,2019-05-28,9755,2019-05-24,1405,021125,,5,2,9,4200,0,1,3,,2,041,"SR-246 E/B",SR-154,0.00,,Y,A,-,Y,,,246,,,,,,E,Y,2,0,1,1,A,-,03,22350,,N,E,I,A,A,H,-,A,D,0,,,Y,,Y,,C,02,1,0,0,0,0,0,0,0,1,"- ","- ",34.609989166259766,-120.05461120605469,"SANTA BARBARA",UNINCORPORATED,-120.05513000488281,34.610439300537109
9100236,2020,2020-11-09,4203,2020-05-07,0108,24576,16,4,5,5,4203,0,0,0,,0,006,"CLIFF DR","LA VISTA DEL OCEANO",253.00,W,N,A,-,N,,,225,,,,,,,Y,2,0,2,3,A,-,01,23152,A,N,B,E,A,A,H,-,C,D,0,,,,,Y,Y,A,07,2,0,0,0,0,0,0,0,0,"- ","- ",34.400669097900391,-119.71589660644531,"SANTA BARBARA","SANTA BARBARA",-119.71591186523438,34.400733947753906
91006123,2019,2019-06-10,9750,2019-06-03,1655,015916,,1,2,9,4200,0,3,5,,2,020,"HARRIS GRADE ROAD",SR-135,6864.00,S,N,A,-,N,,,,,,,,,,Y,2,0,4,2,A,-,01,23152,A,N,A,C,A,A,H,-,A,D,0,,,,,Y,Y,D,22,2,1,1,0,0,0,0,0,0,"- ","- ",34.753219604492188,-120.43350982666016,"SANTA BARBARA",UNINCORPORATED,-120.43341827392578,34.753273010253906
91013637,2019,2019-06-19,9760,2019-06-11,2110,021531,,2,2,9,4200,0,3,5,,2,005,"CAMINO CORTO","SUENO ROAD",3.00,S,N,A,-,N,,,,,,,,,,N,2,0,1,1,A,-,08,22107,,N,F,A,A,A,H,-,C,D,0,,,,,Y,,M,94,1,0,0,0,0,0,0,0,0,"- ","- ",34.412620544433594,-119.86634826660156,"SANTA BARBARA",UNINCORPORATED,-119.86640930175781,34.412670135498047
91016838,2019,2019-06-25,9750,2019-06-15,1950,017616,,6,2,9,4200,0,1,2,,2,003,"US-101 N/B","ALISOS CANYON RD",2112.00,S,N,A,-,Y,,,101,,,,,,N,Y,2,0,1,1,A,-,03,22350,,N,F,A,A,A,H,-,B,D,0,,,Y,,Y,,C,02,1,0,0,0,0,0,0,0,1,"- ","- ",34.728610992431641,-120.22975158691406,"SANTA BARBARA",UNINCORPORATED,-120.22968292236328,34.728775024414062
91022876,2019,2019-07-02,9750,2019-06-23,0216,020510,,7,3,5,4204,0,1,2,,2,001,"US-101 SB FROM STOWELL RD","STOWELL RD O/C",860.00,S,N,A,-,Y,,,101,,,,R,,S,Y,2,0,2,2,A,-,01,23152,A,F,A,C,A,A,H,-,C,D,0,,,,Y,Y,Y,A,07,1,1,0,0,0,0,0,0,0,"- ","- ",34.935981750488281,-120.41864776611328,"SANTA BARBARA","SANTA MARIA",-120.41864776611328,34.935981750488281
91027508,2019,2019-07-09,9755,2019-07-03,1233,016988,,3,1,9,4200,0,3,5,,2,050,"PURISIMA RD","ENCANTO STREET",1584.00,E,N,A,-,N,,,,,,,,,,Y,2,0,1,2,A,-,03,22350,,N,C,C,A,A,H,-,A,D,0,,,Y,,Y,,C,02,1,0,0,0,0,0,0,0,1,"- ","- ",34.677089691162109,-120.44837188720703,"SANTA BARBARA",UNINCORPORATED,-120.44837188720703,34.677101135253906
91029429,2019,2019-07-12,9760,2019-07-03,2125,020528,,3,2,9,4200,0,1,2,,1,040,"US-101 NB","REFUGIO ROAD",2640.00,N,N,A,-,Y,,,101,,,,,,N,Y,2,0,1,1,A,-,08,22107,,N,F,A,A,A,H,-,D,D,0,,,,,Y,,A,01,1,0,0,0,0,0,0,0,0,"- ","- ",34.462188720703125,-120.07820129394531,"SANTA BARBARA",UNINCORPORATED,-120.07820892333984,34.462211608886719
91031184,2019,2019-07-15,9750,2019-07-15,0846,019070,,1,1,9,4200,0,1,2,,2,003,"US-101 SOUTHBOUND","PALMER RD",1056.00,S,N,A,-,Y,,,101,,,,,,S,Y,2,0,2,1,A,-,08,22107,,N,E,I,A,A,H,-,A,D,0,,,,,Y,,A,01,2,0,0,0,0,0,0,0,0,"- ","- ",34.789821624755859,-120.3297119140625,"SANTA BARBARA",UNINCORPORATED,-120.3297119140625,34.789817810058594
91033374,2019,2019-07-18,9750,2019-07-13,2150,016874,,6,2,9,4200,0,3,5,,2,060,"KIRSCHENMANN ROAD",SR-166,5808.00,S,N,A,-,N,,,,,,,,,,Y,2,0,2,2,A,-,01,23152,A,N,B,C,A,A,H,-,D,D,0,,,,,Y,Y,D,22,1,0,1,0,0,0,0,0,0,"- ","- ",34.916698455810547,-119.59539794921875,"SANTA BARBARA",UNINCORPORATED,-119.59539031982422,34.917156219482422
91038122,2019,2019-07-25,9755,2019-07-20,1300,013618,,6,1,9,4200,0,3,5,,2,050,"PURISIMA ROAD","RUCKER ROAD",0.00,,Y,A,-,N,,,,,,,,,,Y,2,0,3,3,A,-,12,22450,A,N,A,C,A,A,H,-,A,A,0,,,,,Y,,A,01,1,2,0,0,0,0,0,0,0,"- ","- ",34.675029754638672,-120.43985748291016,"SANTA BARBARA",UNINCORPORATED,-120.43984222412109,34.675041198730469
91042089,2019,2019-07-31,9760,2019-07-20,0225,020964,,6,3,9,4200,0,3,5,,2,002,"OAK GLEN DR","CAMINO DEL REMEDIO",590.00,N,N,A,-,N,,,,,,,,,,N,2,0,1,2,A,-,01,23152,A,N,G,B,E,A,H,-,C,D,0,Y,,,,Y,Y,D,22,1,0,0,0,1,0,0,0,0,"- ","- ",34.448230743408203,-119.78060150146484,"SANTA BARBARA",UNINCORPORATED,-119.78110504150391,34.446937561035156
91049835,2019,2019-08-12,9755,2019-06-15,0500,021818,,6,3,2,4212,0,1,2,,2,004,"US-101 S/B","DAMASSA ROAD",1584.00,N,N,A,-,Y,,,101,,,,,,S,Y,1,1,1,2,A,-,07,21658,A,N,B,C,A,A,H,-,C,D,0,,,,,Y,,A,01,0,1,0,0,0,0,0,0,0,"- ","- ",34.621700286865234,-120.18943023681641,"SANTA BARBARA",BUELLTON,-120.18942260742188,34.621700286865234