CASE_ID,ACCIDENT_YEAR,PROC_DATE,JURIS,COLLISION_DATE,COLLISION_TIME,OFFICER_ID,REPORTING_DISTRICT,DAY_OF_WEEK,CHP_SHIFT,POPULATION,CNTY_CITY_LOC,SPECIAL_COND,BEAT_TYPE,CHP_BEAT_TYPE,CITY_DIVISION_LAPD,CHP_BEAT_CLASS,BEAT_NUMBER,PRIMARY_RD,SECONDARY_RD,DISTANCE,DIRECTION,INTERSECTION,WEATHER_1,WEATHER_2,STATE_HWY_IND,CALTRANS_COUNTY,CALTRANS_DISTRICT,STATE_ROUTE,ROUTE_SUFFIX,POSTMILE_PREFIX,POSTMILE,LOCATION_TYPE,RAMP_INTERSECTION,SIDE_OF_HWY,TOW_AWAY,COLLISION_SEVERITY,NUMBER_KILLED,NUMBER_INJURED,PARTY_COUNT,PRIMARY_COLL_FACTOR,PCF_CODE_OF_VIOL,PCF_VIOL_CATEGORY,PCF_VIOLATION,PCF_VIOL_SUBSECTION,HIT_AND_RUN,TYPE_OF_COLLISION,MVIW,PED_ACTION,ROAD_SURFACE,ROAD_COND_1,ROAD_COND_2,LIGHTING,CONTROL_DEVICE,CHP_ROAD_TYPE,PEDESTRIAN_ACCIDENT,BICYCLE_ACCIDENT,MOTORCYCLE_ACCIDENT,TRUCK_ACCIDENT,NOT_PRIVATE_PROPERTY,ALCOHOL_INVOLVED,STWD_VEHTYPE_AT_FAULT,CHP_VEHTYPE_AT_FAULT,COUNT_SEVERE_INJ,COUNT_VISIBLE_INJ,COUNT_COMPLAINT_PAIN,COUNT_PED_KILLED,COUNT_PED_INJURED,COUNT_BICYCLIST_KILLED,COUNT_BICYCLIST_INJURED,COUNT_MC_KILLED,COUNT_MC_INJURED,PRIMARY_RAMP,SECONDARY_RAMP,LATITUDE,LONGITUDE,COUNTY,CITY,POINT_X,POINT_Y
9105624,2020,2021-02-24,4203,2020-05-22,1657,23767,,5,5,5,4203,0,0,0,,0,002,"CABRILLO BL","NINOS DR",1569.00,E,N,A,-,N,,,,,,,,,,N,2,0,1,1,A,-,03,22350,,N,E,I,A,A,H,-,A,A,0,,,Y,,Y,,C,02,1,0,0,0,0,0,0,0,1,"- ","- ",34.418498992919922,-119.66249847412109,"SANTA BARBARA","SANTA BARBARA",-119.66253662109375,34.418468475341797
91056460,2019,2019-08-21,9755,2019-08-18,0635,015973,,7,1,9,4200,0,1,2,,2,004,"US-101 N/B","GAVIOTA STATE BEACH RD",2112.00,N,N,B,-,Y,,,101,,,,,,N,Y,2,0,1,1,A,-,03,22350,,N,F,A,A,B,A,-,B,D,0,,,,,Y,,D,22,1,0,0,0,0,0,0,0,0,"- ","- ",34.481979370117188,-120.23030090332031,"SANTA BARBARA",UNINCORPORATED,-120.23027801513672,34.481986999511719
91056826,2019,2019-08-21,9760,2019-08-11,1520,020423,,7,2,3,4205,0,1,2,,2,010,"US-101 S/B","CARPINTERIA AVE",1478.00,N,N,A,-,Y,,,101,,,,,,S,N,2,0,1,2,A,-,03,22350,,N,C,C,A,A,H,-,A,D,0,,,Y,,Y,,C,02,1,0,0,0,0,0,0,0,1,"- ","- ",34.405738830566406,-119.53993225097656,"SANTA BARBARA",CARPINTERIA,-119.53993225097656,34.405727386474609
91058073,2019,2019-08-23,9755,2019-07-26,1109,013618,,5,1,9,4200,0,1,3,,1,055,"RT 1","CONSTELLATION ROAD",3409.00,S,N,A,-,Y,,,1,,,,,,,Y,1,1,1,3,A,-,06,21750,A,N,B,C,A,A,H,-,A,D,0,,,,,Y,,A,01,1,0,0,0,0,0,0,0,0,"- ","- ",34.6927490234375,-120.45832061767578,"SANTA BARBARA",UNINCORPORATED,-120.45847320556641,34.692703247070312
91072855,2019,2019-09-11,9760,2019-08-31,1205,019831,,6,1,9,4200,0,3,5,,2,001,"GIBRALTAR ROAD","E. CAMINO CIELO",926.00,S,N,A,-,N,,,,,,,,,,Y,2,0,4,1,A,-,03,22350,,N,F,A,A,A,H,-,A,D,0,,,,,Y,,A,01,3,0,1,0,0,0,0,0,0,"- ","- ",34.489761352539062,-119.68743896484375,"SANTA BARBARA",UNINCORPORATED,-119.69657897949219,34.495277404785156
91074116,2019,2019-09-13,9760,2019-09-10,0700,015669,,2,1,9,4200,0,3,5,,2,002,"MODOC RD","VIA ZORRO (EAST)",141.00,E,N,B,-,N,,,,,,,,,,N,2,0,1,2,A,-,03,22350,,N,C,G,A,A,H,-,A,C,0,,Y,,,Y,,L,04,1,0,0,0,0,0,1,0,0,"- ","- ",34.436939239501953,-119.75614929199219,"SANTA BARBARA",UNINCORPORATED,-119.7589111328125,34.437004089355469
91078650,2019,2019-09-19,9760,2019-07-05,0039,021294,,5,3,9,4200,0,3,5,,2,002,"MODOC ROAD","ENCORE DRIVE",93.00,W,N,A,-,N,,,,,,,,,,Y,1,1,0,2,A,-,17,21200,,N,H,G,A,A,H,-,C,A,0,,Y,,,Y,,L,04,0,0,0,0,0,1,0,0,0,"- ","- ",34.437580108642578,-119.7640380859375,"SANTA BARBARA",UNINCORPORATED,-119.76671600341797,34.438243865966797
91079189,2019,2019-09-20,9760,2019-09-13,1945,021061,,5,2,9,4200,0,1,2,,2,020,"US-101 NB","LA CUMBRE RD",160.00,N,N,A,-,Y,,,101,,,,,,N,Y,2,0,2,1,A,-,08,22107,,N,E,I,A,A,H,-,B,D,0,,,,,Y,,D,22,1,1,0,0,0,0,0,0,0,"- ","- ",34.437351226806641,-119.75180053710938,"SANTA BARBARA",UNINCORPORATED,-119.75193023681641,34.437198638916016
91079301,2019,2019-09-20,9750,2019-09-13,2002,017709,,5,2,9,4200,0,2,4,,1,024,"HILLVIEW RD","SANTA MARIA WAY",0.00,,Y,A,-,N,,,,,,,,,,N,2,0,1,1,A,-,03,22350,,N,E,I,A,A,H,-,D,A,0,,Y,,,Y,,L,04,1,0,0,0,0,0,1,0,0,"- ","- ",34.898029327392578,-120.42465972900391,"SANTA BARBARA",UNINCORPORATED,-120.42478942871094,34.898048400878906
91081363,2019,2019-09-24,9755,2019-09-14,1910,019292,,6,2,9,4200,0,1,3,,1,042,SR-154,"LAKEVIEW DR.",3696.00,E,N,A,-,Y,,,154,,,,,,,Y,2,0,6,3,A,-,01,23152,A,N,A,C,A,A,H,-,B,D,0,,,,,Y,Y,A,01,6,0,0,0,0,0,0,0,0,"- ","- ",34.567741394042969,-119.94956207275391,"SANTA BARBARA",UNINCORPORATED,-119.94956207275391,34.567745208740234
91081445,2019,2019-09-24,9755,2019-09-13,0835,016999,,5,1,9,4200,0,1,3,,1,042,SR-154,"CACHUMA LAKE ENTRANCE",2210.00,E,N,A,-,Y,,,154,,,,,,,Y,2,0,3,2,A,-,05,21460,A,N,A,C,A,A,H,-,A,D,0,,,,,Y,,D,22,2,1,0,0,0,0,0,0,0,"- ","- ",34.56951904296875,-119.95301055908203,"SANTA BARBARA",UNINCORPORATED,-119.9530029296875,34.569522857666016
91081523,2019,2019-09-24,9750,2019-09-22,1640,017379,,7,2,9,4200,0,2,4,,1,024,"BRADLEY ROAD N/B","CAMBRIA AVE.",75.00,N,N,A,-,N,,,,,,,,,,Y,2,0,1,1,A,-,01,23152,A,N,E,I,A,A,H,-,A,D,0,,,Y,,Y,Y,C,02,1,0,0,0,0,0,0,0,1,"- ","- ",34.891010284423828,-120.42240905761719,"SANTA BARBARA",UNINCORPORATED,-120.42239379882812,34.890918731689453
91088343,2019,2019-10-01,9755,2019-09-22,0044,021125,,7,3,9,4200,0,3,5,,2,040,"CALZADA AVENUE","MANZANA STREET",130.00,S,N,A,-,N,,,,,,,,,,Y,2,0,1,1,A,-,01,23152,A,N,E,I,A,A,H,-,C,D,0,,,,,Y,Y,D,22,1,0,0,0,0,0,0,0,0,"- ","- ",34.613559722900391,-120.08927154541016,"SANTA BARBARA",UNINCORPORATED,-120.08934020996094,34.613628387451172
91088921,2019,2019-10-02,9755,2019-09-28,2245,021013,,6,3,9,4200,0,1,3,,1,042,"SR-154 W/B","ROBLAR AVE",0.00,,Y,A,-,Y,,,154,,,,,,W,Y,2,0,3,2,A,-,01,23152,A,N,D,C,A,A,H,-,C,A,0,,,,,Y,Y,D,22,1,2,0,0,0,0,0,0,0,"- ","- ",34.650569915771484,-120.09530639648438,"SANTA BARBARA",UNINCORPORATED,-120.09532165527344,34.650562286376953
91089312,2019,2019-10-02,9760,2019-09-20,1110,16739,,5,1,9,4200,0,1,2,,1,040,"US-101 S/B (EL CAMINO REAL)","EL CAPITAN STATE BEACH RD",1056.00,N,N,A,G,Y,,,101,,,,,,S,N,2,0,1,2,A,-,08,22107,,N,H,G,A,A,H,-,A,D,0,,Y,,Y,Y,,-,"- ",1,0,0,0,0,0,1,0,0,"- ","- ",34.463661193847656,-120.03182220458984,"SANTA BARBARA",UNINCORPORATED,-120.03181457519531,34.463718414306641
91089337,2019,2019-10-02,9750,2019-09-28,0752,017709,,6,1,9,4200,0,1,3,,1,022,"SR-1 S/B","GRACIOSA ROAD",118.00,N,N,B,-,Y,,,1,,,,,,S,Y,2,0,1,1,A,-,08,22107,,N,F,A,A,A,H,-,A,D,0,,,,,Y,,A,01,1,0,0,0,0,0,0,0,0,"- ","- ",34.810848236083984,-120.44854736328125,"SANTA BARBARA",UNINCORPORATED,-120.44815063476562,34.811027526855469
91091923,2019,2019-10-07,9750,2019-09-30,1827,015916,,1,2,9,4200,0,3,5,,2,020,"LOMPOC CASMALIA ROAD","SAN ANTONIO ROAD WEST",1320.00,N,N,A,-,N,,,,,,,,,,Y,2,0,1,1,C,-,18,,,N,H,H,A,A,H,-,D,D,0,,,Y,,Y,,-,"- ",1,0,0,0,0,0,0,0,1,"- ","- ",34.789821624755859,-120.53997039794922,"SANTA BARBARA",UNINCORPORATED,-120.54055023193359,34.786762237548828
91093711,2019,2019-10-09,9750,2019-09-29,0027,020765,,7,3,9,4200,0,1,3,,1,011,SR-166,"SIMAS RD",3100.00,E,N,A,-,Y,,,166,,,,,,,Y,2,0,1,1,A,-,01,23152,G,N,E,I,A,A,H,-,D,D,0,,,,,Y,Y,A,01,1,0,0,0,0,0,0,0,0,"- ","- ",34.957950592041016,-120.54731750488281,"SANTA BARBARA",UNINCORPORATED,-120.54732513427734,34.958015441894531
91094049,2019,2019-10-09,9760,2019-09-28,1200,16739,,6,1,9,4200,0,1,2,,1,040,"US-101 S/B (EL CAMINO REAL)","ARROYO QUEMADO BRIDGE",35.00,N,N,A,-,Y,,,101,,,,,,S,Y,2,0,1,1,A,-,03,22350,,N,F,A,A,A,H,-,A,D,0,,,Y,,Y,,C,02,1,0,0,0,0,0,0,0,1,"- ","- ",34.472049713134766,-120.12004089355469,"SANTA BARBARA",UNINCORPORATED,-120.12004089355469,34.472057342529297
91094206,2019,2019-10-09,9750,2019-10-06,1115,015973,,7,1,9,4200,0,2,4,,1,024,"CLARK AVE.","N. BROADWAY ST.",205.00,E,N,A,-,N,,,,,,,,,,N,2,0,1,2,A,-,21,22106,,N,E,I,F,A,H,-,A,D,0,Y,,,,Y,,D,22,1,0,0,0,1,0,0,0,0,"- ","- ",34.865161895751953,-120.44648742675781,"SANTA BARBARA",UNINCORPORATED,-120.44655609130859,34.865131378173828
91095121,2019,2019-10-10,9755,2019-10-02,2340,020202,,3,3,9,4200,0,1,2,,2,004,"NB US-101","JONATA PARK RD",3168.00,N,N,A,-,Y,,,,,,,,,,Y,2,0,4,1,A,-,08,22107,,N,F,A,A,A,H,-,D,D,0,,,,,Y,,A,08,1,2,1,0,0,0,0,0,0,"- ","- ",34.394199371337891,-120.10395812988281,"SANTA BARBARA",UNINCORPORATED,-120.17851257324219,34.660720825195312
91102249,2019,2019-10-21,9760,2019-10-17,1910,021503,,4,2,3,4205,0,1,2,,2,011,"US-101 S/B TO CASTILLO ST.","CASTILLO ST",388.00,N,N,B,-,Y,,,,,,,,,,N,2,0,1,2,A,-,11,21954,A,N,G,B,E,A,H,-,C,D,0,Y,,,,Y,,N,60,1,0,0,0,1,0,0,0,0,"- ","- ",34.411899566650391,-119.70040130615234,"SANTA BARBARA",CARPINTERIA,-119.69779205322266,34.412288665771484
91103820,2019,2020-01-13,9760,2019-10-18,1752,020483,,5,2,5,4203,0,1,2,,2,011,"US-101 S/B","MILPAS ST.",3000.00,S,N,A,-,Y,,,101,,,,,,S,Y,2,0,3,5,A,-,03,22350,,N,C,C,A,A,H,-,A,D,0,,,,,Y,,A,01,1,1,1,0,0,0,0,0,0,"- ","- ",34.420749664306641,-119.66786193847656,"SANTA BARBARA","SANTA BARBARA",-119.6678466796875,34.420711517333984
91106837,2019,2019-10-25,9760,2019-10-21,1345,020757,,1,1,9,4200,0,1,3,,1,028,"SR-192 E/B","SR-154 W/B TO SR-192",0.00,,Y,A,-,Y,,,192,,,,,,E,Y,2,0,2,2,A,-,09,21802,A,N,D,C,A,A,H,-,A,D,0,,,,,Y,,A,07,2,0,0,0,0,0,0,0,0,"- ","- ",34.451400756835938,-119.76168060302734,"SANTA BARBARA",UNINCORPORATED,-119.76167297363281,34.451374053955078
9110831,2020,2020-11-04,4200,2020-05-21,1226,4608,14,4,5,4,4214,0,0,0,,0,050,"CALLE REAL","KINGSTON AV",785.00,W,N,-,-,N,,,,,,,,,,N,2,0,1,2,A,-,08,22107,,N,B,G,A,A,H,-,A,D,0,,Y,,,Y,,L,04,1,0,0,0,0,0,1,0,0,"- ","- ",,,"SANTA BARBARA",GOLETA,-119.82428741455078,34.441253662109375
91112643,2019,2019-11-04,9760,2019-10-25,1840,022228,,5,2,4,4214,0,3,5,,2,005,"EL EMBARCADERO RD","SABADO TARDE RD",0.00,,Y,A,-,N,,,,,,,,,,N,2,0,1,2,A,-,09,21802,A,N,D,G,A,A,H,-,C,D,0,,Y,,,Y,,L,04,1,0,0,0,0,0,1,0,0,"- ","- ",34.410308837890625,-119.85623931884766,"SANTA BARBARA",GOLETA,-119.85623168945312,34.410430908203125
91118012,2019,2019-11-12,9755,2019-11-02,1300,016999,,6,1,9,4200,0,1,3,,1,042,"SR-154 E/B",SR-246,0.00,,Y,A,-,Y,,,154,,,,,,E,Y,2,0,1,1,A,-,03,22350,,N,F,A,A,A,H,-,A,D,0,,,Y,,Y,,C,02,1,0,0,0,0,0,0,0,1,"- ","- ",34.610080718994141,-120.05491638183594,"SANTA BARBARA",UNINCORPORATED,-120.05482482910156,34.610187530517578
91131861,2019,2019-11-29,9750,2019-11-09,0713,017709,,6,1,9,4200,0,1,3,,1,064,"SR-166 W/B","COTTONWOOD DR",500.00,E,N,A,-,Y,,,166,,,,,,W,N,2,0,2,5,A,-,03,22350,,N,B,C,A,A,H,-,A,D,0,,,Y,,Y,,D,22,2,0,0,0,0,0,0,0,2,"- ","- ",35.033859252929688,-119.87557983398438,"SANTA BARBARA",UNINCORPORATED,-119.87557220458984,35.033878326416016
91131873,2019,2019-11-29,9750,2019-11-10,1020,015514,,7,1,9,4200,0,1,2,,2,001,"US-101 S/B TO BROADWAY","BROADWAY O/C",250.00,N,N,A,-,Y,,,,,,,,,,Y,2,0,1,1,A,-,08,22107,,N,F,A,A,A,H,-,A,A,0,,,,,Y,,A,07,1,0,0,0,0,0,0,0,0,"- ","- ",34.9810791015625,-120.4326171875,"SANTA BARBARA",UNINCORPORATED,,
91132780,2019,2019-12-02,9750,2019-11-24,1230,016170,,7,1,9,4200,0,3,5,,2,020,"RAYMOND AVE","HADLEY WAY",10.00,W,N,A,-,N,,,,,,,,,,N,2,0,1,1,A,-,03,22350,,N,F,A,A,A,H,-,A,D,0,,,Y,,Y,,C,06,1,0,0,0,0,0,0,0,1,"- ","- ",34.897590637207031,-120.43147277832031,"SANTA BARBARA",UNINCORPORATED,-120.43131256103516,34.897602081298828
91136080,2019,2019-12-04,9755,2019-11-24,1231,016999,,7,1,9,4200,0,3,5,,2,040,"ROBLAR AVE","BASELINE AVE",891.00,S,N,A,-,N,,,,,,,,,,N,2,0,1,2,A,-,09,21804,A,N,D,C,A,A,H,-,A,D,0,,,Y,,Y,,C,02,1,0,0,0,0,0,0,0,1,"- ","- ",34.638141632080078,-120.09793853759766,"SANTA BARBARA",UNINCORPORATED,-120.09795200000001,34.633187999999997
91138587,2019,2019-12-10,9760,2019-11-27,2329,021531,,3,3,9,4200,0,1,2,,1,030,"US-101 N/B","DOS PUEBLOS CANYON RD",4800.00,S,N,C,F,Y,,,101,,,,,,N,Y,2,0,5,4,A,-,03,22350,,N,A,C,A,B,F,-,D,D,0,,,,,Y,,D,22,2,1,2,0,0,0,0,0,0,"- ","- ",34.441471099853516,-119.94571685791016,"SANTA BARBARA",UNINCORPORATED,-119.94572448730469,34.441463470458984
91145335,2019,2019-12-17,9750,2019-12-10,0545,016542,,2,3,9,4200,0,1,3,,1,023,"SR-1 N/B",SR-135,2112.00,N,N,A,-,Y,,,1,,,,,,N,Y,2,0,1,2,A,-,03,22350,,N,C,C,A,A,H,-,D,D,0,,,,,Y,,D,22,1,0,0,0,0,0,0,0,0,"- ","- ",34.796218872070312,-120.44835662841797,"SANTA BARBARA",UNINCORPORATED,-120.44828796386719,34.796123504638672
91149235,2019,2019-12-20,9760,2019-12-12,1726,020757,,4,2,9,4200,0,1,2,,2,020,"US-101 S/B","OLD MILL RD",100.00,N,N,A,-,Y,,,101,,,,,,S,N,2,0,1,2,A,-,07,21658,A,F,B,C,A,A,H,-,D,D,0,,,Y,,Y,,D,22,1,0,0,0,0,0,0,0,1,"- ","- ",34.441001892089844,-119.76535797119141,"SANTA BARBARA",UNINCORPORATED,-119.76535797119141,34.440933227539062
91150241,2019,2019-12-23,9750,2019-12-15,0950,015973,,7,1,5,4204,0,1,2,,2,001,"US-101 S/B","BETTERAVIA RD",1584.00,S,N,A,-,Y,,,101,,,,,,S,Y,2,0,2,1,A,-,01,23152,A,N,F,A,A,A,H,-,A,D,0,,,,,Y,Y,D,22,1,0,1,0,0,0,0,0,0,"- ","- ",34.918621063232422,-120.41818237304688,"SANTA BARBARA","SANTA MARIA",-120.41805267333984,34.918617248535156
91157541,2019,2020-01-02,9750,2019-12-26,0930,015716,,4,1,9,4200,0,1,3,,1,065,SR-166,"KIRSCHENMANN RD",7920.00,E,N,B,C,Y,,,,,,,,,,Y,2,0,1,2,A,-,08,22107,,N,D,C,A,B,H,-,A,D,0,,,,Y,Y,,A,01,1,0,0,0,0,0,0,0,0,"- ","- ",34.934391021728516,-119.57718658447266,"SANTA BARBARA",UNINCORPORATED,-119.57023620605469,34.934337615966797
91164055,2020,2020-01-13,9755,2020-01-05,0001,021125,,7,3,9,4200,0,1,3,,1,042,"SR-154 E/B","LAKEVIEW DRIVE",10032.00,E,N,A,-,Y,,,154,,,,,,E,Y,2,0,3,2,A,-,05,21460,A,N,A,C,A,A,H,-,D,D,0,,,,,Y,,A,01,1,0,2,0,0,0,0,0,0,"- ","- ",34.562038421630859,-119.92793273925781,"SANTA BARBARA",UNINCORPORATED,-119.92793273925781,34.562030792236328
91164919,2019,2020-01-14,9755,2019-12-20,1907,017374,,5,2,9,4200,0,1,3,,1,042,"STATE ROUTE 154","2680 SR-154 (RANCHO ALEGRE)",8.00,W,N,A,-,Y,,,154,,,,,,,Y,1,1,0,1,A,-,03,22350,,N,E,I,A,A,H,-,D,A,0,,,,,Y,,A,01,0,0,0,0,0,0,0,0,0,"- ","- ",34.567790985107422,-119.95166778564453,"SANTA BARBARA",UNINCORPORATED,-119.95164489746094,34.567844390869141
91165181,2020,2020-01-14,9760,2020-01-05,0130,021531,,7,3,4,4214,0,1,2,,2,020,"US-101 N/B TO PATTERSON AVE.","PATTERSON AVE",110.00,S,N,A,-,Y,,,101,,,,R,,N,Y,2,0,1,1,A,-,01,23152,A,N,E,J,A,A,H,-,C,D,0,,,,,Y,Y,A,01,1,0,0,0,0,0,0,0,0,"- ","- ",34.442508697509766,-119.80825805664062,"SANTA BARBARA",GOLETA,-119.80825805664062,34.442508697509766
91178720,2020,2020-02-03,9760,2020-01-29,0740,16739,,3,1,9,4200,0,1,2,,2,020,"US-101 S/B (EL CAMNO REAL)","SR-154 (SAN MARCOS PASS RD.)",4752.00,N,N,A,-,Y,,,101,,,,,,S,Y,2,0,1,2,A,-,03,22350,,N,C,C,A,A,H,-,A,D,0,,,Y,,Y,,C,02,1,0,0,0,0,0,0,0,1,"- ","- ",34.441699981689453,-119.77420806884766,"SANTA BARBARA",UNINCORPORATED,-119.77421569824219,34.441658020019531
91181003,2019,2020-02-11,9760,2019-11-13,0740,019464,,3,1,9,4200,0,1,2,,1,040,"US-101 SOUTHBOUND","TAJIGUAS LANDFILL RD",1584.00,S,N,B,-,Y,,,101,,,,,,S,Y,1,1,0,1,A,-,01,23152,F,N,E,I,A,A,H,-,A,D,0,,,,,Y,,A,07,0,0,0,0,0,0,0,0,0,"- ","- ",34.472270965576172,-120.12230682373047,"SANTA BARBARA",UNINCORPORATED,-120.122314453125,34.472259521484375
91182731,2020,2020-02-07,9760,2020-02-04,1200,015669,,2,1,9,4200,0,3,5,,2,002,"PATTERSON AVE","MORE RANCH RD",528.00,N,N,A,-,N,,,,,,,,,,N,2,0,1,2,A,-,12,22450,A,N,D,G,A,A,H,-,A,C,0,,,,,Y,,M,91,1,0,0,0,0,0,0,0,0,"- ","- ",34.425361633300781,-119.81096649169922,"SANTA BARBARA",UNINCORPORATED,-119.81088256835938,34.425254821777344
91183821,2020,2020-02-10,9760,2020-02-02,2000,021531,,7,2,9,4200,0,3,5,,2,005,"CAMINO PESCADERO","TRIGO ROAD",33.00,N,N,A,-,N,,,,,,,,,,N,2,0,1,2,A,-,17,21200,,N,C,E,A,A,H,-,C,D,0,,Y,,,Y,Y,L,04,1,0,0,0,0,0,1,0,0,"- ","- ",34.411281585693359,-119.85865783691406,"SANTA BARBARA",UNINCORPORATED,-119.85870361328125,34.411220550537109
91185373,2020,2020-02-12,9760,2020-02-07,1745,020423,,5,2,9,4200,0,3,5,,2,002,"ARROYO BURRO BEACH PARKING LOT","CLIFF DR",240.00,S,N,A,-,N,,,,,,,,,,N,2,0,1,2,A,-,21,22106,,N,G,B,D,A,H,-,B,D,0,Y,,,,Y,,A,07,1,0,0,0,1,0,0,0,0,"- ","- ",34.403820037841797,-119.74346160888672,"SANTA BARBARA",UNINCORPORATED,,
91190004,2020,2020-02-20,9755,2020-02-16,1250,016999,,7,1,9,4200,0,3,5,,2,040,"ALAMO PINTADO AVE","GRAND AVE",35.00,W,N,A,-,N,,,,,,,,,,N,2,0,1,1,A,-,21,22106,,N,H,A,A,A,H,-,A,D,0,,,,,Y,,A,01,1,0,0,0,0,0,0,0,0,"- ","- ",34.665489196777344,-120.11515808105469,"SANTA BARBARA",UNINCORPORATED,-120.11512756347656,34.665523529052734
91204203,2020,2020-03-09,9760,2020-02-27,0442,020964,,4,3,5,4203,0,1,2,,2,011,"US-101 S/B","MILPAS ST",471.00,N,N,A,-,Y,,,101,,,,,,S,Y,2,0,2,1,A,-,08,22107,,N,E,I,A,A,H,-,D,D,0,,,,Y,Y,,F,26,1,1,0,0,0,0,0,0,0,"- ","- ",34.420120239257812,-119.67858123779297,"SANTA BARBARA","SANTA BARBARA",-119.67859649658203,34.420211791992188
91204357,2019,2020-03-09,9760,2019-09-14,0525,021531,,6,3,3,4205,0,1,2,,2,010,"US-101 SB (EL CAMINO REAL)","LINDEN AVENUE",8.00,S,N,A,-,Y,,,101,,,,,,S,Y,1,1,0,1,A,-,01,23152,G,N,E,I,A,A,D,-,D,D,0,,,,,Y,Y,D,22,0,0,0,0,0,0,0,0,0,"- ","- ",34.401100158691406,-119.51657104492188,"SANTA BARBARA",CARPINTERIA,-119.51657867431641,34.401084899902344
91206576,2020,2020-03-17,9750,2020-03-08,0748,016469,,7,1,9,4200,0,1,3,,1,063,SR-166,"CUYAMA RIVER BRIDGE 51-41",271.00,W,N,B,-,Y,,,166,,,,,,,Y,2,0,1,1,A,-,08,22107,,N,F,A,A,B,H,-,A,D,0,,,,,Y,,A,01,1,0,0,0,0,0,0,0,0,"- ","- ",35.110328674316406,-120.08473205566406,"SANTA BARBARA",UNINCORPORATED,-120.08470916748047,35.110397338867188
91208676,2020,2020-03-16,9760,2020-03-05,1855,020227,,4,2,9,4200,0,1,3,,2,027,"STATE ROUTE 217 WESTBOUND","SANDSPIT ROAD",400.00,E,N,A,-,Y,,,217,,,,,,W,N,2,0,1,2,A,-,00,21960,A,F,G,B,E,A,H,-,D,D,0,Y,,,,Y,Y,N,60,1,0,0,0,1,0,0,0,0,"- ","- ",34.418968200683594,-119.83229064941406,"SANTA BARBARA",UNINCORPORATED,-119.83229064941406,34.418972015380859
91211199,2020,2020-03-18,9760,2020-03-14,2326,020965,,6,3,9,4200,0,3,5,,2,005,"EMBARCADERO DEL NORTE","CERVANTES RD",108.00,S,N,B,-,N,,,,,,,,,,N,2,0,1,2,A,-,00,21221,,N,B,E,A,B,H,-,C,D,0,,,,,Y,Y,M,94,1,0,0,0,0,0,0,0,0,"- ","- ",34.416061401367188,-119.85533142089844,"SANTA BARBARA",UNINCORPORATED,-119.85537719726562,34.416114807128906
91211212,2020,2020-03-18,9750,2020-03-15,1851,017709,,7,2,9,4200,0,3,5,,2,020,"COUNTRY HILL RD","MEADOW DR",67.00,W,N,B,C,N,,,,,,,,,,N,2,0,1,2,A,-,08,22107,,N,B,E,A,B,H,-,B,D,0,,,Y,,Y,Y,C,06,1,0,0,0,0,0,0,0,1,"- ","- ",34.879001617431641,-120.41449737548828,"SANTA BARBARA",UNINCORPORATED,-120.41435241699219,34.878883361816406
91212999,2019,2020-03-20,9760,2019-12-13,0116,021621,,5,3,5,4203,0,1,2,,2,011,"US-101 S/B","GARDEN ST",1282.00,N,N,A,-,Y,,,101,,,,,,S,Y,1,1,0,2,A,-,11,21954,A,N,G,B,D,A,H,-,C,D,0,Y,,,Y,Y,Y,N,60,0,0,0,1,0,0,0,0,0,"- ","- ",34.415599822998047,-119.69239807128906,"SANTA BARBARA","SANTA BARBARA",-119.69242858886719,34.415634155273438
91216274,2019,2020-03-26,9760,2019-12-20,1812,020757,,5,2,9,4200,0,1,2,,2,020,"US-101 S/B","HOPE AVE",281.00,S,N,A,-,Y,,,101,,,,,,S,N,1,1,0,3,A,-,11,21954,A,N,G,B,D,A,H,-,D,A,0,Y,,,,Y,,N,60,0,0,0,1,0,0,0,0,0,"- ","- ",34.433021545410156,-119.74739074707031,"SANTA BARBARA",UNINCORPORATED,-119.74740600585938,34.432994842529297
91228209,2020,2020-04-21,9755,2020-02-14,1818,017374,,5,2,9,4200,0,1,3,,1,051,"RT 1","SANTA ROSA RD",2640.00,S,N,A,-,Y,,,1,,,,,,,Y,1,2,1,2,A,-,08,22107,,N,A,C,A,A,H,-,D,A,0,,,,,Y,,A,01,1,0,0,0,0,0,0,0,0,"- ","- ",34.614139556884766,-120.42729187011719,"SANTA BARBARA",UNINCORPORATED,-120.42730712890625,34.614131927490234
91230193,2020,2020-04-27,9750,2020-04-18,1712,017496,,6,2,5,4204,0,1,2,,2,001,"US-101 SB TO DONOVAN","DONOVAN RD",350.00,N,N,A,-,Y,,,101,,,,R,,S,Y,2,0,2,1,A,-,01,23152,A,N,F,A,A,A,H,-,A,D,0,,,,,Y,Y,D,22,1,1,0,0,0,0,0,0,0,"- ","- ",34.969211578369141,-120.42469024658203,"SANTA BARBARA","SANTA MARIA",-120.42469024658203,34.969211578369141