CASE_ID,ACCIDENT_YEAR,PROC_DATE,JURIS,COLLISION_DATE,COLLISION_TIME,OFFICER_ID,REPORTING_DISTRICT,DAY_OF_WEEK,CHP_SHIFT,POPULATION,CNTY_CITY_LOC,SPECIAL_COND,BEAT_TYPE,CHP_BEAT_TYPE,CITY_DIVISION_LAPD,CHP_BEAT_CLASS,BEAT_NUMBER,PRIMARY_RD,SECONDARY_RD,DISTANCE,DIRECTION,INTERSECTION,WEATHER_1,WEATHER_2,STATE_HWY_IND,CALTRANS_COUNTY,CALTRANS_DISTRICT,STATE_ROUTE,ROUTE_SUFFIX,POSTMILE_PREFIX,POSTMILE,LOCATION_TYPE,RAMP_INTERSECTION,SIDE_OF_HWY,TOW_AWAY,COLLISION_SEVERITY,NUMBER_KILLED,NUMBER_INJURED,PARTY_COUNT,PRIMARY_COLL_FACTOR,PCF_CODE_OF_VIOL,PCF_VIOL_CATEGORY,PCF_VIOLATION,PCF_VIOL_SUBSECTION,HIT_AND_RUN,TYPE_OF_COLLISION,MVIW,PED_ACTION,ROAD_SURFACE,ROAD_COND_1,ROAD_COND_2,LIGHTING,CONTROL_DEVICE,CHP_ROAD_TYPE,PEDESTRIAN_ACCIDENT,BICYCLE_ACCIDENT,MOTORCYCLE_ACCIDENT,TRUCK_ACCIDENT,NOT_PRIVATE_PROPERTY,ALCOHOL_INVOLVED,STWD_VEHTYPE_AT_FAULT,CHP_VEHTYPE_AT_FAULT,COUNT_SEVERE_INJ,COUNT_VISIBLE_INJ,COUNT_COMPLAINT_PAIN,COUNT_PED_KILLED,COUNT_PED_INJURED,COUNT_BICYCLIST_KILLED,COUNT_BICYCLIST_INJURED,COUNT_MC_KILLED,COUNT_MC_INJURED,PRIMARY_RAMP,SECONDARY_RAMP,LATITUDE,LONGITUDE,COUNTY,CITY,POINT_X,POINT_Y
91232643,2020,2020-05-01,9760,2020-03-14,1240,16739,,6,1,9,4200,0,1,2,,1,030,"US-101 S/B (EL CAMINO REAL)","NAPLES ACCESS RD.",4752.00,S,N,B,-,Y,,,101,,,,,,S,Y,1,1,1,1,A,-,01,23152,F,N,E,I,A,B,H,-,A,D,0,,,,,Y,,A,01,0,1,0,0,0,0,0,0,0,"- ","- ",34.441619873046875,-119.94766235351562,"SANTA BARBARA",UNINCORPORATED,-119.94764709472656,34.441688537597656
91233598,2020,2020-05-04,9760,2020-05-02,0942,018431,,6,1,9,4200,0,1,3,,1,022,"SR-154 E/B","SAN ANTONIO CREEK BRIDGE",310.00,E,N,A,-,Y,,,154,,,,,,E,Y,2,0,2,2,A,-,08,22107,,N,H,G,A,A,H,-,A,D,0,,Y,,,Y,,L,04,1,1,0,0,0,0,1,0,0,"- ","- ",34.466289520263672,-119.77162933349609,"SANTA BARBARA",UNINCORPORATED,-119.77157592773438,34.466293334960938
91234554,2020,2020-05-06,9760,2020-05-03,1355,020495,,7,1,9,4200,0,3,5,,2,001,"EUCALYPTUS HILL ROAD","STATE ROUTE 192",150.00,S,N,A,-,N,,,,,,,,,,N,2,0,1,1,D,-,00,,,N,F,A,A,A,H,-,A,D,0,,Y,,,Y,,-,"- ",1,0,0,0,0,0,1,0,0,"- ","- ",34.440231323242188,-119.65857696533203,"SANTA BARBARA",UNINCORPORATED,-119.658529,34.440168
91240177,2020,2020-06-02,9750,2020-05-11,1135,016874,,1,1,9,4200,0,1,2,,2,003,"US-101 S/B","CAT CANYON RD",1584.00,N,N,A,-,Y,,,101,,,,,,S,Y,2,0,1,2,A,-,08,22107,,N,C,C,A,A,H,-,A,D,0,,,,,Y,,D,22,1,0,0,0,0,0,0,0,0,"- ","- ",34.758369445800781,-120.29756927490234,"SANTA BARBARA",UNINCORPORATED,-120.29745483398438,34.758514404296875
91241268,2020,2020-05-22,9755,2020-05-16,1245,013618,,6,1,9,4200,0,1,3,,1,053,"STATE ROUTE 246","MISSION GATE ROAD",456.00,E,N,A,-,Y,,,246,,,,,,,Y,2,0,2,2,A,-,09,21802,A,N,A,C,A,A,H,-,A,D,0,,,,,Y,,A,07,1,1,0,0,0,0,0,0,0,"- ","- ",34.664241790771484,-120.42089080810547,"SANTA BARBARA",UNINCORPORATED,-120.4208984375,34.664268493652344
91241400,2020,2020-05-22,9760,2020-05-15,2101,020965,,5,2,9,4200,0,3,5,,2,005,"CAMINO DEL SUR","SUENO RD",175.00,N,N,A,-,N,,,,,,,,,,N,2,0,1,2,A,-,09,21804,A,N,D,G,A,A,H,-,C,D,0,,Y,,,Y,,L,04,1,0,0,0,0,0,1,0,0,"- ","- ",34.413219451904297,-119.86257171630859,"SANTA BARBARA",UNINCORPORATED,-119.86257171630859,34.413139343261719
91245168,2020,2020-05-29,9760,2020-05-20,0025,020757,,3,3,9,4200,0,1,2,,1,030,"US-101 S/B","DOS PUEBLOS CANYON RD",847.00,N,N,A,-,Y,,,101,,,,,,S,Y,2,0,1,1,A,-,01,23152,A,N,F,A,A,A,H,-,D,D,0,,,,,Y,Y,A,07,1,0,0,0,0,0,0,0,0,"- ","- ",34.4493408203125,-119.96157073974609,"SANTA BARBARA",UNINCORPORATED,-119.961669921875,34.449207305908203
91245794,2020,2020-06-01,9755,2020-05-15,1753,018483,,5,2,9,4200,0,1,3,,1,042,"STATE ROUTE 154","LAKEVIEW DRIVE",506.00,E,N,A,-,Y,,,154,,,,,,,Y,1,1,1,3,A,-,01,23152,A,N,A,C,A,A,H,-,A,D,0,,,,,Y,Y,A,01,1,0,0,0,0,0,0,0,0,"- ","- ",34.57318115234375,-119.95661163330078,"SANTA BARBARA",UNINCORPORATED,-119.95661926269531,34.573158264160156
91252567,2020,2020-06-16,9755,2020-06-13,1320,016999,,6,1,9,4200,0,3,5,,2,040,"FOXEN CANYON RD","ZACA STATION RD",93.00,N,N,A,-,N,,,,,,,,,,Y,2,0,1,1,A,-,03,22350,,N,F,A,A,A,H,-,A,D,0,,,Y,,Y,,C,02,1,0,0,0,0,0,0,0,1,"- ","- ",34.724868774414062,-120.13324737548828,"SANTA BARBARA",UNINCORPORATED,-120.13349914550781,34.724143981933594
91255256,2020,2020-06-22,9760,2020-06-12,1317,018431,,5,1,9,4200,0,3,5,,2,002,"N. SAN MARCOS RD.","TWINRIDGE RD.",4224.00,N,N,A,-,N,,,,,,,,,,N,2,0,1,1,A,-,03,22350,,N,F,A,A,A,H,-,A,D,0,,Y,,,Y,,L,04,1,0,0,0,0,0,1,0,0,"- ","- ",34.474529266357422,-119.79939270019531,"SANTA BARBARA",UNINCORPORATED,-119.79924011230469,34.474678039550781
91256009,2020,2020-06-23,9760,2020-06-12,1828,021018,,5,2,9,4200,0,1,2,,1,040,"US-101 NORTHBOUND","REFUGIO ROAD",7530.00,S,N,A,-,Y,,,101,,,,,,N,Y,2,0,2,2,A,-,08,22107,,F,F,A,A,A,H,-,A,D,0,,,,,Y,,A,01,1,0,1,0,0,0,0,0,0,"- ","- ",34.463481903076172,-120.04483795166016,"SANTA BARBARA",UNINCORPORATED,-120.04487609863281,34.463783264160156
91261398,2020,2020-07-01,9750,2020-06-27,1503,017709,,6,2,9,4200,0,1,3,,1,023,SR-135,"HARRIS GRADE RD",864.00,N,N,A,-,Y,,,135,,,,,,,Y,2,0,1,1,A,-,01,23152,A,N,F,A,A,A,H,-,A,D,0,,,,,Y,Y,A,01,1,0,0,0,0,0,0,0,0,"- ","- ",34.768131256103516,-120.42587280273438,"SANTA BARBARA",UNINCORPORATED,-120.42623901367188,34.767627716064453
91264866,2020,2020-07-07,9755,2020-06-26,1420,021818,,5,2,9,4200,0,3,5,,2,040,"FOXEN CANYON RD",SR-154,11616.00,N,N,A,-,N,,,,,,,,,,Y,2,0,1,1,A,-,08,22107,,N,E,I,A,A,H,-,A,D,0,,,Y,,Y,,C,02,1,0,0,0,0,0,0,0,1,"- ","- ",34.697578430175781,-120.12683868408203,"SANTA BARBARA",UNINCORPORATED,-120.12685394287109,34.698116302490234
91265597,2020,2021-01-25,9760,2020-07-06,1313,019464,,1,1,9,4200,0,3,5,,2,002,"CALLE REAL","PATTERSON AVENUE",0.00,,Y,A,-,N,,,,,,,,,,Y,2,0,1,2,A,-,12,21453,A,N,A,C,A,A,H,-,A,A,0,,,,,Y,,A,07,1,0,0,0,0,0,0,0,0,"- ","- ",34.443759918212891,-119.80824279785156,"SANTA BARBARA",UNINCORPORATED,-119.80816650390625,34.443630218505859
91265607,2020,2021-02-03,9750,2020-06-05,1805,017496,,5,2,9,4200,0,1,3,,1,011,"SR-166 (MAIN STREET)","BLACK ROAD",1900.00,W,N,B,-,Y,,,166,,,,,,,Y,1,2,4,3,A,-,08,22107,,N,A,C,A,A,H,-,A,D,0,,,,,Y,,A,01,2,2,0,0,0,0,0,0,0,"- ","- ",34.955841064453125,-120.49674987792969,"SANTA BARBARA",UNINCORPORATED,-120.49674987792969,34.955883026123047
9126579,2020,2020-09-25,4202,2020-07-04,2148,239,LOMPO,6,5,4,4202,0,0,0,,0,003,"ALDEN AV","R ST",0.00,,Y,A,-,N,,,,,,,,,,N,2,0,1,2,A,-,03,22350,,F,G,B,F,A,H,-,C,D,0,Y,,,,Y,,A,01,1,0,0,0,1,0,0,0,0,"- ","- ",,,"SANTA BARBARA",LOMPOC,-120.47016143798828,34.654689788818359
91273262,2020,2020-07-23,9760,2020-07-14,1928,021018,,2,2,5,4203,0,1,A,,2,720,"535 CASTILLO STREET","W COTA STREET",108.00,E,N,A,-,N,,,,,,,,,,N,2,0,1,1,B,-,22,,,N,F,A,A,A,H,-,B,D,0,,Y,,,Y,,L,04,1,0,0,0,0,0,1,0,0,"- ","- ",34.413181304931641,-119.701171875,"SANTA BARBARA","SANTA BARBARA",-119.70100402832031,34.413345336914062
91275544,2020,2020-08-14,9750,2020-06-18,1811,017709,,4,2,9,4200,0,3,5,,2,030,"FOXEN CANYON RD","ORCUTT GAREY ROAD",5280.00,S,N,A,-,N,,,,,,,,,,Y,1,1,0,2,A,-,05,21460,A,N,A,C,A,A,H,-,A,D,0,,,Y,,Y,,C,02,0,0,0,0,0,0,0,1,0,"- ","- ",34.8720703125,-120.30354309082031,"SANTA BARBARA",UNINCORPORATED,-120.30416107177734,34.872455596923828
91278927,2020,2020-07-31,9755,2020-07-27,1742,019292,,1,2,9,4200,0,3,5,,2,050,"PURISIMA RD","LA VALLEY RD",290.00,W,N,A,-,N,,,,,,,,,,Y,2,0,1,1,A,-,08,22107,,N,E,I,A,A,H,-,A,D,0,,,,,Y,,A,01,1,0,0,0,0,0,0,0,0,"- ","- ",34.677108764648438,-120.44731903076172,"SANTA BARBARA",UNINCORPORATED,-120.447187,34.677059
91278945,2020,2020-07-31,9755,2020-07-28,1015,016988,,2,1,9,4200,0,1,3,,1,042,SR-154,"ARMOUR RANCH RD",528.00,W,N,A,-,Y,,,154,,,,,,,N,2,0,1,2,A,-,08,22107,,N,B,C,A,A,H,-,A,D,0,,Y,,,Y,,L,04,1,0,0,0,0,0,1,0,0,"- ","- ",34.590671539306641,-120.03337860107422,"SANTA BARBARA",UNINCORPORATED,-120.03334808349609,34.590709686279297
91279496,2020,2020-08-03,9760,2020-07-26,1540,020423,,7,2,5,4203,0,1,2,,2,011,"US-101 N/B FROM CASTILLO STREET","CASTILLO ST",375.00,N,N,A,-,Y,,,101,,,,R,,N,Y,2,0,1,3,A,-,08,22107,,N,C,C,E,A,H,-,A,D,0,Y,,,,Y,,A,01,1,0,0,0,1,0,0,0,0,"- ","- ",34.412471771240234,-119.70056915283203,"SANTA BARBARA","SANTA BARBARA",-119.70056915283203,34.412471771240234
9127979,2020,2020-10-08,4203,2020-07-28,2111,3843,67,2,5,5,4203,0,0,0,,0,001,"ALAMEDA PADRE SERRA","GARCIA RD",372.00,S,N,A,-,N,,,,,,,,,,Y,2,0,1,1,A,-,08,22107,,N,E,J,A,A,H,-,C,D,0,,,Y,,Y,,C,02,1,0,0,0,0,0,0,0,1,"- ","- ",34.261001586914062,-119.41200256347656,"SANTA BARBARA","SANTA BARBARA",-119.68927764892578,34.436084747314453
91282884,2020,2020-08-10,9760,2020-08-02,0330,020964,,7,3,9,4200,0,1,2,,1,030,"US-101 N/B","SIGNAL OIL",1584.00,S,N,A,-,Y,,,101,,,,,,N,Y,2,0,3,1,A,-,08,22107,,N,E,I,A,A,H,-,D,D,0,,,,,Y,,A,01,1,1,1,0,0,0,0,0,0,"- ","- ",34.438491821289062,-119.92771148681641,"SANTA BARBARA",UNINCORPORATED,-119.92769622802734,34.438549041748047
91290536,2020,2020-08-21,9760,2020-08-15,1000,019464,,6,1,4,4214,0,1,3,,2,027,"SR-217 EASTBOUND TO PATTERSON AVENUE","PATTERSON AVENUE",520.00,W,N,B,-,Y,,,217,,,,R,,E,Y,2,0,1,1,A,-,01,23152,A,N,F,A,A,A,H,-,A,D,0,,,,,Y,Y,D,22,1,0,0,0,0,0,0,0,0,"- ","- ",34.441310882568359,-119.81040191650391,"SANTA BARBARA",GOLETA,-119.81040191650391,34.441310882568359
91296497,2020,2020-08-31,9750,2020-08-13,2130,017307,,4,2,9,4200,0,3,5,,2,030,"FOXEN CANYON RD","DOMINION RD.",4752.00,E,N,A,-,N,,,,,,,,,,Y,2,0,1,1,A,-,01,23152,A,N,F,A,A,A,H,-,D,D,0,,,,,Y,Y,D,22,1,0,0,0,0,0,0,0,0,"- ","- ",34.908649444580078,-120.33132934570312,"SANTA BARBARA",UNINCORPORATED,-120.331787109375,34.908485412597656
91296520,2020,2020-08-31,9755,2020-08-26,0200,020619,,3,3,9,4200,0,3,5,,2,050,"BAILEY AVE",SR-246,2640.00,S,N,B,-,N,,,,,,,,,,Y,2,0,2,1,A,-,01,23152,A,N,F,A,A,A,H,-,D,D,0,,,,,Y,Y,A,01,1,1,0,0,0,0,0,0,0,"- ","- ",34.637599945068359,-120.84825134277344,"SANTA BARBARA",UNINCORPORATED,,
91302426,2020,2020-09-10,9760,2020-09-09,0850,015669,,3,1,9,4200,0,3,5,,2,002,"MODOC ROAD","ENCORE DR (EAST)",350.00,E,N,B,-,N,,,,,,,,,,N,2,0,1,1,A,-,03,22350,,N,H,A,A,A,H,-,A,D,0,,,,,Y,,M,91,1,0,0,0,0,0,0,0,0,"- ","- ",34.437789916992188,-119.76535034179688,"SANTA BARBARA",UNINCORPORATED,-119.765380859375,34.437755584716797
91303341,2020,2020-09-11,9755,2020-09-07,1725,016058,,1,2,9,4200,0,1,3,,1,053,SR-1,US-101,29040.00,N,N,A,-,Y,,,1,,,,,,,Y,2,0,1,1,A,-,08,22107,,N,F,A,A,A,H,-,A,D,0,,,Y,,Y,,C,02,1,0,0,0,0,0,0,0,1,"- ","- ",34.517829895019531,-120.32279205322266,"SANTA BARBARA",UNINCORPORATED,-120.32279205322266,34.517791748046875
91303533,2020,2020-09-14,9760,2020-09-06,1325,019464,,7,1,9,4200,0,1,3,,1,022,SR-154,"SALVAR ROAD O/C",2112.00,W,N,A,-,Y,,,154,,,,,,,Y,2,0,3,2,A,-,01,23152,G,N,A,C,A,A,H,-,A,D,0,,,,,Y,Y,A,07,1,2,0,0,0,0,0,0,0,"- ","- ",34.459980010986328,-119.77014923095703,"SANTA BARBARA",UNINCORPORATED,-119.77010345458984,34.459999084472656
91307725,2020,2020-09-21,9760,2020-09-04,0530,018431,,5,3,9,4200,0,1,3,,1,022,"SR-154 (SAN MARCOS PASS RD.)","VISTA POINT",780.00,E,N,A,-,Y,,,154,,,,,,,N,2,0,1,1,A,-,08,22107,,N,E,I,A,A,H,-,A,D,0,,,Y,,Y,,C,02,1,0,0,0,0,0,0,0,1,"- ","- ",34.529430389404297,-119.83999633789062,"SANTA BARBARA",UNINCORPORATED,-119.83997344970703,34.529476165771484
91307881,2020,2020-09-21,9760,2020-04-09,1758,019464,,4,2,9,4200,0,1,3,,1,022,"STATE ROUTE 154 (SAN MARCOS PASS)","SAN MARCOS RD",4224.00,E,N,B,C,Y,,,154,,,,,,,Y,1,1,3,2,A,-,01,23152,F,N,D,C,A,B,H,-,A,D,0,,,,,Y,,A,01,1,1,1,0,0,0,0,0,0,"- ","- ",34.489189147949219,-119.78424835205078,"SANTA BARBARA",UNINCORPORATED,-119.78420257568359,34.489158630371094
91313852,2020,2020-10-14,9755,2020-09-26,0606,016988,,6,1,9,4200,0,1,3,,2,041,SR-246,"CASINO DRIVE",0.00,,Y,A,-,Y,,,246,,,,,,,Y,2,0,2,1,A,-,01,23152,A,N,E,I,A,A,H,-,C,A,0,,,,,Y,Y,A,07,2,0,0,0,0,0,0,0,0,"- ","- ",34.610080718994141,-120.08644866943359,"SANTA BARBARA",UNINCORPORATED,-120.08645629882812,34.610111236572266
91315108,2020,2020-09-30,9750,2020-09-04,1905,017496,,5,2,9,4200,0,3,5,,2,030,"DOMINION RD","PALMER RD",4224.00,W,N,A,-,N,,,,,,,,,,Y,1,1,0,1,A,-,08,22107,,N,F,A,A,A,H,-,A,D,0,,,,,Y,,D,22,0,0,0,0,0,0,0,0,0,"- ","- ",34.846149444580078,-120.32573699951172,"SANTA BARBARA",UNINCORPORATED,-120.3255615234375,34.846450805664062
91316791,2020,2020-10-02,9760,2020-04-25,1450,021621,,6,2,9,4200,0,1,3,,1,022,"SR-154 E/B","EAST CAMINO CIELO",340.00,E,N,A,-,Y,,,154,,,,,,E,Y,1,1,0,1,A,-,08,22107,,N,E,I,A,A,H,-,A,D,0,,,Y,,Y,,C,02,0,0,0,0,0,0,0,1,0,"- ","- ",34.509040832519531,-119.82205963134766,"SANTA BARBARA",UNINCORPORATED,-119.82200622558594,34.509166717529297
9131918,2020,2020-10-06,4201,2020-07-03,1052,6573,,5,5,2,4201,0,0,0,,0,051,"SANCHEZ DR","MILLS LN",117.00,W,N,A,-,N,,,,,,,,,,N,2,0,1,2,D,-,00,,,N,G,B,F,A,H,-,A,D,0,Y,,,,Y,,-,"- ",1,0,0,0,1,0,0,0,0,"- ","- ",,,"SANTA BARBARA",GUADALUPE,-120.57898712158203,34.959701538085938
91325678,2020,2020-10-19,9760,2020-10-12,0230,022291,,1,3,5,4203,0,1,2,,2,020,"US-101 N/B","STATE STREET",350.00,N,N,A,-,Y,,,101,,,,,,N,Y,2,0,1,1,A,-,01,23152,A,N,E,I,A,A,H,-,C,D,0,,,,,Y,Y,A,07,1,0,0,0,0,0,0,0,0,"- ","- ",34.440818786621094,-119.75684356689453,"SANTA BARBARA","SANTA BARBARA",-119.75682830810547,34.440860748291016
91343018,2020,2020-11-10,9755,2020-10-31,0500,020619,,6,3,9,4200,0,1,3,,1,053,"SR-246 W/B","TULAROSA RD",1625.00,W,N,E,-,Y,,,246,,,,,,W,Y,2,0,2,2,A,-,03,22350,,N,C,C,A,A,H,-,D,D,0,,,,,Y,,A,01,1,1,0,0,0,0,0,0,0,"- ","- ",34.664539337158203,-120.37525177001953,"SANTA BARBARA",UNINCORPORATED,-120.37525177001953,34.664646148681641
91347053,2020,2020-12-07,9750,2020-11-06,0603,016469,,5,1,9,4200,0,1,3,,1,011,SR-166,"BONITA SCHOOL RD",2112.00,W,N,A,-,Y,,,166,,,,,,,Y,2,0,5,3,A,-,03,22350,,N,C,C,A,A,H,-,B,D,0,,,,,Y,,A,07,1,1,3,0,0,0,0,0,0,"- ","- ",34.957790374755859,-120.51614379882812,"SANTA BARBARA",UNINCORPORATED,-120.51613616943359,34.957809448242188
91347204,2020,2020-11-17,9760,2020-05-03,1700,020964,,7,2,9,4200,0,1,2,,2,010,"US-101 S/B","PADARO LANE (NORTH)",2112.00,S,N,A,-,Y,,,101,,,,,,S,Y,1,1,0,1,A,-,01,23152,A,N,E,I,A,A,H,-,A,D,0,,,,,Y,Y,A,07,0,0,0,0,0,0,0,0,0,"- ","- ",34.415409088134766,-119.57525634765625,"SANTA BARBARA",UNINCORPORATED,-119.57526397705078,34.415458679199219
91347900,2020,2020-11-18,9760,2020-11-06,1500,021531,,5,2,9,4200,0,3,5,,2,001,"PADARO LANE E/B","SANTA CLAUSE LN",1333.00,W,N,A,-,N,,,,,,,,,,Y,2,0,1,1,A,-,01,23152,A,N,H,A,A,A,D,-,A,D,0,,,,,Y,Y,A,01,1,0,0,0,0,0,0,0,0,"- ","- ",34.412799835205078,-119.55661773681641,"SANTA BARBARA",UNINCORPORATED,-119.55650329589844,34.412765502929688
91351848,2020,2020-11-23,9760,2020-11-16,0830,019446,,1,1,9,4200,0,1,3,,1,014,"SR-192 (EAST VALLEY ROAD)","SHEFFIELD DR",0.00,,Y,A,-,Y,,,192,,,,,,,Y,2,0,1,2,A,-,09,21801,A,N,D,C,A,A,H,-,A,D,0,,,Y,,Y,,A,07,1,0,0,0,0,0,0,0,1,"- ","- ",34.436019897460938,-119.60137176513672,"SANTA BARBARA",UNINCORPORATED,-119.60137176513672,34.436058044433594
91357364,2020,2020-12-02,9750,2020-11-29,0052,017307,,7,3,9,4200,0,1,3,,1,021,"SR-135 S/B","CLARK AVE",1056.00,S,N,A,-,Y,,,135,,,,,,S,Y,2,0,1,1,A,-,01,23152,A,N,E,I,A,A,H,-,C,A,0,,,,,Y,Y,A,07,1,0,0,0,0,0,0,0,0,"- ","- ",34.861228942871094,-120.43739318847656,"SANTA BARBARA",UNINCORPORATED,-120.4373779296875,34.861225128173828
91358718,2020,2020-12-04,9755,2020-11-23,2218,021125,,1,3,9,4200,0,1,3,,2,041,SR-246,"SKYTT MESA DRIVE",86.00,W,N,A,-,Y,,,246,,,,,,,Y,2,0,2,2,A,-,01,23152,A,N,A,C,A,A,H,-,D,D,0,,,,,Y,Y,D,22,1,0,1,0,0,0,0,0,0,"- ","- ",34.596260070800781,-120.15467834472656,"SANTA BARBARA",UNINCORPORATED,-120.15473937988281,34.596202850341797
91360003,2020,2020-12-07,9760,2020-12-02,1055,014690,,3,1,9,4200,0,3,5,,2,001,"GILBRATAR RD. (2200 BLK)","EL CIELITO RD",7392.00,N,N,A,-,N,,,,,,,,,,N,2,0,1,1,B,-,22,,,N,F,A,A,A,H,-,A,D,0,,Y,,,Y,,L,04,1,0,0,0,0,0,1,0,0,"- ","- ",34.462970733642578,-119.67987823486328,"SANTA BARBARA",UNINCORPORATED,,
91367363,2020,2021-04-02,9750,2020-12-05,2052,017910,,6,2,9,4200,0,2,4,,1,024,"BRADLEY RD","WOODMERE RD",233.00,S,N,A,-,N,,,,,,,,,,Y,2,0,1,3,A,-,03,22350,,N,E,I,E,A,H,-,C,D,0,Y,,,,Y,,A,01,1,0,0,0,1,0,0,0,0,"- ","- ",34.875648498535156,-120.41870880126953,"SANTA BARBARA",UNINCORPORATED,-120.41876983642578,34.875709533691406
91379806,2020,2021-01-04,9750,2020-12-27,1451,015916,,7,2,9,4200,0,3,5,,2,020,"HARRIS GRADE ROAD",SR-135,6864.00,S,N,B,-,N,,,,,,,,,,Y,2,0,1,1,A,-,08,22107,,N,E,I,A,A,H,-,A,D,0,,,,,Y,,A,07,1,0,0,0,0,0,0,0,0,"- ","- ",34.7529296875,-120.43389892578125,"SANTA BARBARA",UNINCORPORATED,-120.43341827392578,34.753273010253906
91382798,2020,2021-01-06,9755,2020-12-22,1500,016999,,2,2,9,4200,0,1,3,,1,051,"SR-1 S/B TO US-101 S/B","SR-1 OVER CROSSING",260.00,S,N,A,-,Y,,,1,,,,R,,S,Y,2,0,1,1,A,-,08,22107,,N,E,I,A,A,H,-,A,D,0,,,,,Y,,A,07,1,0,0,0,0,0,0,0,0,"- ","- ",34.508781433105469,-120.22669982910156,"SANTA BARBARA",UNINCORPORATED,-120.22669982910156,34.508781433105469
91385186,2021,2021-01-13,9760,2021-01-03,1052,018760,,7,1,9,4200,0,1,2,,1,040,"US 101 SB","ARROYO QUEMADA LANE",1565.00,S,N,A,-,Y,,,,,,,,,,N,2,0,2,4,A,-,08,22107,,N,C,G,A,A,H,-,A,D,0,,Y,,,Y,,A,01,1,1,0,0,0,0,2,0,0,"- ","- ",34.471668243408203,-120.1197509765625,"SANTA BARBARA",UNINCORPORATED,-120.12477111816406,34.472431182861328
91389750,2021,2021-01-18,9760,2021-01-10,2240,022291,,7,3,4,4214,0,1,2,,1,030,"US-101 N/B","LOS CARNEROS RD",1807.00,N,N,A,-,Y,,,101,,,,,,N,Y,2,0,1,1,A,-,08,22107,,N,E,I,A,A,H,-,D,D,0,,,,,Y,,A,07,1,0,0,0,0,0,0,0,0,"- ","- ",34.436809539794922,-119.85894012451172,"SANTA BARBARA",GOLETA,-119.85892486572266,34.436721801757812
9139039,2020,2020-09-24,4202,2020-07-04,1844,292,,6,5,4,4202,0,0,0,,0,,"SEABREEZE WY","BARTON AV",66.00,S,N,A,-,N,,,,,,,,,,Y,2,0,1,2,A,-,03,22350,,N,A,E,A,A,H,-,A,A,0,,,Y,,Y,,C,02,1,0,0,0,0,0,0,0,1,"- ","- ",,,"SANTA BARBARA",LOMPOC,-120.46469116210938,34.657028198242188
9139040,2020,2020-09-24,4202,2020-07-08,1518,,,3,5,4,4202,0,0,0,,0,,"W NORTH AV","N H ST",333.00,W,N,A,-,N,,,,,,,,,,N,2,0,1,2,A,-,05,21650,,N,D,G,A,A,H,-,A,D,0,,Y,,,Y,,L,04,1,0,0,0,0,0,1,0,0,"- ","- ",,,"SANTA BARBARA",LOMPOC,-120.45882415771484,34.653396606445312
9140241,2020,2020-09-02,4203,2020-06-29,1830,24076,17,1,5,5,4203,0,0,0,,0,006,"CLIFF DR","LA MARINA",0.00,,Y,A,-,N,,,225,,,,,,,,2,0,1,1,D,-,00,,,N,H,-,A,A,H,-,A,D,0,,Y,,,Y,Y,-,"- ",1,0,0,0,0,0,1,0,0,"- ","- ",34.402500152587891,-119.70800018310547,"SANTA BARBARA","SANTA BARBARA",-119.70810699462891,34.402675628662109
91405444,2021,2021-02-09,9750,2021-02-01,1650,015916,,1,2,9,4200,0,1,3,,1,022,"SR-1 S/B (CABRILLO HIGHWAY)","SAN ANTONIO ROAD WEST",930.00,N,N,A,-,Y,,,1,,,,,,S,Y,2,0,1,1,A,-,01,23152,A,N,F,A,A,A,H,-,A,D,0,,,,,Y,Y,A,01,1,0,0,0,0,0,0,0,0,"- ","- ",34.774929046630859,-120.49301910400391,"SANTA BARBARA",UNINCORPORATED,-120.49300384521484,34.774993896484375
91409088,2021,2021-02-16,9750,2021-02-07,1018,017307,,7,1,9,4200,0,3,5,,2,020,"MICHELLE DR","FOSTER RD",258.00,S,N,A,-,N,,,,,,,,,,Y,2,0,1,3,A,-,03,22350,,N,A,C,A,A,H,-,A,D,0,,,,,Y,,A,01,1,0,0,0,0,0,0,0,0,"- ","- ",34.882301330566406,-120.43480682373047,"SANTA BARBARA",UNINCORPORATED,-120.43484497070312,34.882350921630859
91410352,2021,2021-02-17,9760,2021-02-09,1720,020757,,2,2,9,4200,0,1,3,,1,022,"SR-154 W/B","W. CAMINO CIELO",325.00,E,N,B,-,Y,,,154,,,,,,W,Y,2,0,2,2,A,-,05,21460,A,N,A,C,A,A,H,-,A,D,0,,,,,Y,Y,A,01,1,0,1,0,0,0,0,0,0,"- ","- ",34.504428863525391,-119.81217956542969,"SANTA BARBARA",UNINCORPORATED,-119.81216430664062,34.504478454589844
91411871,2021,2021-02-19,9760,2021-02-14,1720,020495,,7,2,5,4203,0,1,2,,2,011,"US-101 SOUTHBOUND (EL CAMINO REAL)","MILPAS STREET",300.00,N,N,A,-,Y,,,101,,,,,,S,Y,2,0,1,2,A,-,03,22350,,N,C,C,A,A,H,-,A,D,0,,,Y,,Y,Y,C,02,1,0,0,0,0,0,0,0,1,"- ","- ",34.420200347900391,-119.6787109375,"SANTA BARBARA","SANTA BARBARA",-119.6787109375,34.420192718505859