CASE_ID,ACCIDENT_YEAR,PROC_DATE,JURIS,COLLISION_DATE,COLLISION_TIME,OFFICER_ID,REPORTING_DISTRICT,DAY_OF_WEEK,CHP_SHIFT,POPULATION,CNTY_CITY_LOC,SPECIAL_COND,BEAT_TYPE,CHP_BEAT_TYPE,CITY_DIVISION_LAPD,CHP_BEAT_CLASS,BEAT_NUMBER,PRIMARY_RD,SECONDARY_RD,DISTANCE,DIRECTION,INTERSECTION,WEATHER_1,WEATHER_2,STATE_HWY_IND,CALTRANS_COUNTY,CALTRANS_DISTRICT,STATE_ROUTE,ROUTE_SUFFIX,POSTMILE_PREFIX,POSTMILE,LOCATION_TYPE,RAMP_INTERSECTION,SIDE_OF_HWY,TOW_AWAY,COLLISION_SEVERITY,NUMBER_KILLED,NUMBER_INJURED,PARTY_COUNT,PRIMARY_COLL_FACTOR,PCF_CODE_OF_VIOL,PCF_VIOL_CATEGORY,PCF_VIOLATION,PCF_VIOL_SUBSECTION,HIT_AND_RUN,TYPE_OF_COLLISION,MVIW,PED_ACTION,ROAD_SURFACE,ROAD_COND_1,ROAD_COND_2,LIGHTING,CONTROL_DEVICE,CHP_ROAD_TYPE,PEDESTRIAN_ACCIDENT,BICYCLE_ACCIDENT,MOTORCYCLE_ACCIDENT,TRUCK_ACCIDENT,NOT_PRIVATE_PROPERTY,ALCOHOL_INVOLVED,STWD_VEHTYPE_AT_FAULT,CHP_VEHTYPE_AT_FAULT,COUNT_SEVERE_INJ,COUNT_VISIBLE_INJ,COUNT_COMPLAINT_PAIN,COUNT_PED_KILLED,COUNT_PED_INJURED,COUNT_BICYCLIST_KILLED,COUNT_BICYCLIST_INJURED,COUNT_MC_KILLED,COUNT_MC_INJURED,PRIMARY_RAMP,SECONDARY_RAMP,LATITUDE,LONGITUDE,COUNTY,CITY,POINT_X,POINT_Y
9141224,2020,2020-08-27,4203,2020-01-14,1728,23136,,2,5,5,4203,0,0,0,,0,004,"HALEY ST","BATH ST",0.00,,Y,A,D,N,,,,,,,,,,Y,2,0,1,2,A,-,09,21801,A,N,D,G,A,A,H,-,C,A,0,,Y,,,Y,Y,L,04,1,0,0,0,0,0,1,0,0,"- ","- ",34.413608551025391,-119.697998046875,"SANTA BARBARA","SANTA BARBARA",-119.69892120361328,34.413608551025391
9141268,2019,2020-08-26,4203,2019-12-10,1940,6124,38,2,5,5,4203,0,0,0,,0,005,"STATE ST","CALLE PALO COLORADO",28.00,E,N,A,-,N,,,,,,,,,,N,2,0,1,2,A,-,10,21950,A,N,G,B,B,A,H,-,C,A,0,Y,,,,Y,,A,01,1,0,0,0,1,0,0,0,0,"- ","- ",34.439998626708984,-119.73000335693359,"SANTA BARBARA","SANTA BARBARA",-119.73091888427734,34.440380096435547
91418410,2021,2021-03-01,9760,2021-02-28,0230,020965,,7,3,5,4203,0,1,2,,2,011,"US-101 N/B TO CARRILLO ST.","CARRILLO ST",310.00,S,N,A,-,Y,,,101,,,,R,,N,Y,2,0,3,2,A,-,01,23152,A,N,C,C,A,A,H,-,D,D,0,,,,,Y,Y,A,01,1,2,0,0,0,0,0,0,0,"- ","- ",34.415988922119141,-119.70622253417969,"SANTA BARBARA","SANTA BARBARA",-119.70622253417969,34.415988922119141
91418963,2021,2021-03-02,9755,2021-02-25,0650,016999,,4,1,9,4200,0,3,5,,2,040,"ALAMO PINTADO RD","ADOBE CANYON RD",55.00,N,N,A,-,N,,,,,,,,,,Y,2,0,1,1,A,-,08,22107,,N,E,I,A,A,H,-,A,D,0,,,,,Y,,D,22,1,0,0,0,0,0,0,0,0,"- ","- ",34.632930755615234,-120.11763000488281,"SANTA BARBARA",UNINCORPORATED,-120.12522888183594,34.632400512695312
91419916,2021,2021-03-03,9760,2021-02-28,0600,018431,,7,1,9,4200,0,3,5,,2,002,"WEST CAMINO CIELO","KINEVAN RD.",4900.00,W,N,A,-,N,,,,,,,,,,Y,2,0,1,1,A,-,01,23152,A,N,E,I,A,A,H,-,D,D,0,,,,,Y,Y,D,22,1,0,0,0,0,0,0,0,0,"- ","- ",34.502761840820312,-119.82781982421875,"SANTA BARBARA",UNINCORPORATED,-119.82747650146484,34.502758026123047
91420153,2021,2021-03-03,9755,2021-01-14,1918,018483,,4,2,9,4200,0,1,3,,1,053,"SR-246 W/B","MAIL ROAD",5050.00,W,N,A,-,Y,,,246,,,,,,W,Y,1,1,0,1,A,-,01,23152,A,N,F,A,A,A,H,-,D,D,0,,,,,Y,Y,A,07,0,0,0,0,0,0,0,0,0,"- ","- ",34.640449523925781,-120.29882049560547,"SANTA BARBARA",UNINCORPORATED,-120.29880523681641,34.640480041503906
91429025,2021,2021-03-17,9760,2021-03-06,2307,021531,,6,3,9,4200,0,3,5,,2,002,"CALLE REAL","ORCHARD PARK LANE",300.00,W,N,A,-,N,,,,,,,,,,Y,2,0,3,4,A,-,01,23152,A,N,C,C,A,A,H,-,C,D,0,,,,,Y,Y,D,22,1,0,2,0,0,0,0,0,0,"- ","- ",34.443099975585938,-119.81092834472656,"SANTA BARBARA",UNINCORPORATED,-119.81086730957031,34.443225860595703
91430044,2021,2021-03-18,9760,2021-01-19,1756,022181,,2,2,5,4203,0,1,2,,2,011,"US-101 S/B","CACIQUE STREET",15.00,S,N,A,-,Y,,,101,,,,,,S,Y,1,1,0,5,A,-,11,21954,A,M,G,B,D,A,H,-,C,D,0,Y,,,,Y,,N,60,0,0,0,1,0,0,0,0,0,"- ","- ",34.420158386230469,-119.67558288574219,"SANTA BARBARA","SANTA BARBARA",-119.67555236816406,34.420303344726562
91434604,2021,2021-03-25,9755,2021-03-14,1630,017255,,7,2,9,4200,0,1,3,,2,041,"SR-246 E/B","RIVERVIEW DRIVE",4752.00,W,N,B,-,Y,,,246,,,,,,E,Y,2,0,1,1,A,-,08,22107,,N,E,I,A,A,H,-,A,D,0,,,,,Y,,A,01,1,0,0,0,0,0,0,0,0,"- ","- ",34.624259948730469,-120.22292327880859,"SANTA BARBARA",UNINCORPORATED,-120.22292327880859,34.624111175537109
91439778,2021,2021-03-30,9755,2021-03-23,1630,020483,,2,2,9,4200,0,1,2,,2,004,"US-101 S/B",SR-154,4600.00,S,N,A,-,Y,,,101,,,,,,S,Y,2,0,1,1,A,-,08,22107,,N,F,A,A,A,H,-,A,D,0,,,,,Y,,A,01,1,0,0,0,0,0,0,0,0,"- ","- ",34.675048828125,-120.15904235839844,"SANTA BARBARA",UNINCORPORATED,-120.15886688232422,34.6749267578125
91441301,2021,2021-04-01,9755,2021-01-29,1901,018616,,5,2,9,4200,0,1,S,,2,904,"US-101 NORTHBOUND",SR-154,14784.00,N,N,B,-,Y,,,101,,,,,,N,Y,1,1,2,2,A,-,07,21658,A,N,B,C,A,B,H,-,D,D,0,,,,,Y,,-,"- ",2,0,0,0,0,0,0,0,0,"- ","- ",34.715610504150391,-120.19085693359375,"SANTA BARBARA",UNINCORPORATED,-120.19087219238281,34.715576171875
91441963,2021,2021-04-02,9755,2021-02-11,1239,014820,,4,1,9,4200,0,3,5,,2,050,"HARRIS GRADE ROAD","RUCKER ROAD",11088.00,N,N,B,-,N,,,,,,,,,,Y,1,1,0,1,A,-,03,22350,,N,E,I,A,A,H,-,A,D,0,,,,,Y,,D,22,0,0,0,0,0,0,0,0,0,"- ","- ",34.735080718994141,-120.44052124023438,"SANTA BARBARA",UNINCORPORATED,-120.440673828125,34.734931945800781
91445058,2021,2021-04-07,9760,2021-04-03,1812,020964,,6,2,9,4200,0,1,2,,2,020,"US-101 NORTHBOUND","PATTERSON AVE",1056.00,S,N,A,-,Y,,,101,,,,,,N,N,2,0,1,3,A,-,03,22350,,N,B,C,A,A,H,-,A,D,0,,,Y,,Y,,C,02,1,0,0,0,0,0,0,0,1,"- ","- ",34.441719055175781,-119.80448150634766,"SANTA BARBARA",UNINCORPORATED,-119.80448150634766,34.441661834716797
91445297,2021,2021-04-07,9750,2021-03-31,1704,017709,,3,2,5,4204,0,1,2,,2,001,"US-101 NORTHBOUND","DONOVAN ROAD O/C",190.00,N,N,A,-,Y,,,101,,,,,,N,Y,2,0,1,2,A,-,03,22350,,N,C,C,A,A,H,-,A,D,0,,,Y,,Y,,C,02,1,0,0,0,0,0,0,0,1,"- ","- ",34.9681396484375,-120.42318725585938,"SANTA BARBARA","SANTA MARIA",-120.42317199707031,34.968151092529297
91453655,2021,2021-04-19,9755,2021-04-07,1730,020483,,3,2,9,4200,0,3,5,,2,050,"SAN MIGUELITO RD","WEST WILLOW AVE.",2000.00,S,N,G,-,N,,,,,,,,,,N,2,0,1,1,A,-,08,22107,,N,F,A,A,A,H,-,A,D,0,,,Y,,Y,,C,02,1,0,0,0,0,0,0,0,1,"- ","- ",34.625049591064453,-120.45803833007812,"SANTA BARBARA",UNINCORPORATED,-120.4586181640625,34.625759124755859
91457466,2021,2021-04-23,9755,2021-03-10,0646,013618,,3,1,9,4200,0,1,2,,2,004,"US 101 S/B",SR-1,0.00,,N,B,-,Y,,,,,,,,,,Y,1,1,0,1,A,-,03,22350,,N,E,I,A,B,H,-,A,D,0,,,,,Y,,A,01,0,0,0,0,0,0,0,0,0,"- ","- ",34.518001556396484,-120.21736907958984,"SANTA BARBARA",UNINCORPORATED,-120.22647094726562,34.505542755126953
91464497,2021,2021-05-03,9750,2021-04-02,1746,017910,,5,2,9,4200,0,1,2,,2,002,"US-101 N/B","SOLOMON RD",2640.00,S,N,A,-,Y,,,101,,,,,,N,Y,1,1,1,2,A,-,03,22350,,N,C,C,A,A,H,-,A,D,0,,,,,Y,,A,01,0,0,1,0,0,0,0,0,0,"- ","- ",34.820430755615234,-120.35310363769531,"SANTA BARBARA",UNINCORPORATED,-120.35309600830078,34.820438385009766
91470775,2021,2021-05-12,9755,2021-05-02,1340,016999,,7,1,9,4200,0,3,5,,2,040,"9300 BLOCK  HAPPY CANYON RD","FIGUEROA MOUNTAIN RD",6125.00,S,N,A,-,N,,,,,,,,,,Y,2,0,1,2,A,-,17,21662,A,N,A,C,A,A,H,-,A,D,0,,,Y,,Y,,C,02,1,0,0,0,0,0,0,0,1,"- ","- ",34.710460662841797,-119.91272735595703,"SANTA BARBARA",UNINCORPORATED,-119.91513824462891,34.711769104003906
91479447,2021,2021-05-27,9755,2021-05-12,1930,016999,,3,2,9,4200,0,3,5,,2,050,"HOLLISTER RANCH RD","GAVIOTA BEACH ROAD",1196.00,W,N,A,-,N,,,,,,,,,,N,2,0,1,1,A,-,03,22350,,N,F,A,A,A,H,-,A,D,0,,,,,Y,,D,22,1,0,0,0,0,0,0,0,0,"- ","- ",34.471088409423828,-120.23200225830078,"SANTA BARBARA",UNINCORPORATED,-120.23102569580078,34.471416473388672
9148223,2020,2020-11-20,4203,2020-09-01,1155,24576,34,2,5,5,4203,0,0,0,,0,004,CASTILLO,"ARRELLAGA ST",0.00,,Y,A,-,N,,,,,,,,,,N,2,0,1,2,D,-,00,,,N,D,C,A,A,H,-,A,A,0,,,Y,,Y,,-,"- ",1,0,0,0,0,0,0,0,1,"- ","- ",34.422931671142578,-119.71421051025391,"SANTA BARBARA","SANTA BARBARA",-119.71405029296875,34.422901153564453
91483480,2021,2021-05-27,9750,2021-04-25,2500,015915,,7,4,9,4200,0,1,2,,2,002,"US 101 S/B","SOLOMON SUMMIT U/C",5280.00,S,N,B,-,Y,,,,,,,,,,Y,1,1,0,1,A,-,08,22107,,N,F,A,A,A,H,-,D,D,0,,,,,Y,,A,01,0,0,0,0,0,0,0,0,0,"- ","- ",34.814620971679688,-120.34754943847656,"SANTA BARBARA",UNINCORPORATED,,
91495262,2021,2021-06-11,9760,2021-06-04,1302,020757,,5,1,9,4200,0,3,5,,2,003,"FARREN ROAD","VEREDA DEL PADRE",6864.00,N,N,A,-,N,,,,,,,,,,N,2,0,1,2,A,-,03,22350,,N,H,G,A,A,H,-,A,D,0,,Y,,,Y,,A,07,1,0,0,0,0,0,1,0,0,"- ","- ",34.455371856689453,-119.92410278320312,"SANTA BARBARA",UNINCORPORATED,-119.92406463623047,34.455440521240234
91499891,2021,2021-06-17,9750,2021-06-08,0553,016542,,2,3,9,4200,0,1,2,,2,001,"US 101 S/B","ALVIN OVERCROSSING",593.00,N,N,A,-,Y,,,,,,,,,,Y,2,0,1,1,A,-,08,22107,,N,E,I,A,A,H,-,B,D,0,,,,Y,Y,,G,25,1,0,0,0,0,0,0,0,0,"- ","- ",34.961891174316406,-120.41959381103516,"SANTA BARBARA",UNINCORPORATED,-120.41960906982422,34.962059020996094
91503146,2021,2021-06-22,9760,2021-06-05,0103,020964,,6,3,9,4200,0,1,2,,2,011,"US-101 SOUTHBOUND","MILPAS ST",915.00,S,N,A,-,Y,,,,,,,,,,Y,2,0,3,2,A,-,01,23152,A,N,A,C,A,A,H,-,D,D,0,,,,,Y,Y,A,01,3,0,0,0,0,0,0,0,0,"- ","- ",34.419891357421875,-119.67385864257812,"SANTA BARBARA",UNINCORPORATED,-119.67585754394531,34.420211791992188
91507877,2021,2021-06-28,9760,2021-06-17,1945,018786,,4,2,9,4200,0,1,2,,1,040,"US-101 SOUTHBOUND","TAJIGUAS LANDFILL RD.",4800.00,N,N,B,-,Y,,,101,,,,,,S,Y,2,0,1,1,A,-,08,22107,,N,F,A,A,A,H,-,A,A,0,,,,,Y,,A,07,1,0,0,0,0,0,0,0,0,"- ","- ",34.474319458007812,-120.14510345458984,"SANTA BARBARA",UNINCORPORATED,-120.14510345458984,34.474365234375
91512064,2021,2021-07-02,9750,2021-06-27,0515,015514,,7,3,9,4200,0,1,3,,1,064,SR-166,"COTTONWOOD CANYON RD",17424.00,E,N,A,-,Y,,,166,,,,,,,Y,2,0,3,1,A,-,08,22107,,N,F,I,A,A,H,-,D,D,0,,,,,Y,Y,A,01,2,1,0,0,0,0,0,0,0,"- ","- ",35.002559661865234,-119.8365478515625,"SANTA BARBARA",UNINCORPORATED,-119.83660125732422,35.002498626708984
91516924,2021,2021-07-09,9755,2021-06-26,1245,019292,,6,1,9,4200,0,3,5,,2,050,"JALAMA RD.","JALAMA BEACH RD",9504.00,E,N,A,-,N,,,,,,,,,,N,2,0,1,1,C,-,18,,,N,F,C,A,A,H,-,A,D,0,,,Y,,Y,,-,"- ",1,0,0,0,0,0,0,0,1,"- ","- ",34.510879516601562,-120.49137115478516,"SANTA BARBARA",UNINCORPORATED,-120.49117279052734,34.510967254638672
91521824,2021,2021-11-01,9755,2021-07-03,1607,017378,,6,2,9,4200,0,1,3,,1,053,"RT 246","CAMPBELL RD (EAST)",0.00,,Y,A,-,Y,,,246,,,,,,,Y,2,0,2,3,A,-,09,21804,A,N,D,C,A,A,H,-,A,A,0,,,,,Y,,-,"- ",1,0,1,0,0,0,0,0,0,"- ","- ",34.652511596679688,-120.31468963623047,"SANTA BARBARA",UNINCORPORATED,-120.31470489501953,34.652488708496094
91522316,2021,2021-07-16,9760,2021-07-08,0850,016739,,4,1,9,4200,0,1,2,,2,010,"US-101 N/B (EL CAMINO REAL)","EVANS AVE.",1500.00,N,N,A,-,Y,,,101,,,,,,N,Y,2,0,1,2,A,-,03,22350,,N,C,C,A,A,D,-,A,D,0,,,Y,,Y,,C,02,1,0,0,0,0,0,0,0,1,"- ","- ",34.420810699462891,-119.60655975341797,"SANTA BARBARA",UNINCORPORATED,-119.60655975341797,34.420825958251953
91526230,2021,2021-07-26,9760,2021-07-11,0053,022291,,7,3,5,4203,0,1,2,,2,011,"US-101 NB","STATE STREET UNDERCROSSING",114.00,S,N,B,-,Y,,,101,,,,,,N,N,1,1,0,2,A,-,06,21951,,N,G,B,D,A,H,-,C,D,0,Y,,,,Y,,N,60,0,0,0,1,0,0,0,0,0,"- ","- ",34.415439605712891,-119.69290161132812,"SANTA BARBARA","SANTA BARBARA",-119.69291687011719,34.415458679199219
91526365,2021,2021-07-22,9750,2021-07-10,0214,017307,,6,3,9,4200,0,1,3,,1,012,SR-1,"BLACK RD",10032.00,N,N,A,-,Y,,,1,,,,,,,Y,2,0,1,1,A,-,01,23152,A,N,E,I,A,A,H,-,D,D,0,,,,,Y,Y,A,01,1,0,0,0,0,0,0,0,0,"- ","- ",34.898078918457031,-120.52307891845703,"SANTA BARBARA",UNINCORPORATED,-120.52326965332031,34.897792816162109
9153231,2020,2020-11-06,4203,2020-08-28,0802,25605,,5,5,5,4203,0,0,0,,0,,"SHORELINE DR","SHORELINE DR 801",0.00,,Y,A,-,N,,,,,,,,,,N,2,0,2,2,A,-,03,22350,,N,H,G,A,A,H,-,A,D,0,,Y,,,Y,,-,"- ",1,1,0,0,0,0,2,0,0,"- ","- ",34.402801513671875,-119.69786071777344,"SANTA BARBARA","SANTA BARBARA",-119.697936,34.403185000000001
91537648,2021,2021-08-05,9755,2021-07-28,0845,016999,,3,1,9,4200,0,1,2,,2,004,"US-101 S/B","JONATA PARK ROAD",0.00,,Y,A,-,Y,,,101,,,,,,S,Y,2,0,2,2,A,-,09,21802,A,N,D,C,A,A,H,-,A,D,0,,,,,Y,,A,01,1,1,0,0,0,0,0,0,0,"- ","- ",34.652870178222656,-120.18289184570312,"SANTA BARBARA",UNINCORPORATED,-120.18289184570312,34.652870178222656
91539780,2021,2021-08-09,9760,2021-07-30,0020,022291,,5,3,4,4214,0,1,2,,1,030,"US-101 N/B","LOS CARNEROS RD",1735.00,S,N,B,-,Y,,,101,,,,,,N,Y,2,0,1,1,A,-,01,23152,A,N,E,8,A,A,H,-,D,D,0,,,,,Y,Y,D,22,1,0,0,0,0,0,0,0,0,"- ","- ",34.438159942626953,-119.84705352783203,"SANTA BARBARA",GOLETA,-119.8470458984375,34.438137054443359
91539873,2021,2021-08-09,9760,2021-08-02,2200,021621,,1,3,4,4214,0,1,2,,1,030,"US-101 S/B","CATHEDRAL OAKS RD.",4913.00,S,N,A,-,Y,,,101,,,,,,S,Y,2,0,1,2,A,-,01,23152,A,N,B,C,A,A,H,-,C,D,0,,,,,Y,Y,A,01,1,0,0,0,0,0,0,0,0,"- ","- ",34.432369232177734,-119.88954925537109,"SANTA BARBARA",GOLETA,-119.88954925537109,34.432357788085938
91544473,2021,2022-04-07,9755,2021-05-03,0730,016058,,1,1,9,4200,0,1,2,,2,004,US-101,"LA LATA PLACE",1056.00,S,N,B,-,Y,,,101,,,,,,,Y,1,1,1,2,A,-,08,22107,,N,B,C,A,A,H,-,A,D,0,,,,,Y,,D,22,0,1,0,0,0,0,0,0,0,"- ","- ",34.526580810546875,-120.19803619384766,"SANTA BARBARA",UNINCORPORATED,-120.19804382324219,34.526580810546875
91547778,2021,2021-08-18,9750,2021-08-14,0015,020549,,6,3,9,4200,0,2,4,,1,024,"LAKEVIEW RD","ORCUTT RD",222.00,E,N,B,-,N,,,,,,,,,,Y,2,0,1,1,A,-,01,23152,A,N,H,A,A,A,H,-,C,D,0,,,,,Y,Y,A,01,1,0,0,0,0,0,0,0,0,"- ","- ",34.894428253173828,-120.43527984619141,"SANTA BARBARA",UNINCORPORATED,-120.43538665771484,34.894458770751953
91548857,2021,2021-11-30,9760,2021-08-10,1905,020752,,2,2,9,4200,0,3,5,,2,005,"EL COLEGIO ROAD W/B","STADIUM ROAD",165.00,W,N,A,-,N,,,,,,,,,,N,2,0,1,2,A,-,11,21954,A,N,G,B,D,A,H,-,B,D,0,Y,,,,Y,,N,60,1,0,0,0,1,0,0,0,0,"- ","- ",34.417411804199219,-119.85401153564453,"SANTA BARBARA",UNINCORPORATED,-119.85399627685547,34.417263031005859
91550196,2021,2021-08-20,9750,2021-08-11,0205,020511,,3,3,9,4200,0,1,3,,1,023,SR-135,"HARRIS GRADE RD",1258.00,N,N,A,-,Y,,,135,,,,,,,Y,2,0,1,1,A,-,01,23152,A,N,F,A,A,A,H,-,D,D,0,,,,,Y,Y,A,01,1,0,0,0,0,0,0,0,0,"- ","- ",34.768669128417969,-120.42730712890625,"SANTA BARBARA",UNINCORPORATED,-120.42731475830078,34.768665313720703
91555314,2021,2021-08-26,9760,2021-08-14,0020,020528,,6,3,4,4214,0,1,2,,2,020,"US-101 SB FROM FAIRVIEW AVE.","FAIRVIEW AVENUE",16.50,S,N,A,-,Y,,,101,,,,R,,S,Y,2,0,1,1,A,-,01,23152,A,N,E,I,A,A,H,-,C,A,0,,,,,Y,Y,A,01,1,0,0,0,0,0,0,0,0,"- ","- ",34.439071655273438,-119.83213043212891,"SANTA BARBARA",GOLETA,-119.83213043212891,34.439071655273438
91560645,2021,2021-09-01,9755,2021-06-22,1740,020483,,2,2,9,4200,0,1,3,,1,042,SR-154,"PARADISE ROAD",1594.00,W,N,A,-,Y,,,154,,,,,,,Y,1,1,0,1,A,-,03,22350,,N,F,A,A,A,H,-,A,D,0,,,Y,,Y,,C,02,0,0,0,0,0,0,0,1,0,"- ","- ",34.535308837890625,-119.86197662353516,"SANTA BARBARA",UNINCORPORATED,-119.86173248291016,34.535575866699219
91560648,2021,2021-09-01,9755,2021-06-24,1043,014820,,4,1,9,4200,0,3,5,,2,040,"BASELINE AVENUE","LINDA VISTA DRIVE",430.00,W,N,A,-,N,,,,,,,,,,Y,1,1,0,2,A,-,09,21801,A,N,D,C,A,A,H,-,A,D,0,,,Y,,Y,,A,07,0,0,0,0,0,0,0,1,0,"- ","- ",34.635349273681641,-120.03478240966797,"SANTA BARBARA",UNINCORPORATED,-120.03563690185547,34.635337829589844
91562605,2021,2021-09-03,9760,2021-08-24,0910,018418,,2,1,9,4200,0,1,3,,1,022,SR-154,"PAINTED CAVE ROAD",6336.00,E,N,A,-,Y,,,154,,,,,,,Y,2,0,1,1,A,-,08,22107,,M,F,A,A,A,H,-,A,D,0,,,,Y,Y,,F,26,1,0,0,0,0,0,0,0,0,"- ","- ",34.486751556396484,-119.78093719482422,"SANTA BARBARA",UNINCORPORATED,-119.78092193603516,34.486751556396484
9156396,2020,2021-01-20,4203,2020-09-20,1500,23135,,7,5,5,4203,0,0,0,,0,002,"CALLE PUERTO VALLARTA","CABRILLO BL",78.00,N,N,A,-,N,,,,,,,,,,N,2,0,1,3,A,-,08,22107,,N,C,G,A,A,H,-,A,D,0,,Y,,,Y,,L,04,1,0,0,0,0,0,1,0,0,"- ","- ",34.413921356201172,-119.67066192626953,"SANTA BARBARA","SANTA BARBARA",-119.67529296875,34.416404724121094
91564005,2021,2021-09-07,9760,2021-08-31,2150,022291,,2,2,5,4203,0,1,2,,2,011,"US-101 N/B FROM CABRILLO BLVD","CABRILLO BLVD",92.00,N,N,F,-,Y,,,101,,,,R,,N,Y,2,0,1,1,A,-,01,23152,A,N,E,8,A,B,H,-,C,D,0,,,,,Y,Y,A,01,1,0,0,0,0,0,0,0,0,"- ","- ",34.423080444335938,-119.65483856201172,"SANTA BARBARA","SANTA BARBARA",-119.65483856201172,34.423080444335938
91565765,2021,2021-09-08,9750,2021-08-31,1700,016874,,2,2,9,4200,0,1,3,,1,062,SR166,"PINE CANYON RD",36960.00,E,N,A,-,Y,,,166,,,,,,,Y,2,0,1,1,A,-,08,22107,,N,F,A,A,A,H,-,A,D,0,,,Y,,Y,,C,02,1,0,0,0,0,0,0,0,1,"- ","- ",35.09381103515625,-120.12883758544922,"SANTA BARBARA",UNINCORPORATED,-120.12883758544922,35.093910217285156
91574808,2021,2021-09-20,9760,2021-09-13,1651,021283,,1,2,9,4200,0,1,3,,1,022,SR-154,"PAINTED CAVE RD.",4752.00,E,N,A,-,Y,,,154,,,,,,,Y,2,0,1,2,A,-,21,22106,,N,D,C,A,A,H,-,A,D,0,,,Y,,Y,,C,06,1,0,0,0,0,0,0,0,1,"- ","- ",34.49005126953125,-119.78312683105469,"SANTA BARBARA",UNINCORPORATED,-119.78314208984375,34.490081787109375
91574890,2021,2021-09-20,9760,2021-09-14,1530,018786,,2,2,9,4200,0,3,5,,2,002,"CAMINO CORTO","ESTERO RD",100.00,S,N,A,-,N,,,,,,,,,,N,2,0,1,2,A,-,09,21804,A,N,D,G,A,A,H,-,A,D,0,,Y,,,Y,,L,04,1,0,0,0,0,0,1,0,0,"- ","- ",34.413238525390625,-119.86637115478516,"SANTA BARBARA",UNINCORPORATED,-119.86642456054688,34.413326263427734
91578692,2021,2021-10-22,9760,2021-07-15,0755,016739,,4,1,9,4200,0,1,2,,1,030,"US-101 N/B (EL CAMINO REAL)","EL CAPITAN RANCH ROAD",3696.00,S,N,A,-,Y,,,101,,,,,,N,Y,1,2,7,6,A,-,08,22107,,N,B,C,A,A,H,-,A,D,0,,,,Y,Y,,A,07,3,4,0,0,0,0,0,0,0,"- ","- ",34.459171295166016,-119.99224090576172,"SANTA BARBARA",UNINCORPORATED,-119.99224090576172,34.45916748046875
91588269,2021,2021-10-05,9760,2021-09-25,1610,018786,,6,2,9,4200,0,3,5,,2,004,"REFUGIO ROAD (FOREST ROUTE 5N12)",US-101,38544.00,N,N,A,-,N,,,,,,,,,,N,2,0,1,1,A,-,08,22107,,N,F,A,A,A,H,-,A,D,0,,,Y,,Y,,C,02,1,0,0,0,0,0,0,0,1,"- ","- ",34.535858154296875,-120.06797027587891,"SANTA BARBARA",UNINCORPORATED,-120.06890106201172,34.466251373291016
91591083,2021,2021-10-07,9755,2021-09-25,1430,020483,,6,2,9,4200,0,3,5,,2,050,"JALAMA RD","COJO BAY RD.",1000.00,N,N,A,-,N,,,,,,,,,,Y,2,0,1,1,A,-,08,22107,,N,H,A,A,A,H,-,A,D,0,,,Y,,Y,,C,02,1,0,0,0,0,0,0,0,1,"- ","- ",34.504451751708984,-120.49771881103516,"SANTA BARBARA",UNINCORPORATED,-120.49773406982422,34.504268646240234
9159443,2020,2020-12-21,4204,2020-10-02,1342,90753,18,5,5,5,4204,0,0,0,,0,003,"DEPOT ST","ENOS DR",25.00,N,N,A,-,,,,,,,,,,,Y,2,0,3,2,A,-,01,23152,A,N,A,C,A,A,H,-,A,A,0,,,,,Y,Y,A,07,1,2,0,0,0,0,0,0,0,"- ","- ",34.934841156005859,-120.44480895996094,"SANTA BARBARA","SANTA MARIA",-120.44475555419922,34.934738159179688
91595979,2021,2021-10-14,9755,2021-10-04,1430,021818,,1,2,9,4200,0,3,5,,2,050,"HARRIS GRADE RD","RUCKER RD",5861.00,N,N,A,-,N,,,,,,,,,,Y,2,0,1,1,A,-,08,22107,,N,E,I,A,A,H,-,A,D,0,,,,,Y,,A,07,1,0,0,0,0,0,0,0,0,"- ","- ",34.735969543457031,-120.43795013427734,"SANTA BARBARA",UNINCORPORATED,-120.43797302246094,34.726055145263672
9159986,2020,2020-11-19,4203,2020-09-30,2044,24580,,3,5,5,4203,0,0,0,,0,005,"STATE ST","LAS POSITAS RD",4.00,E,N,B,G,N,,,,,,,,,,Y,2,0,1,1,A,-,"- ",,,N,H,J,A,A,H,-,C,A,0,,Y,,,Y,,L,04,1,0,0,0,0,0,1,0,0,"- ","- ",,,"SANTA BARBARA","SANTA BARBARA",-119.73423004150391,34.440361022949219
9160205,2020,2020-11-10,4203,2020-09-16,1710,24576,,3,5,5,4203,0,0,0,,0,006,"CLIFF DR","ALAN RD",12.00,W,N,A,-,N,,,,,,,,,,Y,2,0,2,2,A,-,11,21950,B,N,G,B,B,A,H,-,B,D,0,Y,,,,Y,,N,60,1,1,0,0,1,0,0,0,0,"- ","- ",34.403568267822266,-119.73625946044922,"SANTA BARBARA","SANTA BARBARA",-119.74073028564453,34.404880523681641