CASE_ID,ACCIDENT_YEAR,PROC_DATE,JURIS,COLLISION_DATE,COLLISION_TIME,OFFICER_ID,REPORTING_DISTRICT,DAY_OF_WEEK,CHP_SHIFT,POPULATION,CNTY_CITY_LOC,SPECIAL_COND,BEAT_TYPE,CHP_BEAT_TYPE,CITY_DIVISION_LAPD,CHP_BEAT_CLASS,BEAT_NUMBER,PRIMARY_RD,SECONDARY_RD,DISTANCE,DIRECTION,INTERSECTION,WEATHER_1,WEATHER_2,STATE_HWY_IND,CALTRANS_COUNTY,CALTRANS_DISTRICT,STATE_ROUTE,ROUTE_SUFFIX,POSTMILE_PREFIX,POSTMILE,LOCATION_TYPE,RAMP_INTERSECTION,SIDE_OF_HWY,TOW_AWAY,COLLISION_SEVERITY,NUMBER_KILLED,NUMBER_INJURED,PARTY_COUNT,PRIMARY_COLL_FACTOR,PCF_CODE_OF_VIOL,PCF_VIOL_CATEGORY,PCF_VIOLATION,PCF_VIOL_SUBSECTION,HIT_AND_RUN,TYPE_OF_COLLISION,MVIW,PED_ACTION,ROAD_SURFACE,ROAD_COND_1,ROAD_COND_2,LIGHTING,CONTROL_DEVICE,CHP_ROAD_TYPE,PEDESTRIAN_ACCIDENT,BICYCLE_ACCIDENT,MOTORCYCLE_ACCIDENT,TRUCK_ACCIDENT,NOT_PRIVATE_PROPERTY,ALCOHOL_INVOLVED,STWD_VEHTYPE_AT_FAULT,CHP_VEHTYPE_AT_FAULT,COUNT_SEVERE_INJ,COUNT_VISIBLE_INJ,COUNT_COMPLAINT_PAIN,COUNT_PED_KILLED,COUNT_PED_INJURED,COUNT_BICYCLIST_KILLED,COUNT_BICYCLIST_INJURED,COUNT_MC_KILLED,COUNT_MC_INJURED,PRIMARY_RAMP,SECONDARY_RAMP,LATITUDE,LONGITUDE,COUNTY,CITY,POINT_X,POINT_Y
91602591,2021,2021-10-21,9755,2021-10-14,2020,020473,,4,2,9,4200,0,1,3,,1,055,SR-1,"SANTA LUCIA CANYON RD",1300.00,S,N,A,-,Y,,,1,,,,,,,Y,2,0,1,1,A,-,08,22107,,N,E,I,A,A,H,-,D,D,0,,,Y,,Y,,C,02,1,0,0,0,0,0,0,0,1,"- ","- ",34.709560394287109,-120.48780822753906,"SANTA BARBARA",UNINCORPORATED,-120.48775482177734,34.709583282470703
91603164,2021,2021-10-21,9755,2021-10-09,1837,020483,,6,2,9,4200,0,3,5,,2,050,"SANTA ROSA RD.",NONE,0.00,,Y,A,-,N,,,,,,,,,,Y,2,0,1,2,A,-,05,21752,A,N,A,C,A,A,H,-,B,D,0,,,,,Y,,A,07,1,0,0,0,0,0,0,0,0,"- ","- ",34.609928131103516,-120.36527252197266,"SANTA BARBARA",UNINCORPORATED,,
91604863,2021,2021-10-25,9760,2021-10-11,1750,020752,,1,2,9,4200,0,1,2,,1,040,"US-101 SOUTHBOUND","ARROYO QUEMADA LN.",4750.00,S,N,F,-,Y,,,101,,,,,,S,Y,2,0,1,1,A,-,08,22107,,N,F,A,A,A,H,-,B,D,0,,,,Y,Y,,G,25,1,0,0,0,0,0,0,0,0,"- ","- ",34.461128234863281,-120.08885955810547,"SANTA BARBARA",UNINCORPORATED,-120.08885955810547,34.461082458496094
91625642,2021,2021-11-16,9760,2021-11-06,1230,020528,,6,1,9,4200,0,3,5,,2,002,"CALLE REAL","TURNPIKE ROAD",0.00,,Y,A,-,N,,,,,,,,,,N,2,0,1,2,A,-,10,21950,A,N,G,B,B,A,H,-,A,A,0,Y,,,,Y,,A,01,1,0,0,0,1,0,0,0,0,"- ","- ",34.443729400634766,-119.78941345214844,"SANTA BARBARA",UNINCORPORATED,-119.78937530517578,34.443862915039062
91627557,2021,2021-11-17,9750,2021-11-07,1450,017616,,7,2,9,4200,0,1,2,,2,002,"US-101 N/B (EL CAMINO REAL)","SOLOMON ROAD",2112.00,S,N,A,-,Y,,,101,,,,,,N,Y,2,0,2,1,A,-,16,24002,A,N,F,A,A,A,H,-,A,D,0,,,Y,,Y,,C,02,2,0,0,0,0,0,0,0,2,"- ","- ",34.820331573486328,-120.35289764404297,"SANTA BARBARA",UNINCORPORATED,-120.35292816162109,34.820297241210938
91643415,2021,2021-12-06,9760,2021-12-04,1930,022291,,6,2,9,4200,0,1,2,,2,010,US-101,"SHEFFIELD OFFRAMP UNDERCROSSING",1500.00,N,N,A,-,Y,,,101,,,,,,,Y,2,0,1,1,A,-,01,23152,A,N,E,I,A,A,D,-,D,D,0,,,,,Y,Y,A,01,1,0,0,0,0,0,0,0,0,"- ","- ",34.421100616455078,-119.61923980712891,"SANTA BARBARA",UNINCORPORATED,-119.61923980712891,34.421119689941406
91646405,2021,2021-12-08,9750,2021-07-16,0055,017307,,5,3,9,4200,0,1,2,,2,002,"US-101 NORTHBOUND","CLARK AVE",2640.00,S,N,B,-,Y,,,101,,,,,,N,N,1,1,0,2,A,-,11,21956,A,N,G,B,E,A,H,-,D,D,0,Y,,,,Y,,N,60,0,0,0,1,0,0,0,0,0,"- ","- ",34.859470367431641,-120.3909912109375,"SANTA BARBARA",UNINCORPORATED,-120.39089965820312,34.859554290771484
91662104,2021,2021-12-27,9760,2021-12-17,1135,019464,,5,1,5,4203,0,1,2,,2,011,"US-101 SOUTHBOUND","MISSION STREET U/C",800.00,N,N,A,-,Y,,,101,,,,,,S,Y,2,0,1,2,A,-,08,22107,,N,E,I,A,A,H,-,A,D,0,,,,,Y,,A,01,1,0,0,0,0,0,0,0,0,"- ","- ",34.425979614257812,-119.72299957275391,"SANTA BARBARA","SANTA BARBARA",-119.72298431396484,34.426063537597656
91663353,2021,2021-12-28,9760,2021-12-24,0152,022547,,5,3,5,4203,0,1,2,,2,011,"US-101 NB FROM WEST HALEY ST.","WEST HALEY ST.",345.00,N,N,C,-,Y,,,101,,,,R,,N,Y,2,0,2,1,A,-,01,23152,A,N,F,A,A,B,H,-,C,D,0,,,,,Y,Y,D,22,1,1,0,0,0,0,0,0,0,"- ","- ",34.412570953369141,-119.70140075683594,"SANTA BARBARA","SANTA BARBARA",-119.70140075683594,34.412570953369141
91671528,2021,2022-01-05,9755,2021-12-30,0738,018901,,4,1,9,4200,0,1,2,,2,004,US-101,"GAVIOTA STATE BEACH RD",1056.00,N,N,B,-,Y,,,101,,,,,,,Y,2,0,1,2,A,-,03,22350,,N,C,E,A,B,H,-,A,D,0,,,,Y,Y,,A,01,1,0,0,0,0,0,0,0,0,"- ","- ",34.483261108398438,-120.23061370849609,"SANTA BARBARA",UNINCORPORATED,-120.23048400878906,34.483238220214844
91676798,2022,2022-01-12,9760,2022-01-10,1545,018786,,1,2,9,4200,0,3,5,,2,005,"DEL PLAYA DRIVE","CAMINO PESCADERO",85.00,W,N,A,-,N,,,,,,,,,,N,2,0,1,2,A,-,03,22350,,N,C,E,A,A,H,-,A,D,0,,Y,,,Y,,L,04,1,0,0,0,0,0,1,0,0,"- ","- ",34.409770965576172,-120.85901641845703,"SANTA BARBARA",UNINCORPORATED,-119.85899353027344,34.409751892089844
91682175,2022,2022-01-21,9750,2022-01-15,1600,017616,,6,2,9,4200,0,3,5,,2,020,"HARRIS GRADE ROAD",SR-135,7920.00,S,N,A,-,N,,,,,,,,,,Y,2,0,1,1,A,-,08,22107,,N,F,A,A,A,H,-,A,D,0,,,Y,,Y,,C,02,1,0,0,0,0,0,0,0,1,"- ","- ",34.748661041259766,-120.43583679199219,"SANTA BARBARA",UNINCORPORATED,-120.43486785888672,34.750675201416016
91684525,2022,2022-01-25,9760,2022-01-15,0205,021621,,6,3,9,4200,0,1,3,,1,022,SR-154,"PAINTED CAVE RD",1355.00,W,N,A,-,Y,SB,,154,,,26.437,H,,R,Y,2,0,3,2,A,-,05,21460,A,F,A,C,A,A,H,-,D,D,0,,,,,Y,,A,01,1,2,0,0,0,0,0,0,0,"- ","- ",34.49359130859375,-119.79905700683594,"SANTA BARBARA",UNINCORPORATED,-119.79903411865234,34.493606567382812
91685517,2022,2022-01-26,9760,2022-01-19,0545,017140,,3,3,9,4200,0,1,2,,2,011,"US-101 NORTHBOUND FROM BAILARD AVENUE","BAILARD AVENUE",15.00,N,N,B,-,Y,,,,,,,,,,N,2,0,1,2,A,-,09,21801,A,N,H,G,A,A,D,-,D,D,0,,Y,,,Y,,D,22,1,0,0,0,0,0,1,0,0,"- ","- ",34.388889312744141,-119.49783325195312,"SANTA BARBARA",UNINCORPORATED,-119.49812316894531,34.388500213623047
91685624,2022,2022-01-26,9755,2022-01-16,0257,020483,,7,3,9,4200,0,1,3,,1,042,SR-154,"LAKEVIEW DR.",1500.00,E,N,A,-,Y,SB,,154,,,15.156,H,,R,N,2,0,1,1,A,-,01,23152,A,N,F,J,A,A,H,-,D,D,0,,,,,Y,Y,D,22,1,0,0,0,0,0,0,0,0,"- ","- ",34.569679260253906,-119.95307159423828,"SANTA BARBARA",UNINCORPORATED,-119.95304107666016,34.569683074951172
91695728,2022,2022-02-08,9750,2022-01-29,1820,017616,,6,2,9,4200,0,3,5,,2,010,"MAHONEY ROAD",BETTERAVIA,110.00,S,N,A,-,N,,,,,,,,,,N,2,0,1,2,A,-,11,21956,A,N,G,B,E,A,H,-,D,D,0,Y,,,,Y,,N,60,1,0,0,0,1,0,0,0,0,"- ","- ",34.920581817626953,-120.47464752197266,"SANTA BARBARA",UNINCORPORATED,-120.47521209716797,34.920578002929688
91696879,2022,2022-02-09,9760,2022-02-05,1140,016739,,6,1,9,4200,0,3,5,,2,002,"NUECES DR.","NOGAL DR.",0.00,,Y,A,-,N,,,,,,,,,,N,2,0,1,2,A,-,08,22100,A,N,B,G,A,A,H,-,A,A,0,,Y,,,Y,,L,04,1,0,0,0,0,0,1,0,0,"- ","- ",34.436450958251953,-119.7711181640625,"SANTA BARBARA",UNINCORPORATED,-119.7711181640625,34.436321258544922
91700651,2022,2022-02-14,9750,2022-01-29,1745,018616,,6,2,9,4200,0,1,2,,2,002,"US-101 NORTHBOUND","SOLOMON'S SUMMIT",400.00,S,N,A,-,Y,,,,,,,,,,Y,2,0,3,1,A,-,01,23152,A,N,E,8,A,A,H,-,A,D,0,,,,,Y,Y,A,01,1,1,1,0,0,0,0,0,0,"- ","- ",34.824050903320312,-120.35694122314453,"SANTA BARBARA",UNINCORPORATED,-120.35713195800781,34.823818206787109
91704081,2022,2022-02-18,9750,2022-02-08,0720,016170,,2,1,9,4200,0,3,5,,2,020,"HARRIS GRADE RD",SR-135,4224.00,S,N,A,-,N,,,,,,,,,,Y,2,0,1,1,A,-,08,22107,,N,F,A,A,A,H,-,A,D,0,,,,,Y,,A,01,1,0,0,0,0,0,0,0,0,"- ","- ",34.757511138916016,-120.43019866943359,"SANTA BARBARA",UNINCORPORATED,-120.42902374267578,34.757427215576172
9170828,2020,2021-01-13,4204,2020-10-17,1541,90753,11,6,5,5,4204,0,0,0,,0,002,"BOONE ST","THORNBURG ST",200.00,E,N,A,-,N,,,,,,,,,,Y,2,0,1,2,A,-,09,21804,A,N,A,C,A,A,H,-,A,D,0,,,Y,,Y,Y,A,01,1,0,0,0,0,0,0,0,1,"- ","- ",34.946849822998047,-120.44065856933594,"SANTA BARBARA","SANTA MARIA",-120.43977355957031,34.947128295898438
91709685,2022,2022-02-25,9750,2022-02-14,0815,015514,,1,1,9,4200,0,1,2,,2,002,"US-101 N/B","PALMER ROAD",5280.00,N,N,A,-,Y,SB,,101,,,76.913,H,,R,Y,2,0,2,1,A,-,08,22107,,N,E,I,A,A,H,-,A,D,0,,,,,Y,,A,07,2,0,0,0,0,0,0,0,0,"- ","- ",34.803680419921875,-120.34281158447266,"SANTA BARBARA",UNINCORPORATED,-120.3428955078125,34.803657531738281
91711068,2022,2022-02-28,9760,2022-02-19,1645,022485,,6,2,3,4205,0,1,2,,2,010,"US-101 SB","CARPINTERIA AVENUE",300.00,N,N,A,-,Y,SB,,101,,,4.424,H,,L,N,2,0,1,2,A,-,08,22107,,F,B,C,A,A,H,-,A,D,0,,,,,Y,,-,99,1,0,0,0,0,0,0,0,0,"- ","- ",34.405689239501953,-119.5399169921875,"SANTA BARBARA",CARPINTERIA,-119.53990936279297,34.405723571777344
91712029,2021,2022-03-01,9750,2021-10-08,0827,017910,,5,1,9,4200,0,1,3,,1,012,SR-1,"BROWN ROAD",2112.00,S,N,B,-,Y,,,1,,,,,,,Y,1,1,1,4,A,-,03,22350,,N,C,C,A,A,D,-,A,A,0,,,Y,,Y,,A,01,0,1,0,0,0,0,0,1,0,"- ","- ",34.927028656005859,-120.56533050537109,"SANTA BARBARA",UNINCORPORATED,-120.56533813476562,34.927024841308594
91712352,2021,2022-03-01,9760,2021-08-25,0210,022547,,3,3,9,4200,0,1,2,,1,030,"US-101 NORTHBOUND","CALLE REAL (SIGNAL OIL)",0.00,,Y,A,-,Y,,,101,,,,,,N,Y,1,1,0,2,D,-,00,,,F,B,C,A,A,H,-,D,D,0,,,,,Y,,-,"- ",0,0,0,0,0,0,0,0,0,"- ","- ",34.439220428466797,-119.93314361572266,"SANTA BARBARA",UNINCORPORATED,-119.93313598632812,34.439224243164062
91712575,2022,2022-03-03,9755,2022-02-22,0558,022749,,2,3,9,4200,0,1,3,,1,055,"SR-1 S/B","CONSTELLATION RD",3696.00,S,N,B,C,Y,SB,,1,,R,24.431,H,,L,Y,2,0,1,1,A,-,03,22350,,N,E,I,A,B,H,-,D,D,0,,,,,Y,,A,01,1,0,0,0,0,0,0,0,0,"- ","- ",34.693328857421875,-120.45903778076172,"SANTA BARBARA",UNINCORPORATED,-120.45893859863281,34.693359375
91713292,2022,2022-03-02,9750,2022-02-23,2500,020549,,3,4,9,4200,0,1,3,,1,023,"SR-1 S/B","SAN ANTONIO EAST",3485.00,N,N,B,-,Y,SB,,1,,M,33.666,H,,L,Y,2,0,1,1,A,-,08,22107,,N,F,A,A,B,H,-,D,D,0,,,,,Y,,A,01,1,0,0,0,0,0,0,0,0,"- ","- ",34.779018402099609,-120.47647857666016,"SANTA BARBARA",UNINCORPORATED,-120.47648620605469,34.779251098632812
91714158,2022,2022-03-03,9760,2022-02-21,1015,018431,,1,1,9,4200,0,3,5,,2,005,"CAMINO CORTO","PASADO RD.",80.00,S,N,A,-,N,,,,,,,,,,N,2,0,1,1,A,-,03,22350,,N,F,A,A,A,H,-,A,D,0,,Y,,,Y,,L,04,1,0,0,0,0,0,1,0,0,"- ","- ",34.411460876464844,-119.86640930175781,"SANTA BARBARA",UNINCORPORATED,-119.86643218994141,34.4114990234375
91714596,2022,2022-03-03,9755,2022-02-23,0555,022749,,3,3,9,4200,0,1,2,,2,004,"US-101 S/B",SR-1,5280.00,N,N,B,-,N,,,,,,,,,,Y,2,0,1,1,A,-,03,22350,,N,E,I,A,B,H,-,D,D,0,,,,,Y,,A,07,1,0,0,0,0,0,0,0,0,"- ","- ",34.516998291015625,-120.21810150146484,"SANTA BARBARA",UNINCORPORATED,-120.21802520751953,34.516956329345703
91717716,2022,2022-03-08,9750,2022-01-19,1858,017616,,3,2,9,4200,0,3,5,,2,010,"BONITA SCHOOL ROAD","BONITA LATERAL ROAD",143.00,N,N,A,-,N,,,,,,,,,,Y,1,1,0,1,A,-,08,22107,,N,E,I,A,A,H,-,D,D,0,,,,,Y,,A,01,0,0,0,0,0,0,0,0,0,"- ","- ",34.962589263916016,-120.5093994140625,"SANTA BARBARA",UNINCORPORATED,-120.50949859619141,34.962966918945312
91728466,2022,2022-03-22,9760,2022-03-12,0150,020964,,6,3,9,4200,0,3,5,,2,002,SR-192,"LA CUMBRE RD",88.00,W,N,A,-,Y,SB,,192,,,0.720,H,,R,Y,2,0,1,1,A,-,08,22107,,M,E,8,A,A,H,-,C,D,0,,,,,Y,Y,D,22,1,0,0,0,0,0,0,0,0,"- ","- ",34.455181121826172,-119.75182342529297,"SANTA BARBARA",UNINCORPORATED,-119.751708984375,34.455101013183594
91730170,2021,2022-03-25,9750,2021-11-29,1330,015916,,1,1,9,4200,0,1,3,,1,064,"SR-166 (CHP OFFICERS IRVINE & STOVALL MEMORIAL HIG","SCHOOL HOUSE CANYON ROAD",1848.00,E,N,A,-,Y,,,166,,,,,,,Y,1,1,0,2,A,-,06,21750,,F,E,8,A,A,H,-,A,D,0,,,,,Y,,A,01,0,0,0,0,0,0,0,0,0,"- ","- ",35.001018524169922,-119.82846832275391,"SANTA BARBARA",UNINCORPORATED,-119.82847595214844,35.000942230224609
91731282,2022,2022-06-20,9755,2022-03-08,1939,018483,,2,2,9,4200,0,1,2,,2,004,"US-101 N/B",SR-154,1033.00,S,N,A,-,Y,SB,,101,,,62.477,H,,R,Y,2,0,3,2,A,-,01,23152,A,N,A,C,A,A,H,-,C,D,0,,,,Y,Y,Y,F,26,1,2,0,0,0,0,0,0,0,"- ","- ",34.684688568115234,-120.15651702880859,"SANTA BARBARA",UNINCORPORATED,-120.15653991699219,34.684688568115234
91738125,2022,2022-03-31,9760,2022-03-23,1446,018786,,3,2,9,4200,0,1,2,,1,030,"US-101 SOUTHBOUND","SIGNAL OIL",1300.00,N,N,A,-,Y,SB,,101,,,28.746,H,,L,Y,2,0,1,1,A,-,08,22107,,N,E,I,A,A,H,-,A,D,0,,,,,Y,,A,07,1,0,0,0,0,0,0,0,0,"- ","- ",34.439601898193359,-119.938720703125,"SANTA BARBARA",UNINCORPORATED,-119.938720703125,34.439609527587891
91738915,2022,2022-04-01,9750,2022-03-26,2215,020549,,6,3,9,4200,0,1,2,,2,001,"US-101 S/B",BROADWAY,225.00,N,N,B,-,Y,SB,,101,,,90.785,H,,L,Y,2,0,1,1,A,-,01,23152,A,M,E,I,A,A,H,-,D,D,0,,,,,Y,Y,-,"- ",1,0,0,0,0,0,0,0,0,"- ","- ",34.981708526611328,-120.43183135986328,"SANTA BARBARA",UNINCORPORATED,-120.43177032470703,34.981727600097656
91745307,2022,2022-04-11,9760,2022-04-02,1430,022853,,6,2,9,4200,0,3,5,,2,005,"EMBARCADERO DEL MAR","EL EMBARCADERO RD",0.00,,Y,A,-,N,,,,,,,,,,N,2,0,2,1,A,-,03,22350,,N,F,A,A,A,H,-,A,D,0,,,,,Y,Y,M,94,1,1,0,0,0,0,0,0,0,"- ","- ",34.410900115966797,-119.85611724853516,"SANTA BARBARA",UNINCORPORATED,-119.85623168945312,34.410877227783203
91745529,2022,2022-04-11,9760,2022-04-04,1455,022853,,1,2,9,4200,0,3,5,,2,005,"ABREGO RD","CAMINO DEL SUR",0.00,,Y,A,-,N,,,,,,,,,,N,2,0,1,2,A,-,12,22450,A,N,D,G,A,A,H,-,A,A,0,,Y,,,Y,,L,04,1,0,0,0,0,0,1,0,0,"- ","- ",34.414169311523438,-119.862548828125,"SANTA BARBARA",UNINCORPORATED,-119.86254119873047,34.414192199707031
9175250,2020,2021-01-06,4203,2020-10-17,1804,25596,1,6,5,5,4203,0,0,0,,0,001,"S SALINAS ST","RT 101",30.00,S,N,A,-,Y,SB,5,101,-,-,12.120,R,1,N,Y,2,0,4,2,A,-,01,23153,A,N,A,C,A,-,H,-,A,D,0,,,,,Y,Y,-,,1,2,1,0,0,0,0,0,0,"- ",NO,34.421718597412109,-119.66628265380859,"SANTA BARBARA","SANTA BARBARA",-119.66641235351562,34.421283721923828
91753427,2022,2022-04-21,9760,2022-04-11,1650,022853,,1,2,9,4200,0,3,5,,2,005,"PICASSO ROAD","CAMINO PESCADERO",530.00,W,N,A,-,N,,,,,,,,,,N,2,0,1,2,A,-,09,21804,A,M,D,G,A,A,H,-,A,D,0,,Y,,,Y,,L,04,1,0,0,0,0,0,1,0,0,"- ","- ",34.415229797363281,-119.86051177978516,"SANTA BARBARA",UNINCORPORATED,-119.86044311523438,34.415214538574219
91757559,2022,2022-04-27,9755,2022-04-16,1930,018483,,6,2,9,4200,0,1,3,,1,042,SR-154,"LAKEVIEW DRIVE",10771.00,E,N,A,-,Y,SB,,154,,,16.753,H,,R,N,2,0,1,2,A,-,08,22107,,F,H,G,A,A,H,-,B,D,0,,Y,,,Y,,A,01,1,0,0,0,0,0,1,0,0,"- ","- ",34.562068939208984,-119.92800140380859,"SANTA BARBARA",UNINCORPORATED,-119.92800903320312,34.562049865722656
91758700,2022,2022-05-02,9760,2022-04-19,1530,021283,,2,2,9,4200,0,1,3,,1,016,SR-150,"RINCON HILL RD.",986.00,E,N,A,-,Y,SB,,150,,,0.738,H,,R,Y,2,0,1,1,A,-,01,23152,A,M,E,I,A,A,H,-,A,D,0,,,,,Y,Y,A,08,1,0,0,0,0,0,0,0,0,"- ","- ",34.384658813476562,-119.47279357910156,"SANTA BARBARA",UNINCORPORATED,-119.47276306152344,34.384628295898438
91763407,2021,2022-10-03,9755,2021-03-25,0350,021818,,4,3,9,4200,0,1,3,,1,042,"SR-154 W/B","FOREST ROUTE 6N04",15.00,E,N,A,-,Y,,,154,,,,,,W,Y,1,1,1,2,A,-,01,23152,F,N,A,C,A,A,H,-,D,D,0,,,,,Y,,A,01,1,0,0,0,0,0,0,0,0,"- ","- ",34.567909240722656,-119.9517822265625,"SANTA BARBARA",UNINCORPORATED,-119.9517822265625,34.567905426025391
91766250,2022,2022-05-06,9760,2022-04-23,1351,022853,,6,1,9,4200,0,1,2,,2,010,US-101,"PADARO LN",525.00,N,N,A,-,Y,SB,,101,,R,5.403,H,,R,N,2,0,1,2,A,-,07,21658,A,N,B,C,A,A,H,-,A,D,0,,,Y,,Y,,A,01,1,0,0,0,0,0,0,0,1,"- ","- ",34.411888122558594,-119.55431365966797,"SANTA BARBARA",UNINCORPORATED,-119.55433654785156,34.411865234375
91768876,2022,2022-05-10,9760,2022-05-05,1230,015669,,4,1,9,4200,0,3,5,,2,005,"CAMINO DEL SUR","EL COLEGIO ROAD",0.00,,Y,A,-,N,,,,,,,,,,N,2,0,1,2,A,-,10,21950,A,N,G,B,B,A,H,-,A,A,0,Y,,,,Y,,A,01,1,0,0,0,1,0,0,0,0,"- ","- ",34.417469024658203,-119.86266326904297,"SANTA BARBARA",UNINCORPORATED,-119.86254119873047,34.417312622070312
91769902,2022,2022-05-11,9755,2022-05-04,1941,017378,,3,2,9,4200,0,1,3,,1,053,"SR 246 E/B","CAMPBELL RD. EAST",3168.00,W,N,A,-,Y,SB,,246,,R,17.584,H,,R,Y,2,0,3,3,A,-,04,21703,,N,C,C,A,A,H,-,B,D,0,,,,,Y,,-,"- ",1,2,0,0,0,0,0,0,0,"- ","- ",34.658218383789062,-120.32243347167969,"SANTA BARBARA",UNINCORPORATED,-120.32244873046875,34.658203125
91771159,2022,2022-05-13,9760,2022-05-04,0710,016739,,3,1,9,4200,0,1,3,,1,014,"SR-192 (E. VALLEY RD.)","PARK LN.",0.00,,Y,A,-,Y,SB,,192,,R,9.720,H,,R,N,2,0,1,2,A,-,09,21801,A,N,D,G,A,A,H,-,A,D,0,,Y,,,Y,,A,07,1,0,0,0,0,0,1,0,0,"- ","- ",34.439670562744141,-119.61849975585938,"SANTA BARBARA",UNINCORPORATED,-119.61849975585938,34.439632415771484
91773892,2022,2022-05-17,9760,2022-05-05,2110,022853,,4,2,9,4200,0,3,5,,2,005,"SABADO TARDE ROAD","CAMINO PESCADERO",0.00,,Y,A,-,N,,,,,,,,,,N,2,0,1,2,A,-,12,22450,A,N,D,C,A,A,H,-,C,A,0,,,,,Y,,M,94,1,0,0,0,0,0,0,0,0,"- ","- ",34.410480499267578,-119.85868072509766,"SANTA BARBARA",UNINCORPORATED,-119.85870361328125,34.410446166992188
91779449,2022,2022-05-24,9755,2022-05-17,1455,018483,,2,2,9,4200,0,1,3,,1,042,"SR-154 E/B","EDISON STEET",0.00,,Y,A,-,Y,SB,,154,,R,5.927,H,,R,Y,2,0,3,3,A,-,12,22450,A,N,D,C,A,A,H,-,A,A,0,,,,,Y,,A,07,1,1,1,0,0,0,0,0,0,"- ","- ",34.633651733398438,-120.08100128173828,"SANTA BARBARA",UNINCORPORATED,-120.08098602294922,34.633659362792969
91788490,2022,2022-06-06,9750,2022-05-27,1625,020511,,5,2,9,4200,0,1,2,,2,001,"US-101 S/B (EL CAMINO REAL)","SANTA MARIA WAY",5491.00,N,N,A,-,Y,SB,,101,,,85.414,H,,L,Y,2,0,2,2,A,-,03,22350,,N,C,C,A,A,G,-,A,D,0,,,,,Y,,A,01,2,0,0,0,0,0,0,0,0,"- ","- ",34.906600952148438,-120.41824340820312,"SANTA BARBARA",UNINCORPORATED,-120.41818237304688,34.906600952148438
91797712,2022,2022-06-17,9750,2022-05-27,1807,020511,,5,2,5,4204,0,1,2,,2,001,"US-101 S/B",BROADWAY,744.00,N,N,A,-,Y,SB,,101,,,90.888,H,,L,Y,2,0,1,3,D,-,00,,,N,B,C,A,A,H,-,A,D,0,,,Y,,Y,,-,"- ",1,0,0,0,0,0,0,0,1,"- ","- ",34.983230590820312,-120.43245697021484,"SANTA BARBARA","SANTA MARIA",-120.43246459960938,34.983226776123047
91797891,2022,2022-06-17,9750,2022-06-04,1751,020511,,6,2,9,4200,0,2,S,,2,025,"BELL ST","MAIN ST",0.00,,Y,A,-,N,,,,,,,,,,Y,2,0,1,2,A,-,09,21802,A,N,D,C,A,A,H,-,A,A,0,,,Y,,Y,,D,22,1,0,0,0,0,0,0,0,1,"- ","- ",34.74224853515625,-120.27194976806641,"SANTA BARBARA",UNINCORPORATED,-120.27193450927734,34.742221832275391
91801230,2022,2022-06-22,9755,2022-06-10,2220,020757,,5,3,9,4200,0,3,5,,2,050,"CENTRAL AVENUE","LEEGE AVENUE",1510.00,E,N,A,-,N,,,,,,,,,,Y,2,0,2,1,A,-,01,23152,A,N,F,A,A,A,H,-,D,D,0,,,,,Y,Y,A,07,1,1,0,0,0,0,0,0,0,"- ","- ",34.661239624023438,-120.49639129638672,"SANTA BARBARA",UNINCORPORATED,-120.49664306640625,34.661243438720703
91803037,2022,2022-06-24,9750,2022-01-01,2315,020511,,6,3,9,4200,0,3,5,,2,010,"BONITA SCHOOL RD.",SR-166,1003.00,N,N,A,-,N,,,,,,,,,,N,1,1,0,2,A,-,11,21954,A,F,G,B,E,A,H,-,D,D,0,Y,,,,Y,Y,N,60,0,0,0,1,0,0,0,0,0,"- ","- ",34.960128784179688,-120.50900268554688,"SANTA BARBARA",UNINCORPORATED,-120.5089111328125,34.959674835205078
91803039,2022,2022-06-24,9750,2022-02-15,1800,013267,,2,2,9,4200,0,1,2,,2,001,"US 101 SOUTHBOUND","CLARK AVENUE",2904.00,S,N,A,-,Y,SB,,101,,,81.601,H,,L,Y,1,1,0,1,A,-,01,23152,A,N,E,8,A,A,H,-,A,D,0,,,,,Y,,D,22,0,0,0,0,0,0,0,0,0,"- ","- ",34.85845947265625,-120.39044189453125,"SANTA BARBARA",UNINCORPORATED,-120.39039611816406,34.858486175537109
91810574,2022,2022-07-05,9760,2022-06-27,0023,022547,,1,3,9,4200,0,1,2,,2,010,"US-101 NB","SAN YSIDRO RD.",2760.00,S,N,A,-,Y,SB,,101,,,9.498,H,,R,Y,2,0,1,1,A,-,01,23152,A,N,E,I,A,A,H,-,D,D,0,,,Y,,Y,Y,C,02,1,0,0,0,0,0,0,0,1,"- ","- ",34.420921325683594,-119.62262725830078,"SANTA BARBARA",UNINCORPORATED,-119.62263488769531,34.420967102050781