CASE_ID,ACCIDENT_YEAR,PROC_DATE,JURIS,COLLISION_DATE,COLLISION_TIME,OFFICER_ID,REPORTING_DISTRICT,DAY_OF_WEEK,CHP_SHIFT,POPULATION,CNTY_CITY_LOC,SPECIAL_COND,BEAT_TYPE,CHP_BEAT_TYPE,CITY_DIVISION_LAPD,CHP_BEAT_CLASS,BEAT_NUMBER,PRIMARY_RD,SECONDARY_RD,DISTANCE,DIRECTION,INTERSECTION,WEATHER_1,WEATHER_2,STATE_HWY_IND,CALTRANS_COUNTY,CALTRANS_DISTRICT,STATE_ROUTE,ROUTE_SUFFIX,POSTMILE_PREFIX,POSTMILE,LOCATION_TYPE,RAMP_INTERSECTION,SIDE_OF_HWY,TOW_AWAY,COLLISION_SEVERITY,NUMBER_KILLED,NUMBER_INJURED,PARTY_COUNT,PRIMARY_COLL_FACTOR,PCF_CODE_OF_VIOL,PCF_VIOL_CATEGORY,PCF_VIOLATION,PCF_VIOL_SUBSECTION,HIT_AND_RUN,TYPE_OF_COLLISION,MVIW,PED_ACTION,ROAD_SURFACE,ROAD_COND_1,ROAD_COND_2,LIGHTING,CONTROL_DEVICE,CHP_ROAD_TYPE,PEDESTRIAN_ACCIDENT,BICYCLE_ACCIDENT,MOTORCYCLE_ACCIDENT,TRUCK_ACCIDENT,NOT_PRIVATE_PROPERTY,ALCOHOL_INVOLVED,STWD_VEHTYPE_AT_FAULT,CHP_VEHTYPE_AT_FAULT,COUNT_SEVERE_INJ,COUNT_VISIBLE_INJ,COUNT_COMPLAINT_PAIN,COUNT_PED_KILLED,COUNT_PED_INJURED,COUNT_BICYCLIST_KILLED,COUNT_BICYCLIST_INJURED,COUNT_MC_KILLED,COUNT_MC_INJURED,PRIMARY_RAMP,SECONDARY_RAMP,LATITUDE,LONGITUDE,COUNTY,CITY,POINT_X,POINT_Y
91811996,2022,2022-07-07,9760,2022-07-04,1800,022973,,1,2,9,4200,0,3,5,,2,002,"LAS PALMAS DR.","VIEJA DR.",0.00,,Y,A,-,N,,,,,,,,,,Y,2,0,1,2,A,-,09,21801,A,N,A,C,A,A,H,-,A,D,0,,,Y,,Y,,A,01,1,0,0,0,0,0,0,0,1,"- ","- ",34.434738159179688,-119.75995635986328,"SANTA BARBARA",UNINCORPORATED,-119.75985717773438,34.434719085693359
91812290,2022,2022-07-07,9750,2022-07-01,1455,020511,,5,2,9,4200,0,3,5,,2,030,"CLARK AVE.","TELEPHONE RD.",0.00,,Y,A,-,N,,,,,,,,,,Y,2,0,4,2,A,-,09,21802,A,N,D,C,A,A,H,-,A,A,0,,,,,Y,,A,01,1,1,2,0,0,0,0,0,0,"- ","- ",34.865310668945312,-120.38321685791016,"SANTA BARBARA",UNINCORPORATED,-120.38320159912109,34.865333557128906
91815206,2022,2022-07-12,9760,2022-07-05,0225,022485,,2,3,5,4203,0,1,2,,2,011,"US-101 NB","GARDEN ST",528.00,S,N,A,-,Y,SB,,101,,,13.414,H,,R,N,2,0,1,1,A,-,08,22107,,N,E,8,A,A,H,-,C,D,0,,,,,Y,,A,01,1,0,0,0,0,0,0,0,0,"- ","- ",34.419059753417969,-119.68859100341797,"SANTA BARBARA","SANTA BARBARA",-119.68859100341797,34.419059753417969
91839531,2022,2022-08-15,9760,2022-08-05,2200,022926,,5,3,9,4200,0,3,5,,2,002,"CALLE REAL","VIA LEE",0.00,,Y,A,-,N,,,,,,,,,,N,2,0,1,1,D,-,00,,,F,F,G,A,A,H,-,C,D,0,,Y,,,Y,,-,"- ",1,0,0,0,0,0,1,0,0,"- ","- ",34.443069458007812,-119.75509643554688,"SANTA BARBARA",UNINCORPORATED,-119.79225158691406,34.442398071289062
91840046,2022,2022-08-15,9760,2022-08-11,1755,022926,,4,2,9,4200,0,1,2,,1,030,"US-101 S/B","EL CAPITAN RANCH RD",3644.00,S,N,A,-,Y,SB,,101,,,33.526,H,,L,Y,2,0,1,1,A,-,01,23152,A,N,E,I,A,A,H,-,A,D,0,,,,,Y,Y,A,08,1,0,0,0,0,0,0,0,0,"- ","- ",34.462238311767578,-120.01567840576172,"SANTA BARBARA",UNINCORPORATED,-120.01566314697266,34.462345123291016
91845479,2022,2022-08-29,9760,2022-08-21,0200,022291,,7,3,9,4200,0,3,5,,2,002,"LAS PALMAS DR","LAYLA DRIVE",214.00,S,N,A,-,N,,,,,,,,,,Y,2,0,4,1,A,-,01,23152,A,N,E,I,A,A,H,-,D,D,0,,,,,Y,Y,A,01,4,0,0,0,0,0,0,0,0,"- ","- ",34.423198699951172,-119.76432037353516,"SANTA BARBARA",UNINCORPORATED,-119.76442718505859,34.423126220703125
91845613,2022,2022-08-22,9760,2022-08-15,0756,019385,,1,1,9,4200,0,3,5,,2,005,"STORKE ROAD","SIERRA MADRE COURT",0.00,,Y,A,-,N,,,,,,,,,,N,2,0,1,2,A,-,09,21801,A,N,D,G,A,A,H,-,A,A,0,,Y,,,Y,,A,01,1,0,0,0,0,0,1,0,0,"- ","- ",34.419181823730469,-119.86966705322266,"SANTA BARBARA",UNINCORPORATED,,
91847048,2022,2022-08-23,9755,2022-08-19,0855,020226,,5,1,9,4200,0,3,5,,2,040,"CHALK HILL ROAD","BALLARD CANYON ROAD",95.00,S,N,B,-,N,,,,,,,,,,N,2,0,1,1,A,-,08,22107,,N,F,A,A,A,H,-,A,D,0,,Y,,,Y,,L,04,1,0,0,0,0,0,1,0,0,"- ","- ",34.611740112304688,-120.15308380126953,"SANTA BARBARA",UNINCORPORATED,-120.15305328369141,34.611759185791016
91852098,2021,2022-08-29,9760,2021-12-29,2000,020423,,3,2,5,4203,0,1,2,,2,011,"US-101 S/B","MISSION STREET",900.00,S,N,B,C,Y,,,101,,,,,,S,Y,1,1,0,2,A,-,08,22107,,N,D,2,A,B,H,-,C,D,0,,,,,Y,,A,01,0,0,0,0,0,0,0,0,0,"- ","- ",34.423450469970703,-119.71759796142578,"SANTA BARBARA","SANTA BARBARA",-119.71762847900391,34.423412322998047
91852141,2022,2022-08-29,9760,2022-04-04,2358,022291,,1,3,5,4203,0,1,2,,2,011,"US-101 SOUTHBOUND","CASTILLO STREET",848.00,S,N,B,-,Y,SB,,101,,R,14.023,H,,L,N,1,1,0,2,A,-,11,21954,A,N,G,B,E,A,D,-,C,D,0,Y,,,,Y,,N,60,0,0,0,1,0,0,0,0,0,"- ","- ",34.41278076171875,-119.69621276855469,"SANTA BARBARA","SANTA BARBARA",-119.69622039794922,34.412796020507812
91855670,2022,2022-09-01,9750,2022-03-04,2059,020549,,5,2,9,4200,0,1,3,,1,021,"SR-135 S/B","UNION VALLEY PKY",1584.00,N,N,B,-,Y,SB,,135,,,10.374,H,,L,Y,1,1,2,2,A,-,01,23152,A,N,A,C,A,A,H,-,D,D,0,,,,,Y,,A,01,2,0,0,0,0,0,0,0,0,"- ","- ",34.875160217285156,-120.43668365478516,"SANTA BARBARA",UNINCORPORATED,-120.43671417236328,34.875160217285156
91865748,2022,2022-09-15,9760,2022-09-13,1235,023019,,2,1,9,4200,0,1,2,,1,040,"US 101 N/B","GAVIOTA STATE BEACH",528.00,S,N,A,-,Y,SB,,101,,R,46.242,H,,R,N,2,0,1,2,A,-,08,22107,,N,C,C,A,A,H,-,A,D,0,,,Y,,Y,,A,07,1,0,0,0,0,0,0,0,1,"- ","- ",34.476650238037109,-120.22779083251953,"SANTA BARBARA",UNINCORPORATED,-120.22784423828125,34.476631164550781
9186867,2020,2021-02-05,4204,2020-11-08,1410,90970,14,7,5,5,4204,0,0,0,,0,002,"STOWELL RD","SPEED ST",0.00,,Y,A,-,N,,,,,,,,,,N,2,0,3,3,A,-,12,22450,A,N,D,C,A,A,H,-,A,A,0,,,,,Y,,A,01,2,1,0,0,0,0,0,0,0,"- ","- ",34.938438415527344,-120.43316650390625,"SANTA BARBARA","SANTA MARIA",-120.43318939208984,34.938491821289062
91870245,2022,2022-09-21,9755,2022-09-19,1226,018483,,1,1,9,4200,0,1,2,,2,004,"US-101 S/B",SR-1,3696.00,N,N,C,-,Y,SB,,101,,R,49.649,H,,L,Y,2,0,1,1,A,-,03,22350,,N,C,I,A,B,H,-,A,D,0,,,,,Y,,A,01,1,0,0,0,0,0,0,0,0,"- ","- ",34.518180847167969,-120.21730041503906,"SANTA BARBARA",UNINCORPORATED,-120.21723937988281,34.518146514892578
91879985,2022,2022-10-03,9760,2022-09-24,1338,021283,,6,1,9,4200,0,3,5,,2,002,"FAIRVIEW AVE.","HOLIDAY HILL RD.",528.00,S,N,A,-,N,,,,,,,,,,N,2,0,1,1,A,-,03,22350,,N,F,I,A,A,H,-,A,D,0,,Y,,,Y,,L,04,1,0,0,0,0,0,1,0,0,"- ","- ",34.459991455078125,-119.83052062988281,"SANTA BARBARA",UNINCORPORATED,-119.83058166503906,34.461208343505859
91882387,2022,2022-10-05,9755,2022-10-03,1525,020483,,1,2,9,4200,0,1,3,,1,042,"SR-154 (SAN MARCOS PASS RD)","PARADISE RD.",1000.00,W,N,A,-,Y,SB,,154,,,21.375,H,,R,N,2,0,1,1,A,-,08,22107,,N,F,A,A,A,H,-,A,D,0,,,Y,,Y,,C,02,1,0,0,0,0,0,0,0,1,"- ","- ",34.535140991210938,-119.86105346679688,"SANTA BARBARA",UNINCORPORATED,-119.86106872558594,34.535118103027344
91893873,2022,2022-10-19,9760,2022-10-12,1546,018786,,3,2,9,4200,0,1,2,,1,030,"US-101 NORTHBOUND","VEREDA LEGENDA",300.00,S,N,C,-,Y,SB,,101,,,27.258,H,,R,Y,2,0,1,1,A,-,08,22107,,N,F,A,A,B,H,-,A,D,0,,,,,Y,,E,22,1,0,0,0,0,0,0,0,0,"- ","- ",34.433761596679688,-119.91378021240234,"SANTA BARBARA",UNINCORPORATED,-119.91376495361328,34.433792114257812
91894724,2022,2022-10-20,9755,2022-10-09,2030,020483,,7,2,9,4200,0,3,5,,2,050,"JALAMA RD.",SR-1,31680.00,W,N,A,-,N,,,,,,,,,,Y,2,0,1,1,A,-,03,22350,,M,E,I,A,A,H,-,D,D,0,,,,,Y,,A,01,1,0,0,0,0,0,0,0,0,"- ","- ",34.525249481201172,-120.40660858154297,"SANTA BARBARA",UNINCORPORATED,-120.40183258056641,34.526103973388672
91900646,2022,2022-10-27,9760,2022-10-15,1412,022926,,6,2,9,4200,0,1,3,,1,022,SR-154,"WEST CAMINO CIELO",1508.00,W,N,B,-,Y,SB,,154,,,24.881,H,,R,Y,2,0,1,1,A,-,03,22350,,N,F,A,A,B,H,-,A,D,0,,,Y,,Y,,C,02,1,0,0,0,0,0,0,0,1,"- ","- ",34.505989074707031,-119.81697845458984,"SANTA BARBARA",UNINCORPORATED,-119.81696319580078,34.506015777587891
91901393,2022,2022-10-27,9760,2022-10-21,1520,021283,,5,2,5,4203,0,1,2,,2,011,"US-101 S/B","CASTILLO ST.",479.00,N,N,A,-,Y,SB,,101,,R,14.283,H,,L,Y,2,0,1,3,A,-,08,22107,,N,B,C,A,A,H,-,A,A,0,,,Y,Y,Y,,C,02,1,0,0,0,0,0,0,0,1,"- ","- ",34.412128448486328,-119.70086669921875,"SANTA BARBARA","SANTA BARBARA",-119.70085144042969,34.412216186523438
9190640,2020,2021-02-01,4202,2020-09-28,1008,230,4202,1,5,4,4202,0,0,0,,0,,"OCEAN AVE","RT 144",35.00,E,N,A,-,Y,SB,5,1,-,-,20.560,H,-,N,Y,2,0,2,2,A,-,03,22350,,N,C,C,A,A,H,-,A,A,0,,,,,Y,,A,01,1,0,1,0,0,0,0,0,0,"- ","- ",,,"SANTA BARBARA",LOMPOC,-120.45777893066406,34.639019012451172
91909202,2022,2022-11-03,9750,2022-05-09,0940,016170,,1,1,5,4204,0,1,2,,2,001,"US-101 N/B","MAIN ST.",1056.00,N,N,A,-,Y,SB,,101,,,88.841,H,,R,Y,1,1,0,2,A,-,07,21658,A,N,B,C,A,A,H,-,A,D,0,,,,,Y,,A,01,0,0,0,0,0,0,0,0,0,"- ","- ",34.956268310546875,-120.41732025146484,"SANTA BARBARA","SANTA MARIA",-120.417236328125,34.956272125244141
91911255,2022,2022-11-07,9750,2022-10-29,2110,020765,,6,2,9,4200,0,3,5,,2,020,"SR-135 N/B","GRACIOSA ROAD",119.00,S,N,A,-,Y,SB,,135,,M,9.586,H,,R,Y,2,0,1,1,A,-,01,23152,A,N,E,I,A,A,H,-,D,D,0,,,Y,,Y,Y,C,02,1,0,0,0,0,0,0,0,1,"- ","- ",34.772369384765625,-120.42877197265625,"SANTA BARBARA",UNINCORPORATED,-120.42866516113281,34.772396087646484
91916668,2022,2022-11-14,9760,2022-10-29,0945,019385,,6,1,9,4200,0,1,3,,1,014,"STATE ROUTE 192 (SYCAMORE CAYNON ROAD)","CHELHAM WAY",535.00,W,N,A,-,Y,SB,,192,,,6.509,H,,R,Y,2,0,1,2,A,-,08,22107,,N,A,C,A,A,H,-,A,D,0,,,Y,,Y,,C,02,1,0,0,0,0,0,0,0,1,"- ","- ",34.441761016845703,-119.66710662841797,"SANTA BARBARA",UNINCORPORATED,-119.66709136962891,34.4417724609375
91916962,2022,2022-11-14,9760,2022-11-08,1426,018418,,2,2,3,4205,0,1,2,,2,010,"U.S. 101 N/B","SANTA MONICA RD",400.00,S,N,C,-,Y,SB,,101,,,3.708,H,,R,N,2,0,1,2,A,-,03,22350,,N,E,I,A,B,H,-,A,A,0,,,,,Y,,A,01,1,0,0,0,0,0,0,0,0,"- ","- ",34.403621673583984,-119.52760314941406,"SANTA BARBARA",CARPINTERIA,-119.52761077880859,34.403575897216797
91918533,2022,2022-11-15,9750,2022-11-06,0155,020549,,7,3,9,4200,0,1,2,,2,002,"US-101 S/B","PALMER ROAD",5280.00,N,N,B,E,Y,SB,,101,,,76.861,H,,L,Y,2,0,2,1,A,-,01,23152,A,N,E,I,A,A,H,-,D,D,0,,,,,Y,,D,22,1,1,0,0,0,0,0,0,0,"- ","- ",34.802780151367188,-120.34291839599609,"SANTA BARBARA",UNINCORPORATED,-120.34288024902344,34.802787780761719
91924122,2022,2022-11-22,9755,2022-09-12,2215,021498,,1,3,9,4200,0,3,5,,2,040,"BALLARD CANYON ROAD NORTHBOUND","ROBLE BLANCO ROAD",1584.00,N,N,A,-,N,,,,,,,,,,Y,1,1,3,1,A,-,03,22350,,N,E,I,A,A,H,-,D,D,0,,,,,Y,,A,01,3,0,0,0,0,0,0,0,0,"- ","- ",34.621498107910156,-120.14900970458984,"SANTA BARBARA",UNINCORPORATED,-120.14921569824219,34.622165679931641
91927115,2022,2022-11-28,9760,2022-11-01,1015,015669,,2,1,9,4200,0,1,2,,2,020,"US-101 N/B TO EL SUENO ROAD","CALLE REAL",44.00,S,N,A,-,Y,,,,,,,,,,Y,2,0,2,1,A,-,08,22107,,N,E,I,A,A,H,-,A,D,0,,,,,Y,,A,07,1,1,0,0,0,0,0,0,0,"- ","- ",34.441291809082031,-119.76930999755859,"SANTA BARBARA",UNINCORPORATED,-119.76930999755859,34.441291809082031
91927125,2022,2022-11-28,9760,2022-11-15,0530,016739,,2,3,5,4203,0,1,2,,2,011,"US-101 S/B (EL CAMINO REAL)","CARRILLO ST.",440.00,N,N,A,-,Y,SB,,101,,R,14.863,H,,L,Y,2,0,6,5,A,-,08,22107,,N,E,I,A,A,H,-,D,D,0,,,,,Y,,A,01,1,3,2,0,0,0,0,0,0,"- ","- ",34.417148590087891,-119.70864868164062,"SANTA BARBARA","SANTA BARBARA",-119.70868682861328,34.417102813720703
91934213,2022,2022-12-05,9760,2022-11-26,1722,022459,,6,2,9,4200,0,1,2,,2,010,"US 101 NORTHBOUND","SHEFFIELD DRIVE UNDERCROSSING",1500.00,S,N,A,-,Y,SB,,101,,,8.812,H,,R,Y,2,0,1,4,A,-,03,22350,,N,C,C,A,A,H,-,C,D,0,,,Y,,Y,,A,07,1,0,0,0,0,0,0,0,1,"- ","- ",34.421440124511719,-119.61074829101562,"SANTA BARBARA",UNINCORPORATED,-119.61074066162109,34.421485900878906
91935532,2022,2023-05-16,9755,2022-10-28,0405,021818,,5,3,9,4200,0,1,3,,1,051,"RT 1","SAN JULIAN ROAD",7814.00,N,N,A,-,Y,SB,,1,,R,2.172,H,,R,Y,1,2,1,2,A,-,01,23152,F,N,A,C,A,A,H,-,D,D,0,,,,,Y,,A,01,1,0,0,0,0,0,0,0,0,"- ","- ",34.518161773681641,-120.26154327392578,"SANTA BARBARA",UNINCORPORATED,-120.26154327392578,34.518138885498047
91940902,2022,2022-12-13,9755,2022-09-28,0755,019464,,3,1,9,4200,0,1,3,,1,055,"STATE ROUTE 1 SOUTHBOUND","SANTA LUCIA CANYON ROAD",3168.00,N,N,A,-,Y,SB,,1,,R,27.294,H,,L,Y,1,1,2,1,A,-,08,22107,,N,F,A,A,A,H,-,A,D,0,,,,,Y,,A,07,2,0,0,0,0,0,0,0,0,"- ","- ",34.721168518066406,-120.49259948730469,"SANTA BARBARA",UNINCORPORATED,-120.49262237548828,34.721157073974609
91944026,2022,2022-12-16,9755,2022-12-11,0050,021818,,7,3,9,4200,0,1,3,,1,042,"SR-154 W/B","LAKEVIEW DRIVE",10296.00,E,N,C,-,Y,SB,,154,,,16.662,H,,L,Y,2,0,3,2,A,-,03,22350,,N,E,9,A,B,B,-,D,D,0,,,,,Y,,A,01,3,0,0,0,0,0,0,0,0,"- ","- ",34.5625,-119.92951202392578,"SANTA BARBARA",UNINCORPORATED,-119.92952728271484,34.562461853027344
91949676,2022,2022-12-22,9760,2022-12-15,1020,015669,,4,1,9,4200,0,1,2,,2,011,"US-101 NB TO BATH STREET","BATH STREET",528.00,E,N,A,-,Y,SB,,101,,R,13.988,H,,R,N,2,0,1,1,A,-,08,22107,,N,E,8,A,A,H,-,A,D,0,,,,,Y,,A,01,1,0,0,0,0,0,0,0,0,"- ","- ",34.413288116455078,-119.6959228515625,"SANTA BARBARA",UNINCORPORATED,-119.69583129882812,34.413169860839844
91955640,2022,2022-12-29,9750,2022-12-19,2300,016874,,1,3,9,4200,0,1,3,,1,022,"SR-1 (CABRILLO HIGHWAY)","SAN ANTONIO ROAD (EAST)",11088.00,N,N,A,-,Y,SB,,1,,M,35.111,H,,R,Y,2,0,1,2,A,-,01,23152,A,N,D,C,A,A,H,-,D,D,0,,,,Y,Y,Y,A,01,1,0,0,0,0,0,0,0,0,"- ","- ",34.791069030761719,-120.45713043212891,"SANTA BARBARA",UNINCORPORATED,-120.45702362060547,34.790950775146484
91961446,2022,2023-01-06,9755,2022-12-28,0135,022749,,3,3,9,4200,0,1,2,,2,004,"US-101 N/B",SR-1,5280.00,S,N,B,-,N,,,,,,,,,,Y,2,0,2,1,A,-,03,22350,,N,E,I,A,B,H,-,D,D,0,,,,,Y,,D,22,1,1,0,0,0,0,0,0,0,"- ","- ",34.493148803710938,-120.22686767578125,"SANTA BARBARA",UNINCORPORATED,-120.22683715820312,34.493186950683594
91966886,2023,2023-01-12,9755,2023-01-03,"712 ",016999,,2,1,9,4200,0,1,2,,2,004,"NB US-101",SR-154,12514.00,N,N,B,-,Y,SB,,101," "," ",65.484,H,,R,Y,2,0,1,1,A,-,08,22107,,N,E,I,A,B,H,-,A,D,0,,,,,Y,,A,01,1,0,0,0,0,0,0,0,0,"- ","- ",34.713119506835938,-120.18614959716797,"SANTA BARBARA",UNINCORPORATED,-120.18619537353516,34.713062286376953
91972271,2023,2023-01-19,9760,2023-01-18,1952,018786,,3,2,4,4214,0,1,3,,2,027,"EASTBOUND SR-217","SANDSPIT ROAD",1500.00,E,N,A,-,Y,SB,,217," "," ",1.039,H,,R,Y,2,0,1,1,A,-,03,22350,,N,F,A,A,A,H,-,C,D,0,,,Y,,Y,,C,02,1,0,0,0,0,0,0,0,1,"- ","- ",34.420799255371094,-119.82978820800781,"SANTA BARBARA",GOLETA,-119.82975006103516,34.420772552490234
91985308,2023,2023-02-02,9755,2023-02-01,1145,016058,,3,1,9,4200,0,1,2,,2,004,"US 101 N/B","SANTA ROSA ROAD",5280.00,S,N,A,-,Y,SB,,101," "," ",55.516,H,,R,Y,2,0,1,1,A,-,01,23152,A,N,E,I,A,A,H,-,A,D,0,,,,,Y,Y,A,07,1,0,0,0,0,0,0,0,0,"- ","- ",34.589809417724609,-120.19196319580078,"SANTA BARBARA",UNINCORPORATED,-120.19202423095703,34.589778900146484
91988308,2022,2023-02-07,9750,2022-10-03,2233,020549,,1,3,9,4200,0,1,2,,2,001,"US-101 S/B (EL CAMINO REAL)","SANTA MARIA WAY",2640.00,N,N,A,-,Y,SB,,101,,,85.004,H,,L,Y,1,1,2,3,A,-,01,23152,A,N,A,C,A,A,H,-,C,D,0,,,,,Y,Y,A,07,1,0,1,0,0,0,0,0,0,"- ","- ",34.900650024414062,-120.41824340820312,"SANTA BARBARA",UNINCORPORATED,-120.41825103759766,34.900650024414062
91988851,2022,2023-02-07,9760,2022-08-31,0959,019385,,3,1,5,4203,0,1,2,,2,011,"US 101 NORTHBOUND","EAST CABRILLO BOULEVARD",1584.00,N,N,A,-,Y,SB,,101,,,11.758,H,,R,Y,1,1,0,4,A,-,03,22350,,N,C,C,A,A,H,-,A,D,0,,,Y,,Y,,C,02,0,0,0,0,0,0,0,1,0,"- ","- ",34.423030853271484,-119.66036224365234,"SANTA BARBARA","SANTA BARBARA",-119.66035461425781,34.423007965087891
91996497,2022,2023-02-16,9750,2022-07-02,2206,020765,,6,3,9,4200,0,1,3,,1,022,"SR-1 N/B (CABRILLO HIGHWAY)","US AIR FORCE INSTALLATION ROAD C6",380.00,N,N,A,-,Y,SB,,1,,M,35.185,H,,R,Y,1,1,3,2,A,-,01,23152,A,F,C,C,A,A,H,-,D,D,0,,,,,Y,Y,A,01,0,1,2,0,0,0,0,0,0,"- ","- ",34.791511535644531,-120.4559326171875,"SANTA BARBARA",UNINCORPORATED,-120.4559326171875,34.791515350341797
9200225,2020,2021-01-14,4200,2020-11-02,1158,4608,14,1,5,4,4214,0,0,0,,0,050,"CALLE REAL","VALDEZ AV",0.00,,Y,A,-,N,,,,,,,,,,Y,2,0,2,2,A,-,09,21801,A,N,D,C,A,A,H,-,A,D,0,,,,,Y,,A,07,1,1,0,0,0,0,0,0,0,"- ","- ",,,"SANTA BARBARA",GOLETA,-119.83769226074219,34.439300537109375
9200280,2020,2021-02-10,4204,2020-12-03,2057,90970,11,4,5,5,4204,0,0,0,,0,002,BROADWAY,"BOONE ST",0.00,,Y,A,-,,,,135,,,,,,,,2,0,1,4,A,-,01,23152,A,F,A,E,A,A,H,-,C,A,0,,,,,Y,Y,D,22,1,0,0,0,0,0,0,0,0,"- ","- ",34.946060180664062,-120.43573760986328,"SANTA BARBARA","SANTA MARIA",-120.4359130859375,34.946063995361328
92004019,2022,2023-02-27,9760,2022-07-07,0448,021283,,4,3,9,4200,0,1,2,,1,040,"US-101 N/B","BECKSTEAD O/C",7392.00,S,N,A,-,Y,SB,,101,,,43.445,H,,R,Y,1,1,0,1,A,-,08,22107,,N,E,I,A,A,H,-,D,D,0,,,,Y,Y,,G,25,0,0,0,0,0,0,0,0,0,"- ","- ",34.471660614013672,-120.18289947509766,"SANTA BARBARA",UNINCORPORATED,-120.18289947509766,34.471675872802734
92006967,2023,2023-03-01,9765,2023-02-24,2200,022926,,5,3,9,4200,0,1,2,,1,101,"US 101 N/B (VENTURA FREEWAY)","BATES RD",1962.00,S,N,C,-,Y,VEN,,101," "," ",43.205,H,,R,Y,2,0,2,1,A,-,03,22350,,N,E,I,A,B,H,-,C,D,0,,,,,Y,,D,22,1,1,0,0,0,0,0,0,0,"- ","- ",34.376369476318359,-119.47103118896484,"SANTA BARBARA",UNINCORPORATED,-119.47103881835938,34.376438140869141
92007753,2023,2023-03-02,9755,2023-02-06,1421,023112,,1,2,9,4200,0,3,5,,2,040,"BALLARD CANYON RD","BISON LN",250.00,N,N,A,-,N,,,,,,,,,,N,2,0,1,2,A,-,03,22350,,N,B,G,A,A,H,-,A,D,0,,Y,,,Y,,L,04,1,0,0,0,0,0,1,0,0,"- ","- ",34.652721405029297,-120.125732421875,"SANTA BARBARA",UNINCORPORATED,-120.12586975097656,34.652450561523438
92010434,2023,2023-03-06,9755,2023-02-23,"855 ",016999,,4,1,9,4200,0,1,2,,2,004,"US-101 N/B",SR-1,3700.00,S,N,B,C,Y,SB,,101," "," ",48.105,H,,R,Y,2,0,2,1,A,-,03,22350,,N,E,I,A,B,H,-,A,D,0,,,,,Y,,D,22,1,1,0,0,0,0,0,0,0,"- ","- ",34.49951171875,-120.23013305664062,"SANTA BARBARA",UNINCORPORATED,-120.23013305664062,34.499515533447266
92017373,2022,2023-03-14,9755,2022-11-01,1935,020757,,2,2,9,4200,0,1,2,,2,004,"US-101 N/B","GAVIOTA TUNNEL",1162.00,N,N,B,-,Y,SB,,101,,,47.493,H,,R,Y,1,1,2,1,A,-,03,22350,,N,E,I,A,B,H,-,D,D,0,,,,,Y,,D,22,2,0,0,0,0,0,0,0,0,"- ","- ",34.492530822753906,-120.22627258300781,"SANTA BARBARA",UNINCORPORATED,-120.22631072998047,34.492511749267578
92029219,2023,2023-03-27,9760,2023-03-19,1840,020423,,7,2,5,4203,0,1,2,,2,011,"US-101 N/B","MILPAS ST",335.00,S,N,B,-,Y,SB,,101," "," ",12.688,H,,R,Y,2,0,1,2,A,-,08,22107,,N,E,C,A,A,H,-,A,D,0,,,,Y,Y,,A,01,1,0,0,0,0,0,0,0,0,"- ","- ",34.420398712158203,-119.67608642578125,"SANTA BARBARA","SANTA BARBARA",-119.67608642578125,34.420421600341797
92030685,2023,2023-03-28,9755,2023-03-12,"840 ",016999,,7,1,9,4200,0,1,2,,2,004,"US-101 S/B","OLD COAST HIGHWAY",2480.00,N,N,B,-,Y,SB,,101," "," ",52.834,H,,L,Y,2,0,7,2,A,-,07,21658,A,F,B,C,A,A,H,-,A,D,0,,,,,Y,,A,07,1,2,4,0,0,0,0,0,0,"- ","- ",34.552829742431641,-120.19152069091797,"SANTA BARBARA",UNINCORPORATED,-120.19154357910156,34.552829742431641
92038632,2022,2023-05-08,9755,2022-07-28,0741,019464,,4,1,9,4200,0,1,3,,1,055,"STATE ROUTE 1 NORTHBOUND","FIREFIGHTER ROAD",1584.00,N,N,B,-,Y,SB,,1,,M,31.525,H,,R,Y,1,1,2,5,A,-,08,22107,,N,A,2,A,A,H,-,A,D,0,,,Y,,Y,,A,07,1,0,1,0,0,0,0,1,0,"- ","- ",34.772079467773438,-120.51107788085938,"SANTA BARBARA",UNINCORPORATED,-120.51103973388672,34.772068023681641
92038942,2023,2023-04-06,9755,2023-03-29,1830,019446,,3,2,9,4200,0,1,2,,2,004,"US-101 N/B",SR-1,5280.00,S,N,B,C,Y,SB,,101," "," ",47.558,H,,R,Y,2,0,1,1,A,-,03,22350,,N,E,I,A,B,H,-,A,D,0,,,,,Y,,D,22,1,0,0,0,0,0,0,0,0,"- ","- ",34.493259429931641,-120.22696685791016,"SANTA BARBARA",UNINCORPORATED,-120.22695159912109,34.493274688720703