CASE_ID,ACCIDENT_YEAR,PROC_DATE,JURIS,COLLISION_DATE,COLLISION_TIME,OFFICER_ID,REPORTING_DISTRICT,DAY_OF_WEEK,CHP_SHIFT,POPULATION,CNTY_CITY_LOC,SPECIAL_COND,BEAT_TYPE,CHP_BEAT_TYPE,CITY_DIVISION_LAPD,CHP_BEAT_CLASS,BEAT_NUMBER,PRIMARY_RD,SECONDARY_RD,DISTANCE,DIRECTION,INTERSECTION,WEATHER_1,WEATHER_2,STATE_HWY_IND,CALTRANS_COUNTY,CALTRANS_DISTRICT,STATE_ROUTE,ROUTE_SUFFIX,POSTMILE_PREFIX,POSTMILE,LOCATION_TYPE,RAMP_INTERSECTION,SIDE_OF_HWY,TOW_AWAY,COLLISION_SEVERITY,NUMBER_KILLED,NUMBER_INJURED,PARTY_COUNT,PRIMARY_COLL_FACTOR,PCF_CODE_OF_VIOL,PCF_VIOL_CATEGORY,PCF_VIOLATION,PCF_VIOL_SUBSECTION,HIT_AND_RUN,TYPE_OF_COLLISION,MVIW,PED_ACTION,ROAD_SURFACE,ROAD_COND_1,ROAD_COND_2,LIGHTING,CONTROL_DEVICE,CHP_ROAD_TYPE,PEDESTRIAN_ACCIDENT,BICYCLE_ACCIDENT,MOTORCYCLE_ACCIDENT,TRUCK_ACCIDENT,NOT_PRIVATE_PROPERTY,ALCOHOL_INVOLVED,STWD_VEHTYPE_AT_FAULT,CHP_VEHTYPE_AT_FAULT,COUNT_SEVERE_INJ,COUNT_VISIBLE_INJ,COUNT_COMPLAINT_PAIN,COUNT_PED_KILLED,COUNT_PED_INJURED,COUNT_BICYCLIST_KILLED,COUNT_BICYCLIST_INJURED,COUNT_MC_KILLED,COUNT_MC_INJURED,PRIMARY_RAMP,SECONDARY_RAMP,LATITUDE,LONGITUDE,COUNTY,CITY,POINT_X,POINT_Y
92040688,2023,2023-04-10,9760,2023-03-30,"55  ",022912,,4,3,9,4200,0,3,5,,2,002,"MODOC RD","ENCORE DR (WEST)",216.00,E,N,C,-,N,,,,,,,,,,Y,2,0,1,1,A,-,08,22107,,N,E,I,A,B,H,-,C,D,0,,,,,Y,,-,"- ",1,0,0,0,0,0,0,0,0,"- ","- ",34.437808990478516,-119.76579284667969,"SANTA BARBARA",UNINCORPORATED,-119.76580047607422,34.437873840332031
92043124,2023,2023-04-12,9760,2023-04-07,1733,022459,,5,2,9,4200,0,1,2,,2,020,"US 101 SB","PATTERSON AVE.",400.00,N,N,A,-,Y,SB,,101," "," ",21.252,H,,L,Y,2,0,3,2,A,-,03,22350,,N,B,3,A,A,H,-,A,A,0,,,,,Y,,A,01,2,1,0,0,0,0,0,0,0,"- ","- ",34.441761016845703,-119.81021881103516,"SANTA BARBARA",UNINCORPORATED,-119.81022644042969,34.441814422607422
92043555,2023,2023-04-12,9750,2023-04-06,"855 ",017910,,4,1,9,4200,0,2,4,,1,024,"CLARK AVENUE","SR-135 N/B O/C",35.00,E,N,A,-,Y,SB,,135," ",R,10.423,H,,R,Y,2,0,1,2,A,-,08,22107,,N,C,C,A,A,H,-,A,A,0,,,Y,,Y,,C,02,1,0,0,0,0,0,0,0,1,"- ","- ",34.86505126953125,-120.43637847900391,"SANTA BARBARA",UNINCORPORATED,-120.43653869628906,34.865047454833984
92051497,2023,2023-04-24,9750,2023-04-16,2300,021090,,7,3,9,4200,0,2,4,,1,024,"S. BRADLEY ROAD","TERRACE AVE",500.00,S,N,A,-,N,,,,,,,,,,Y,2,0,1,1,C,-,18,,,N,E,8,A,A,H,-,C,D,0,,,,,Y,,-,"- ",1,0,0,0,0,0,0,0,0,"- ","- ",34.888641357421875,-120.41908264160156,"SANTA BARBARA",UNINCORPORATED,-120.41921234130859,34.888729095458984
92051721,2023,2023-04-26,9755,2023-04-13,"535 ",020483,,4,3,9,4200,0,1,3,,1,051,SR-1,"SAN JULIAN RD.",5280.00,N,N,A,-,Y,SB,,1," ",R,1.677,H,,R,Y,2,0,2,2,A,-,05,21460,A,N,A,C,A,A,H,-,D,D,0,,,,,Y,,A,01,1,1,0,0,0,0,0,0,0,"- ","- ",34.517429351806641,-120.25296783447266,"SANTA BARBARA",UNINCORPORATED,-120.25296783447266,34.517444610595703
92053095,2023,2023-04-25,9760,2023-04-22,2100,022459,,6,2,9,4200,0,1,2,,1,040,"US 101 SOUTHBOUND","REFUGIO ROAD",7920.00,N,N,A,-,Y,SB,,101," "," ",38.226,H,,L,Y,2,0,1,1,A,-,01,23152,A,N,E,I,A,A,H,-,D,D,0,,,Y,,Y,Y,C,02,1,0,0,0,0,0,0,0,1,"- ","- ",34.462131500244141,-120.09467315673828,"SANTA BARBARA",UNINCORPORATED,-120.09468078613281,34.462093353271484
92054403,2023,2023-04-27,9750,2023-04-15,1230,020549,,6,1,9,4200,0,3,5,,2,030,"TEPUSQUET ROAD",SR-166,11616.00,S,N,A,-,N,,,,,,,,,,N,2,0,1,2,A,-,03,22350,,N,H,G,A,A,H,-,A,D,0,,Y,,,Y,,L,04,1,0,0,0,0,0,1,0,0,"- ","- ",34.991199493408203,-120.19673156738281,"SANTA BARBARA",UNINCORPORATED,-120.19814300537109,34.993442535400391
92060395,2023,2023-05-03,9755,2023-04-22,1813,023112,,6,2,9,4200,0,1,3,,1,042,"SR-154 E/B","LAKEVIEW RD",575.00,E,N,A,-,Y,SB,,154," "," ",14.805,H,,R,Y,2,0,3,3,A,-,05,21460,A,N,A,2,A,A,H,-,A,D,0,,,Y,,Y,Y,C,02,1,2,0,0,0,0,0,0,1,"- ","- ",34.573261260986328,-119.95697784423828,"SANTA BARBARA",UNINCORPORATED,-119.95698547363281,34.5732421875
92060403,2023,2023-05-03,9755,2023-04-22,1812,023112,,6,2,9,4200,0,1,3,,1,042,"SR-154 E/B","LAKEVIEW RD",575.00,E,N,A,-,Y,SB,,154," "," ",14.797,H,,R,Y,2,0,1,1,A,-,03,22350,,N,F,0,A,A,H,-,A,D,0,,,Y,,Y,,C,02,1,0,0,0,0,0,0,0,1,"- ","- ",34.573280334472656,-119.95710754394531,"SANTA BARBARA",UNINCORPORATED,-119.95711517333984,34.573261260986328
92062297,2023,2023-05-05,9755,2023-04-25,2335,022601,,2,3,9,4200,0,1,3,,1,042,SR-154,US-101,45.00,W,N,B,-,Y,SB,,154," ",R,0.000,H,,R,Y,2,0,1,1,A,-,01,23152,A,N,E,8,A,A,H,-,D,D,0,,,,,Y,Y,A,01,1,0,0,0,0,0,0,0,0,"- ","- ",34.688030242919922,-120.1585693359375,"SANTA BARBARA",UNINCORPORATED,-120.15834045410156,34.687984466552734
9206433,2020,2021-02-19,4203,2020-12-13,1346,26819,,7,5,5,4203,0,0,0,,0,004,"DE LA VINA ST","MICHELTORENA ST",98.00,S,N,A,-,N,,,,,,,,,,N,2,0,2,4,C,-,18,,,N,C,E,A,A,H,-,A,D,0,,,,,Y,,-,"- ",1,0,1,0,0,0,0,0,0,"- ","- ",34.422271728515625,-119.70578765869141,"SANTA BARBARA","SANTA BARBARA",-119.71031951904297,34.423870086669922
9206497,2020,2021-03-04,4204,2020-12-03,1404,23000,010,4,5,5,4204,0,0,0,,0,002,"COOK ST","DEPOT ST",0.00,,Y,A,-,Y,,,,,,,,,,N,2,0,1,2,A,-,10,21950,A,N,G,B,B,-,H,-,A,A,0,Y,,,,Y,,A,07,1,0,0,0,1,0,0,0,0,"- ","- ",34.950069427490234,-120.44380950927734,"SANTA BARBARA","SANTA MARIA",-120.44370269775391,34.949909210205078
92065322,2022,2023-05-09,9760,2022-05-27,1420,020752,,5,2,9,4200,0,1,2,,1,030,"US-101 NORTHBOUND (EL CAMINO REAL)","LAS VARAS CANYON ROAD",23.00,N,N,A,-,Y,SB,,101,,,31.004,H,,R,Y,1,1,0,1,A,-,08,22107,,N,E,I,A,A,H,-,A,D,0,,,,,Y,,D,22,0,0,0,0,0,0,0,0,0,"- ","- ",34.456089019775391,-119.97215270996094,"SANTA BARBARA",UNINCORPORATED,-119.97216033935547,34.456058502197266
92076043,2023,2023-05-24,9750,2023-02-17,1900,020549,,5,2,5,4204,0,1,2,,2,001,"US-101 S/B (EL CAMINO REAL)",BROADWAY,323.00,N,N,A,-,Y,SB,,101," "," ",90.798,H,,L,Y,1,1,0,1,A,-,06,21755,A,N,E,I,A,A,H,-,C,D,0,,,,,Y,,A,01,0,0,0,0,0,0,0,0,0,"- ","- ",34.981899261474609,-120.43193817138672,"SANTA BARBARA","SANTA MARIA",-120.43186950683594,34.981922149658203
92076362,2022,2023-05-24,9760,2022-09-01,0301,022726,,4,3,5,4203,0,1,2,,2,020,"US-101 SOUTHBOUND","PATTERSON AVENUE OVERCROSSING",1890.00,S,N,A,-,Y,SB,,101,,,20.789,H,,L,N,1,1,0,3,A,-,00,21461,,F,G,B,E,A,H,-,D,D,0,Y,,,Y,Y,,N,60,0,0,0,1,0,0,0,0,0,"- ","- ",34.441501617431641,-119.80207061767578,"SANTA BARBARA","SANTA BARBARA",-119.80207061767578,34.441452026367188
92087137,2023,2023-06-06,9750,2023-05-29,"540 ",016874,,1,3,9,4200,0,2,4,,1,024,"BRADLEY ROAD","UNION VALLEY PARKWAY",0.00,,Y,B,-,N,,,,,,,,,,Y,2,0,2,2,A,-,12,21453,A,N,D,2,A,A,H,-,A,A,0,,,,,Y,,A,07,1,0,1,0,0,0,0,0,0,"- ","- ",34.879310607910156,-120.41876983642578,"SANTA BARBARA",UNINCORPORATED,-120.418701171875,34.879356384277344
92105562,2023,2023-06-29,9755,2023-04-16,1438,022601,,7,2,9,4200,0,1,3,,1,042,"STATE ROUTE 154","FOXEN CANYON ROAD",0.00,,Y,A,-,Y,SB,,154," ",R,2.386,H,,R,Y,1,1,0,3,A,-,09,21802,A,N,D,C,A,A,H,-,A,A,0,,,Y,,Y,Y,A,07,0,0,0,0,0,0,0,1,0,"- ","- ",34.667980194091797,-120.12297058105469,"SANTA BARBARA",UNINCORPORATED,-120.12294769287109,34.668048858642578
92105580,2023,2023-06-29,9750,2023-03-05,"950 ",015514,,7,1,9,4200,0,3,5,,2,030,"FOXEN CANYON ROAD","TEPUSQUET ROAD",20592.00,S,N,B,-,N,,,,,,,,,,Y,1,1,0,2,A,-,05,21460,A,N,A,C,A,A,H,-,A,D,0,,,Y,,Y,,C,02,0,0,0,0,0,0,0,1,0,"- ","- ",34.812450408935547,-120.21327972412109,"SANTA BARBARA",UNINCORPORATED,-120.21150207519531,34.840568542480469
92109916,2023,2023-07-05,9760,2023-06-28,1925,020752,,3,2,9,4200,0,3,5,,2,001,"SAN LEANDRO LANE","SAN YSIDRO ROAD",30.00,E,N,A,-,N,,,,,,,,,,N,2,0,1,2,A,-,01,23152,A,N,A,G,A,A,H,-,A,A,0,,Y,,,Y,Y,A,07,1,0,0,0,0,0,1,0,0,"- ","- ",34.424060821533203,-119.63143157958984,"SANTA BARBARA",UNINCORPORATED,-119.63143920898438,34.424041748046875
92110627,2023,2023-07-06,9750,2023-06-23,"400 ",020510,,5,3,5,4204,0,1,2,,2,001,"US-101 NB","DONOVAN RD O/C",868.00,S,N,B,-,Y,SB,,101," "," ",89.522,H,,R,Y,2,0,3,2,A,-,01,23152,A,N,C,C,A,A,H,-,C,D,0,,,,Y,Y,Y,A,01,2,1,0,0,0,0,0,0,0,"- ","- ",34.965469360351562,-120.4215087890625,"SANTA BARBARA","SANTA MARIA",-120.42153167724609,34.965461730957031
92110747,2023,2023-07-06,9760,2023-07-01,1214,019385,,6,1,9,4200,0,1,2,,2,010,"US-101 SOUTHBOUND","SHEFFIELD DRIVE",350.00,N,N,A,-,Y,SB,,101," "," ",9.184,H,,L,Y,2,0,1,6,A,-,03,22350,,F,C,C,A,A,H,-,A,D,0,,,,,Y,,-,"- ",1,0,0,0,0,0,0,0,0,"- ","- ",34.421421051025391,-119.61721038818359,"SANTA BARBARA",UNINCORPORATED,-119.61720275878906,34.421379089355469
9211605,2020,2022-06-18,4204,2020-02-07,0119,90139,10,5,5,5,4204,0,0,0,,0,002,"STOWELL RD","KAMEO ST",255.00,E,N,A,-,N,,,,,,,,,,N,1,1,1,2,A,-,01,23152,A,N,D,C,A,A,C,-,C,A,0,,,,,Y,Y,A,01,0,1,0,0,0,0,0,0,0,"- ","- ",34.938179016113281,-120.45836639404297,"SANTA BARBARA","SANTA MARIA",-120.45744323730469,34.938838958740234
9211805,2020,2021-04-13,4203,2020-11-29,2342,24576,11,7,5,5,4203,0,0,0,,0,002,"EAST CABRILLO BL","RT 101",12.00,W,N,A,-,Y,SB,5,101,-,-,11.240,R,4,N,Y,1,1,0,1,A,-,01,23152,,N,E,I,A,A,H,-,C,A,0,,,,,Y,Y,A,01,0,0,0,0,0,0,0,0,0,"- ",SF,34.422508239746094,-119.65505218505859,"SANTA BARBARA","SANTA BARBARA",-119.65164184570312,34.421749114990234
92124519,2023,2023-07-24,9750,2023-07-17,"805 ",020765,,1,1,9,4200,0,1,3,,1,063,"SR-166 (CUYAMA HIGHWAY)","CHIMINEAS RANCH RD",2112.00,E,N,A,-,Y,SLO,,166," "," ",44.881,H,,R,Y,2,0,1,1,A,-,08,22107,,N,F,A,A,A,H,-,A,D,0,,,Y,,Y,,C,02,1,0,0,0,0,0,0,0,1,"- ","- ",35.068408966064453,-119.98541259765625,"SANTA BARBARA",UNINCORPORATED,-119.98544311523438,35.068378448486328
9212866,2020,2021-02-01,4202,2020-11-17,0559,239,LOMPO,2,5,4,4202,0,0,0,,0,,"RT 1","BRISA DEL MAR",277.00,N,N,A,-,Y,SB,5,1,-,-,23.150,H,-,S,N,2,0,1,2,A,-,08,22107,,N,C,G,A,A,H,-,D,D,0,,Y,,,Y,,L,04,1,0,0,0,0,0,1,0,0,"- ","- ",,,"SANTA BARBARA",LOMPOC,-120.45680999755859,34.6763916015625
92133976,2023,2023-08-02,9760,2023-07-29,1229,023267,,6,1,5,4203,0,3,5,,2,002,"HOPE AVE","SAN REMO DR.",80.00,N,N,A,-,N,,,,,,,,,,N,2,0,2,4,A,-,01,23152,A,F,E,8,A,A,H,-,A,D,0,,,Y,,Y,,A,01,2,0,0,0,0,0,0,0,0,"- ","- ",34.440608978271484,-119.74665069580078,"SANTA BARBARA","SANTA BARBARA",-119.7467041015625,34.442890167236328
92139569,2023,2023-08-09,9750,2023-07-28,"30  ",022227,,5,3,9,4200,0,1,3,,1,062,"SR-166 (CUYAMA HIGHWAY)","MPM 26.00",99.00,W,N,A,-,Y,SB,,166," ",R,25.996,H,,R,Y,2,0,1,1,A,-,08,22107,,N,E,I,A,A,H,-,D,D,0,,,,,Y,,A,01,1,0,0,0,0,0,0,0,0,"- ","- ",35.036739349365234,-120.18218994140625,"SANTA BARBARA",UNINCORPORATED,-120.18221282958984,35.036762237548828
92149062,2023,2023-08-21,9755,2023-08-13,2058,020226,,7,2,9,4200,0,3,5,,2,050,"HARRIS GRADE ROAD","RUCKER ROAD",870.00,S,N,A,-,N,,,,,,,,,,Y,2,0,1,1,A,-,01,23152,A,N,E,8,A,A,H,-,D,D,0,,,,,Y,Y,A,01,1,0,0,0,0,0,0,0,0,"- ","- ",34.708728790283203,-120.4364013671875,"SANTA BARBARA",UNINCORPORATED,-120.43640899658203,34.708850860595703
92151250,2023,2023-08-23,9760,2023-08-15,1715,023326,,2,2,4,4214,0,1,2,,2,020,"US-101 SOUTHBOUND","FAIRVIEW AVENUE",1950.00,S,N,A,-,Y,SB,,101," "," ",22.137,H,,L,Y,2,0,1,3,A,-,03,22350,,N,C,C,A,A,H,-,A,D,0,,,Y,,Y,,C,02,1,0,0,0,0,0,0,0,1,"- ","- ",34.440021514892578,-119.82546234130859,"SANTA BARBARA",GOLETA,-119.82546997070312,34.440093994140625
92151658,2023,2023-08-23,9760,2023-08-08,1105,016739,,2,1,9,4200,0,1,3,,1,014,"SR-192 (SYCAMORE CANYON RD.)","WESTMONT RD.",0.00,,Y,A,-,N,,,,,,,,,,Y,2,0,2,2,A,-,09,21801,A,N,H,G,A,A,H,-,A,D,0,,Y,,,Y,,A,01,1,1,0,0,0,0,1,0,0,"- ","- ",34.443191528320312,-119.66867828369141,"SANTA BARBARA",UNINCORPORATED,-119.66867065429688,34.443153381347656
92169191,2023,2023-09-13,9750,2023-09-03,1711,020511,,7,2,9,4200,0,1,3,,1,022,SR-1,"CLARK AVE",0.00,,Y,A,-,Y,SB,,1," ",R,35.529,H,,R,Y,2,0,4,2,A,-,09,21801,A,N,D,C,A,A,H,-,A,D,0,,,,,Y,,A,01,3,0,1,0,0,0,0,0,0,"- ","- ",34.864021301269531,-120.45693206787109,"SANTA BARBARA",UNINCORPORATED,-120.45697784423828,34.863975524902344
92175845,2023,2023-09-21,9755,2023-09-10,1322,019292,,7,1,9,4200,0,3,5,,2,050,"HARRIS GRADE RD","RUCKER RD",528.00,S,N,A,-,N,,,,,,,,,,Y,2,0,2,2,A,-,08,22107,,N,E,I,A,A,H,-,A,D,0,,,Y,,Y,,C,02,1,0,1,0,0,0,0,0,2,"- ","- ",34.70928955078125,-120.43624877929688,"SANTA BARBARA",UNINCORPORATED,-120.43618011474609,34.709770202636719
92177477,2023,2023-09-22,9755,2023-09-16,1459,023112,,6,2,9,4200,0,1,2,,2,004,"US-101 SB","GAVIOTA STATE BEACH RD",5280.00,N,N,A,-,Y,SB,,101," "," ",47.477,H,,L,N,2,0,1,1,A,-,03,22350,,N,F,A,A,A,D,-,A,D,0,,Y,,,Y,,L,04,1,0,0,0,0,0,1,0,0,"- ","- ",34.492279052734375,-120.22686004638672,"SANTA BARBARA",UNINCORPORATED,-120.22679901123047,34.492301940917969
92183058,2023,2023-10-02,9750,2023-09-23,1700,016874,,6,2,9,4200,0,3,5,,2,020,"SR135 NB","BATCHELDER ROAD",9504.00,S,N,A,-,Y,SB,,135," "," ",4.019,H,,R,Y,2,0,1,1,A,-,08,22107,,N,F,A,A,A,H,-,A,D,0,,,Y,,Y,,C,02,1,0,0,0,0,0,0,0,1,"- ","- ",34.756599426269531,-120.33844757080078,"SANTA BARBARA",UNINCORPORATED,-120.33845520019531,34.756538391113281
92183534,2023,2023-10-02,9750,2023-04-03,1848,020511,,1,2,9,4200,0,1,3,,1,021,"SR-135 S/B (ORCUTT EXPRESSWAY)","RICE RANCH ROAD U/C",162.00,S,N,A,-,Y,SB,,135," ",R,9.971,H,,L,Y,1,2,0,2,A,-,01,23152,A,N,A,C,A,A,H,-,A,D,0,,,,,Y,Y,A,01,0,0,0,0,0,0,0,0,0,"- ","- ",34.859149932861328,-120.43924713134766,"SANTA BARBARA",UNINCORPORATED,-120.43926239013672,34.859165191650391
92189275,2023,2023-10-11,9760,2023-05-23,"515 ",020528,,2,3,4,4214,0,1,2,,2,020,"US-101 NORTHBOUND","FAIRVIEW AVENUE",316.88,S,N,F,-,Y,SB,,101," "," ",22.468,H,,R,Y,1,1,1,1,A,-,03,22350,,N,F,I,A,B,H,-,B,D,0,,,,,Y,,D,22,0,0,1,0,0,0,0,0,0,"- ","- ",34.439849853515625,-119.83128356933594,"SANTA BARBARA",GOLETA,-119.83126068115234,34.439689636230469
92189352,2023,2023-10-03,9755,2023-09-27,2225,022749,,3,3,9,4200,0,1,3,,1,055,"HARRIS GRADE RD","RUCKER RD",2640.00,N,N,A,-,N,,,,,,,,,,Y,2,0,1,1,A,-,01,23152,A,N,E,I,A,A,H,-,D,D,0,,,,,Y,Y,A,01,1,0,0,0,0,0,0,0,0,"- ","- ",34.727649688720703,-120.43974304199219,"SANTA BARBARA",UNINCORPORATED,-120.43366241455078,34.718082427978516
92191986,2023,2023-10-05,9760,2023-09-23,"700 ",022726,,6,1,9,4200,0,3,5,,2,003,"FARREN ROAD","CALLE REAL",6600.00,N,N,A,-,N,,,,,,,,,,N,2,0,1,2,A,-,05,21650,,N,H,6,A,A,H,-,A,D,0,,Y,,,Y,,L,04,1,0,0,0,0,0,1,0,0,"- ","- ",34.455188751220703,-119.9239501953125,"SANTA BARBARA",UNINCORPORATED,-119.92237091064453,34.452724456787109
92192052,2023,2023-10-05,9760,2023-09-30,"422 ",022547,,6,3,9,4200,0,2,4,,2,026,"CATHEDRAL OAKS RD.","PATTERSON AVE",452.00,E,N,A,-,N,,,,,,,,,,Y,2,0,1,1,A,-,01,23152,A,N,E,8,A,A,H,-,D,D,0,,,,,Y,Y,A,07,1,0,0,0,0,0,0,0,0,"- ","- ",34.452911376953125,-119.80638885498047,"SANTA BARBARA",UNINCORPORATED,-119.80708312988281,34.453109741210938
92192141,2023,2023-10-05,9760,2023-09-12,"18  ",023326,,2,3,5,4203,0,1,2,,2,011,"US-101 SOUTHBOUND","CARRILLO STREET",528.00,N,N,A,-,Y,SB,,101," ",R,14.826,H,,L,Y,2,0,5,3,A,-,08,22107,,N,E,I,A,A,H,-,C,D,0,,,,,Y,,A,01,2,3,0,0,0,0,0,0,0,"- ","- ",34.416778564453125,-119.70818328857422,"SANTA BARBARA","SANTA BARBARA",-119.70815277099609,34.41680908203125
92201464,2023,2023-10-17,9755,2023-10-10,1050,016999,,2,1,9,4200,0,3,5,,2,040,"FOXEN CANYON RD N/B","ZACA STATION RD",2240.00,S,N,A,-,N,,,,,,,,,,N,2,0,1,1,C,-,18,,,N,E,H,A,A,H,-,A,D,0,,,Y,,Y,,-,"- ",1,0,0,0,0,0,0,0,1,"- ","- ",34.719131469726562,-120.12943267822266,"SANTA BARBARA",UNINCORPORATED,-120.13320159912109,34.724098205566406
92202438,2023,2023-10-18,9755,2023-10-08,2330,023050,,7,3,9,4200,0,1,2,,2,004,"US-101 N/B","SANTA ROSA RD",12144.00,S,N,A,-,Y,SB,,101," "," ",54.056,H,,R,Y,2,0,1,1,A,-,01,23152,A,N,E,8,A,A,H,-,D,D,0,,,,,Y,Y,D,22,1,0,0,0,0,0,0,0,0,"- ","- ",34.569931030273438,-120.19094848632812,"SANTA BARBARA",UNINCORPORATED,-120.19099426269531,34.569904327392578
92206281,2023,2023-10-23,9750,2023-10-15,2014,020511,,7,2,9,4200,0,3,5,,2,020,"S BROADWAY STREET","PINAL AVENUE",85.00,N,N,A,-,N,,,,,,,,,,Y,2,0,1,2,A,-,08,22107,,N,D,E,A,A,H,-,D,D,0,,,Y,,Y,,C,02,1,0,0,0,0,0,0,0,1,"- ","- ",34.863410949707031,-120.44721984863281,"SANTA BARBARA",UNINCORPORATED,-120.44728088378906,34.863372802734375
92206338,2023,2023-10-23,9750,2023-10-18,"653 ",017910,,3,1,9,4200,0,3,5,,2,020,"HARRIS GRADE RD",SR-135,14256.00,S,N,A,-,N,,,,,,,,,,Y,2,0,5,2,A,-,05,21460,A,N,A,C,A,A,H,-,B,D,0,,,,,Y,Y,A,01,1,3,1,0,0,0,0,0,0,"- ","- ",34.737358093261719,-120.43714904785156,"SANTA BARBARA",UNINCORPORATED,-120.43772888183594,34.737873077392578
92235662,2023,2023-11-14,9755,2023-11-06,1715,019464,,1,2,9,4200,0,3,5,,2,040,"FOXEN CANYON RD.","FOREST SERVICE RD. 8N11 (ZACA RD)",1385.00,N,N,A,-,N,,,,,,,,,,Y,2,0,1,1,A,-,08,22107,,N,E,8,A,A,H,-,B,D,0,,,,Y,Y,,F,26,1,0,0,0,0,0,0,0,0,"- ","- ",34.752609252929688,-120.11770629882812,"SANTA BARBARA",UNINCORPORATED,,
92235676,2023,2023-11-14,9760,2023-11-11,2040,022547,,6,2,9,4200,0,1,3,,1,014,"SR-192 (SYCAMORE CANYON ROAD)","EUCALYPTUS HILL RD",140.00,E,N,A,-,N,,,,,,,,,,Y,2,0,1,1,A,-,01,23152,A,N,E,I,A,A,H,-,D,D,0,,,,,Y,Y,D,22,1,0,0,0,0,0,0,0,0,"- ","- ",34.440559387207031,-119.65802764892578,"SANTA BARBARA",UNINCORPORATED,-119.65803527832031,34.440532684326172
92237599,2023,2023-11-16,9755,2023-11-13,1645,022681,,1,2,9,4200,0,1,3,,2,041,"SR-246 W/B","CUESTA ST",0.00,,Y,A,-,Y,SB,,246," "," ",32.770,H,,L,Y,2,0,4,2,A,-,09,21801,A,N,A,C,A,A,H,-,A,D,0,,,,,Y,,A,07,1,0,3,0,0,0,0,0,0,"- ","- ",34.609760284423828,-120.08747863769531,"SANTA BARBARA",UNINCORPORATED,-120.08744049072266,34.609703063964844
92246513,2023,2023-11-28,9760,2023-11-15,1321,023449,,3,1,9,4200,0,1,3,,1,022,SR-154,"MARIA YGNACIA LN",189.00,W,N,B,C,Y,SB,,154," "," ",29.793,H,,R,Y,2,0,2,1,A,-,03,22350,,N,E,I,A,B,H,-,A,D,0,,,,,Y,,-,"- ",1,0,1,0,0,0,0,0,0,"- ","- ",34.470531463623047,-119.77778625488281,"SANTA BARBARA",UNINCORPORATED,-119.77785491943359,34.470493316650391
92246970,2023,2023-11-28,9750,2023-11-19,2320,022227,,7,3,9,4200,0,1,2,,2,002,"US-101 S/B","CAT CANYON RD",0.00,,Y,A,-,Y,SB,,101," ",L,72.585,H,,L,Y,2,0,2,2,A,-,01,23152,A,N,D,C,A,A,H,-,D,A,0,,,,,Y,Y,A,01,1,0,1,0,0,0,0,0,0,"- ","- ",34.756748199462891,-120.29454040527344,"SANTA BARBARA",UNINCORPORATED,-120.29454803466797,34.756740570068359
92253973,2023,2023-12-06,9750,2023-11-25,2058,019648,,6,2,9,4200,0,1,3,,1,063,SR-166,"MPM 45",731.00,E,N,A,-,Y,SLO,,166," "," ",45.174,H,,R,Y,2,0,1,2,A,-,01,23152,A,M,A,C,A,A,H,-,D,D,0,,,,,Y,Y,A,07,1,0,0,0,0,0,0,0,0,"- ","- ",35.065540313720703,-119.98165130615234,"SANTA BARBARA",UNINCORPORATED,-119.98165893554688,35.065517425537109
9225871,2021,2021-03-04,4204,2021-01-29,1822,91011,SANTA,5,5,5,4204,0,0,0,,0,003,"MCCOY LN","SAN MIGUEL ST",0.00,,Y,A,-,N,,,,,,,,,,N,2,0,2,2,A,-,09,21804,A,N,A,C,A,A,H,-,C,D,0,,,,,Y,,A,01,2,0,0,0,0,0,0,0,0,"- ","- ",34.915328979492188,-120.43061065673828,"SANTA BARBARA","SANTA MARIA",-120.42974853515625,34.916526794433594
92268550,2023,2023-12-21,9760,2023-05-02,1645,023122,,2,2,9,4200,0,3,5,,2,002,"MARINA DRIVE","ALISA LANE",0.00,,Y,B,-,N,,,,,,,,,,Y,1,1,0,2,A,-,09,21801,A,N,D,C,A,A,H,-,A,D,0,,,Y,,Y,,D,22,0,0,0,0,0,0,0,1,0,"- ","- ",34.412139892578125,-119.76589202880859,"SANTA BARBARA",UNINCORPORATED,-119.76589202880859,34.412155151367188
92272103,2023,2024-04-02,9760,2023-11-29,"754 ",023546,,3,1,5,4203,0,1,2,,2,011,"US-101 SOUTHBOUND","MILPAS STREET",1320.00,N,N,B,-,Y,SB,,101," "," ",12.950,H,,L,Y,2,0,3,2,A,-,07,21658,A,N,B,C,A,A,H,-,A,D,0,,,,,Y,,A,01,1,0,2,0,0,0,0,0,0,"- ","- ",34.419998168945312,-119.68058013916016,"SANTA BARBARA","SANTA BARBARA",-119.68058013916016,34.420013427734375
92273876,2023,2023-12-28,9760,2023-12-25,2259,022726,,1,3,5,4203,0,1,2,,2,011,"US-101 NB","GARDEN ST",2957.00,N,N,A,-,Y,SB,,101," ",R,14.093,H,,R,Y,2,0,3,2,A,-,01,23152,A,N,A,2,A,A,H,-,C,D,0,,,,,Y,Y,D,22,3,0,0,0,0,0,0,0,0,"- ","- ",34.412551879882812,-119.69743347167969,"SANTA BARBARA","SANTA BARBARA",-119.69742584228516,34.412548065185547