CASE_ID,ACCIDENT_YEAR,PROC_DATE,JURIS,COLLISION_DATE,COLLISION_TIME,OFFICER_ID,REPORTING_DISTRICT,DAY_OF_WEEK,CHP_SHIFT,POPULATION,CNTY_CITY_LOC,SPECIAL_COND,BEAT_TYPE,CHP_BEAT_TYPE,CITY_DIVISION_LAPD,CHP_BEAT_CLASS,BEAT_NUMBER,PRIMARY_RD,SECONDARY_RD,DISTANCE,DIRECTION,INTERSECTION,WEATHER_1,WEATHER_2,STATE_HWY_IND,CALTRANS_COUNTY,CALTRANS_DISTRICT,STATE_ROUTE,ROUTE_SUFFIX,POSTMILE_PREFIX,POSTMILE,LOCATION_TYPE,RAMP_INTERSECTION,SIDE_OF_HWY,TOW_AWAY,COLLISION_SEVERITY,NUMBER_KILLED,NUMBER_INJURED,PARTY_COUNT,PRIMARY_COLL_FACTOR,PCF_CODE_OF_VIOL,PCF_VIOL_CATEGORY,PCF_VIOLATION,PCF_VIOL_SUBSECTION,HIT_AND_RUN,TYPE_OF_COLLISION,MVIW,PED_ACTION,ROAD_SURFACE,ROAD_COND_1,ROAD_COND_2,LIGHTING,CONTROL_DEVICE,CHP_ROAD_TYPE,PEDESTRIAN_ACCIDENT,BICYCLE_ACCIDENT,MOTORCYCLE_ACCIDENT,TRUCK_ACCIDENT,NOT_PRIVATE_PROPERTY,ALCOHOL_INVOLVED,STWD_VEHTYPE_AT_FAULT,CHP_VEHTYPE_AT_FAULT,COUNT_SEVERE_INJ,COUNT_VISIBLE_INJ,COUNT_COMPLAINT_PAIN,COUNT_PED_KILLED,COUNT_PED_INJURED,COUNT_BICYCLIST_KILLED,COUNT_BICYCLIST_INJURED,COUNT_MC_KILLED,COUNT_MC_INJURED,PRIMARY_RAMP,SECONDARY_RAMP,LATITUDE,LONGITUDE,COUNTY,CITY,POINT_X,POINT_Y
92274703,2023,2023-12-29,9750,2023-12-17,1203,023495,,7,1,9,4200,0,3,5,,2,010,"BROWN ROAD","BETTERAVIA ROAD",200.00,E,N,A,-,N,,,,,,,,,,Y,2,0,2,1,A,-,01,23152,A,N,E,I,A,A,H,-,A,D,0,,,,,Y,Y,A,01,2,0,0,0,0,0,0,0,0,"- ","- ",34.935371398925781,-120.54522705078125,"SANTA BARBARA",UNINCORPORATED,-120.54576873779297,34.935279846191406
92275637,2023,2024-01-01,9750,2023-12-17,2126,022227,,7,2,9,4200,0,1,2,,2,002,"US-101 N/B (EL CAMINO REAL)","SB MPM 78.00",2432.00,S,N,A,-,Y,SB,,101," "," ",77.520,H,,R,Y,2,0,1,2,A,-,03,22350,,N,C,C,A,A,H,-,D,D,0,,,,Y,Y,,D,22,1,0,0,0,0,0,0,0,0,"- ","- ",34.812091827392578,-120.34599304199219,"SANTA BARBARA",UNINCORPORATED,-120.34603118896484,34.812080383300781
92285353,2023,2024-03-15,9755,2023-11-19,1317,019464,,7,1,9,4200,0,1,2,,2,004,"US-101 NORTHBOUND","OLD COAST HIGHWAY",2500.00,S,N,A,-,Y,SB,,101," ",R,51.891,H,,R,Y,1,1,1,2,A,-,08,22107,,N,E,I,A,A,D,-,A,D,0,,,,,Y,,A,07,0,1,0,0,0,0,0,0,0,"- ","- ",34.539848327636719,-120.19693756103516,"SANTA BARBARA",UNINCORPORATED,-120.19694519042969,34.539852142333984
92287850,2024,2024-01-16,9760,2024-01-06,2500,023267,,6,4,9,4200,0,1,3,,1,022,SR-154,"PAINTED CAVE ROAD",5280.00,E,N,C,-,Y,SB,,154," "," ",27.719,H,,R,N,2,0,1,1,A,-,08,22107,,N,E,I,A,B,H,-,D,D,0,,,,,Y,,A,01,1,0,0,0,0,0,0,0,0,"- ","- ",34.489341735839844,-119.78196716308594,"SANTA BARBARA",UNINCORPORATED,-119.78191375732422,34.489368438720703
92291648,2024,2024-01-19,9760,2024-01-11,"212 ",022547,,4,3,5,4203,0,1,2,,2,011,"US-101 S/B","CARRILLO ST.",1426.00,N,N,A,-,Y,SB,,101," ",R,15.052,H,,L,Y,2,0,1,2,C,-,18,,,N,E,J,A,A,C,-,D,D,0,,,,,Y,,-,"- ",1,0,0,0,0,0,0,0,0,"- ","- ",34.418769836425781,-119.7113037109375,"SANTA BARBARA","SANTA BARBARA",-119.71128082275391,34.418792724609375
92296305,2023,2024-09-10,9760,2023-08-13,"310 ",023130,,7,3,9,4200,0,1,2,,2,011,"US-101 S/B (EL CAMINO REAL)","OLIVE MILL ROAD",832.00,N,N,A,-,Y,SB,,101," "," ",10.839,H,,L,Y,1,1,3,2,A,-,01,23152,A,N,C,C,A,A,H,-,C,D,0,,,,,Y,Y,A,01,1,1,1,0,0,0,0,0,0,"- ","- ",34.419830322265625,-119.64501953125,"SANTA BARBARA",UNINCORPORATED,-119.64502716064453,34.419815063476562
92299783,2023,2024-01-29,9760,2023-08-19,"124 ",020965,,6,3,9,4200,0,1,3,,1,022,"STATE ROUTE 154 (CHUMASH HIGHWAY)","SAN ANTONIO CREEK ROAD",4752.00,W,N,A,-,Y,SB,,154," "," ",29.052,H,,R,Y,1,1,5,2,A,-,01,23152,A,N,A,2,A,A,H,-,D,D,0,,,,,Y,Y,A,01,2,0,3,0,0,0,0,0,0,"- ","- ",34.476909637451172,-119.76915740966797,"SANTA BARBARA",UNINCORPORATED,-119.76912689208984,34.476894378662109
92309014,2023,2024-02-08,9760,2023-10-13,2141,022291,,5,2,5,4203,0,1,2,,2,020,"US-101 SOUTHBOUND","LAS POSITAS ROAD",1179.00,N,N,A,-,Y,SB,,101," "," ",16.788,H,,L,Y,1,1,3,2,A,-,01,23152,A,N,A,C,A,A,H,-,D,D,0,,,,,Y,,A,01,3,0,0,0,0,0,0,0,0,"- ","- ",34.428359985351562,-119.73782348632812,"SANTA BARBARA","SANTA BARBARA",-119.73782348632812,34.428356170654297
92311334,2024,2024-02-12,9760,2024-02-03,1040,023335,,6,1,9,4200,0,3,5,,2,002,"N. SAN MARCOS ROAD","TWINRIDGE ROAD",264.00,N,N,B,-,N,,,,,,,,,,N,2,0,1,1,A,-,08,22107,,N,H,I,A,A,B,-,A,D,0,,,Y,,Y,,C,02,1,0,0,0,0,0,0,0,1,"- ","- ",34.472751617431641,-119.80084228515625,"SANTA BARBARA",UNINCORPORATED,-119.80224609375,34.466648101806641
92311871,2024,2024-02-12,9760,2024-01-31,"124 ",023122,,3,3,4,4214,0,1,2,,1,030,"US-101 SOUTHBOUND","LOS CARNEROS",2375.00,N,N,A,-,Y,SB,,101," "," ",24.138,H,,L,Y,2,0,2,2,A,-,01,23152,A,N,B,C,A,A,H,-,D,D,0,,,,Y,Y,Y,A,07,1,1,0,0,0,0,0,0,0,"- ","- ",34.436309814453125,-119.86018371582031,"SANTA BARBARA",GOLETA,-119.86019134521484,34.436344146728516
92311908,2023,2024-02-12,9755,2023-10-07,2010,017378,,6,2,9,4200,0,1,3,,1,053,"STATE ROUTE 246","SWEENEY RD.",1056.00,W,N,A,-,Y,SB,,246," "," ",9.758,H,,R,Y,1,1,0,2,A,-,11,21954,A,N,G,B,D,A,H,-,D,D,0,Y,,,,Y,,N,60,0,0,0,1,0,0,0,0,0,"- ","- ",34.642929077148438,-120.43305206298828,"SANTA BARBARA",UNINCORPORATED,-120.43305969238281,34.642936706542969
92312042,2023,2024-02-12,9755,2023-10-22,1712,020483,,7,2,9,4200,0,3,5,,2,050,"SANTA ROSA ROAD","US-101 S/B TO SANTA ROSA ROAD",4541.00,W,N,A,-,N,,,,,,,,,,Y,1,2,1,2,A,-,01,23152,A,N,A,C,A,A,H,-,A,D,0,,,,,Y,Y,D,22,1,0,0,0,0,0,0,0,0,"- ","- ",34.603401184082031,-120.20700836181641,"SANTA BARBARA",UNINCORPORATED,,
92320127,2024,2024-02-27,9750,2024-02-12,"11  ",020121,,1,3,9,4200,0,1,3,,1,062,"SR-166 (CUYAMA HIGHWAY)","CABLE CORRAL ROAD",5000.00,W,N,A,-,Y,SB,,166," ",R,33.287,H,,R,Y,2,0,4,2,A,-,01,23152,A,N,A,C,A,A,H,-,D,D,0,,,,,Y,Y,A,01,1,3,0,0,0,0,0,0,0,"- ","- ",35.102901458740234,-120.10803985595703,"SANTA BARBARA",UNINCORPORATED,-120.1080322265625,35.102897644042969
92320418,2024,2024-02-22,9760,2024-02-16,2213,023130,,5,3,9,4200,0,1,3,,1,022,"STATE ROUTE 154","PAINTED CAVE ROAD",6178.00,E,N,A,-,Y,SB,,154," "," ",27.878,H,,R,N,2,0,1,1,A,-,08,22107,,N,E,8,A,A,H,-,D,D,0,,,Y,,Y,,C,02,1,0,0,0,0,0,0,0,1,"- ","- ",34.487289428710938,-119.78102111816406,"SANTA BARBARA",UNINCORPORATED,-119.78095245361328,34.487293243408203
92323354,2024,2024-02-26,9750,2024-02-16,1940,020964,,5,2,9,4200,0,3,5,,2,020,"RAY ROAD",SR-166,1584.00,S,N,A,-,Y,,,,,,,,,,Y,2,0,1,2,A,-,08,22107,,N,B,C,A,A,H,-,D,D,0,,,,,Y,Y,-,"- ",1,0,0,0,0,0,0,0,0,"- ","- ",34.949169158935547,-120.50785064697266,"SANTA BARBARA",UNINCORPORATED,-120.50533294677734,34.95257568359375
92324581,2024,2024-02-28,9760,2024-02-26,1540,015669,,1,2,9,4200,0,2,4,,1,021,"HOLLISTER AVENUE","PUENTE DRIVE",430.00,W,N,A,-,N,,,,,,,,,,N,2,0,1,2,A,-,05,21650,,N,H,G,A,A,H,-,A,D,0,,Y,,,Y,,M,91,1,0,0,0,0,0,1,0,0,"- ","- ",34.437450408935547,-119.78527069091797,"SANTA BARBARA",UNINCORPORATED,-119.78513336181641,34.43731689453125
92341943,2024,2024-03-21,9760,2024-03-16,"249 ",023122,,6,3,5,4203,0,1,2,,2,011,"US-101 S/B","LOS PATOS",1000.00,N,N,A,-,Y,SB,,101," "," ",11.845,H,,L,Y,2,0,3,2,A,-,01,23152,A,N,A,C,A,A,H,-,D,D,0,,,,,Y,Y,D,22,2,1,0,0,0,0,0,0,0,"- ","- ",34.422389984130859,-119.66210174560547,"SANTA BARBARA","SANTA BARBARA",-119.66209411621094,34.422367095947266
92344629,2024,2024-03-22,9750,2024-03-14,1415,020510,,4,2,9,4200,0,1,2,,2,002,"US-101 S/B (EL CAMINO REAL)","CLARK AVENUE OVER-CROSSING",7286.00,S,N,A,-,Y,SB,,101," "," ",80.807,H,,L,Y,2,0,1,2,A,-,03,22350,,N,C,C,A,A,H,-,A,D,0,,,,Y,Y,,G,25,1,0,0,0,0,0,0,0,0,"- ","- ",34.849029541015625,-120.38223266601562,"SANTA BARBARA",UNINCORPORATED,-120.38221740722656,34.849037170410156
92346232,2024,2024-03-25,9750,2024-03-16,1305,016170,,6,1,9,4200,0,3,5,,2,030,"PALMER RD","FOXEN CYN RD",5280.00,S,N,A,-,N,,,,,,,,,,N,2,0,1,1,C,-,18,,,N,H,H,A,A,H,-,A,D,0,,,Y,,Y,,-,"- ",1,0,0,0,0,0,0,0,1,"- ","- ",34.858570098876953,-120.29537200927734,"SANTA BARBARA",UNINCORPORATED,-120.29705047607422,34.8504638671875
92349235,2024,2024-03-28,9760,2024-03-20,1900,022050,,3,2,9,4200,0,3,5,,2,002,"PAINTED CAVE RD",SR-154,20.00,N,N,A,-,N,,,,,,,,,,N,2,0,1,1,A,-,03,22350,,N,F,A,A,A,B,-,A,D,0,,,Y,,Y,,C,02,1,0,0,0,0,0,0,0,1,"- ","- ",34.491390228271484,-119.79525756835938,"SANTA BARBARA",UNINCORPORATED,-119.79542541503906,34.491313934326172
92355208,2024,2024-04-03,9760,2024-01-05,"245 ",022547,,5,3,9,4200,0,1,2,,1,030,"US-101 SOUTHBOUND","DOS PUEBLOS CANYON ROAD",556.36,N,N,A,-,Y,SB,,101," "," ",30.203,H,,L,Y,1,1,1,2,A,-,01,23152,A,N,A,2,A,A,H,-,D,D,0,,,,Y,Y,Y,D,22,1,0,0,0,0,0,0,0,0,"- ","- ",34.448921203613281,-119.96132659912109,"SANTA BARBARA",UNINCORPORATED,-119.96131896972656,34.448932647705078
92356961,2024,2024-04-05,9750,2024-03-21,"738 ",019648,,4,1,9,4200,0,2,4,,1,024,"E. UNION VALLEY PARKWAY","HUMMEL DRIVE",0.00,,Y,A,-,N,,,,,,,,,,Y,2,0,1,2,A,-,03,22350,,N,A,B,B,A,H,-,A,A,0,Y,,,,Y,,A,01,1,0,0,0,1,0,0,0,0,"- ","- ",34.879318237304688,-120.43000030517578,"SANTA BARBARA",UNINCORPORATED,-120.43011474609375,34.879318237304688
92361269,2024,2024-04-10,9750,2024-04-04,"625 ",015514,,4,1,9,4200,0,3,5,,2,030,"TELEPHONE ROAD","CAMBRIDGE WAY",5280.00,S,N,B,-,N,,,,,,,,,,Y,2,0,1,1,A,-,08,22107,,N,E,I,A,A,H,-,A,D,0,,,,,Y,,A,01,1,0,0,0,0,0,0,0,0,"- ","- ",34.891849517822266,-120.38339233398438,"SANTA BARBARA",UNINCORPORATED,-120.38314819335938,34.891708374023438
92364341,2024,2024-04-15,9760,2024-04-06,1755,022926,,6,2,9,4200,0,3,5,,2,005,"ABREGO ROAD","CAMINO DEL SUR",0.00,,Y,A,-,N,,,,,,,,,,N,2,0,1,1,A,-,00,21221,,N,F,A,A,A,H,-,A,A,0,,,,,Y,Y,M,94,1,0,0,0,0,0,0,0,0,"- ","- ",34.414199829101562,-119.86261749267578,"SANTA BARBARA",UNINCORPORATED,-119.86254119873047,34.414192199707031
9236937,2021,2021-04-02,4200,2021-02-21,1436,5205,14,7,5,4,4214,0,0,0,,0,080,"DEL NORTE DR","ALAMEDA DR",299.00,E,N,A,-,N,,,,,,,,,,Y,2,0,2,2,A,-,09,21804,A,N,D,C,A,A,H,-,A,D,0,,,,,Y,,A,01,1,1,0,0,0,0,0,0,0,"- ","- ",,,"SANTA BARBARA",GOLETA,-119.87944793701172,34.436439514160156
92372734,2024,2024-04-23,9760,2024-04-13,1220,023730,,6,1,9,4200,0,1,2,,1,040,"US-101 SOUTHBOUND","EL CAPITAN STATE BEACH ROAD",4882.00,N,N,B,C,Y,SB,,101," "," ",34.796,H,,L,Y,2,0,1,1,A,-,03,22350,,N,F,0,A,B,H,-,A,D,0,,,,,Y,,D,22,1,0,0,0,0,0,0,0,0,"- ","- ",34.464229583740234,-120.03769683837891,"SANTA BARBARA",UNINCORPORATED,-120.03770446777344,34.464202880859375
92375402,2024,2024-04-25,9755,2024-04-20,1300,020483,,6,1,9,4200,0,3,5,,2,040,"SUNSET VALLEY RD","HAPPY CANYON RD",15840.00,N,N,A,-,N,,,,,,,,,,N,2,0,1,1,A,-,03,22350,,N,F,A,A,A,H,-,A,D,0,,Y,,,Y,,L,04,1,0,0,0,0,0,1,0,0,"- ","- ",34.757038116455078,-119.94983673095703,"SANTA BARBARA",UNINCORPORATED,-119.94266510009766,34.7537841796875
92375975,2024,2024-04-26,9755,2024-04-03,"910 ",023530,,3,1,9,4200,0,3,5,,2,050,"JONATA PARK RD","CAMINO SAN CARLOS",845.00,N,N,A,-,N,,,,,,,,,,Y,2,0,1,1,A,-,08,22107,,N,E,8,A,A,H,-,A,D,0,,,,Y,Y,,F,27,1,0,0,0,0,0,0,0,0,"- ","- ",34.635631561279297,-120.18647766113281,"SANTA BARBARA",UNINCORPORATED,-120.18650054931641,34.635639190673828
92377573,2024,2024-04-29,9755,2024-04-22,1215,019292,,1,1,9,4200,0,3,5,,2,050,"MISSION GATE RD.","PURISIMA RD",404.00,S,N,B,-,N,,,,,,,,,,Y,2,0,1,2,A,-,21,22106,,N,B,C,A,A,H,-,A,D,0,,,,,Y,,A,07,1,0,0,0,0,0,0,0,0,"- ","- ",34.667751312255859,-120.42163848876953,"SANTA BARBARA",UNINCORPORATED,-120.421630859375,34.667827606201172
92378420,2024,2024-04-30,9760,2024-04-19,"400 ",022726,,5,3,9,4200,0,1,3,,1,022,SR-154,"N SAN MARCOS ROAD",4805.00,E,N,A,-,Y,SB,,154," "," ",28.039,H,,R,Y,2,0,3,2,A,-,05,21460,A,N,B,C,A,A,H,-,D,D,0,,,,,Y,,A,07,1,1,1,0,0,0,0,0,0,"- ","- ",34.485008239746094,-119.7811279296875,"SANTA BARBARA",UNINCORPORATED,-119.7811279296875,34.485008239746094
92385999,2024,2024-05-09,9755,2024-05-03,"535 ",023112,,5,3,9,4200,0,1,3,,1,051,SR-1,"OCEAN AVE",29040.00,S,N,E,-,Y,SB,,1," "," ",13.541,H,,R,Y,2,0,2,2,A,-,08,22107,,N,A,D,A,A,H,-,A,D,0,,,,,Y,,A,07,2,0,0,0,0,0,0,0,0,"- ","- ",34.583969116210938,-120.3880615234375,"SANTA BARBARA",UNINCORPORATED,-120.38809204101562,34.583793640136719
92386274,2024,2024-05-09,9755,2024-05-01,1232,018483,,3,1,9,4200,0,3,5,,2,050,"BURTON MESA BLVD","CLUBHOUSE RD",850.00,W,N,A,-,N,,,,,,,,,,Y,2,0,1,2,A,-,03,22350,,N,F,A,A,A,H,-,A,D,0,,,Y,,Y,,C,02,1,0,0,0,0,0,0,0,1,"- ","- ",34.701530456542969,-120.45794677734375,"SANTA BARBARA",UNINCORPORATED,-120.457763671875,34.701499938964844
92386954,2024,2024-05-10,9755,2024-05-04,1505,020226,,6,2,9,4200,0,1,2,,2,004,"US-101 S/B",SR-154,4197.00,S,N,B,-,Y,SB,,101," "," ",62.004,H,,L,Y,2,0,1,1,A,-,08,22107,,N,E,I,A,A,H,-,A,D,0,,,,,Y,,A,01,1,0,0,0,0,0,0,0,0,"- ","- ",34.676780700683594,-120.15788269042969,"SANTA BARBARA",UNINCORPORATED,-120.15794372558594,34.676792144775391
9238701,2021,2021-07-13,4204,2021-01-16,1820,90755,10,6,5,5,4204,0,0,0,,0,002,"BLOSSER RD","COOK ST",120.00,N,N,A,-,N,,,,,,,,,,Y,2,0,1,2,A,-,10,21954,B,F,G,B,D,A,H,-,C,D,0,Y,,,,Y,Y,A,01,1,0,0,0,1,0,0,0,0,"- ","- ",34.949501037597656,-120.45391082763672,"SANTA BARBARA","SANTA MARIA",-120.45375823974609,34.949951171875
92390683,2024,2024-08-14,9755,2024-05-06,1439,020483,,1,2,9,4200,0,3,5,,2,040,"REFUGIO RD.",SR-246,26400.00,S,N,A,-,N,,,,,,,,,,N,2,0,1,1,A,-,03,22350,,N,F,A,A,A,H,-,A,D,0,,Y,,,Y,,L,04,1,0,0,0,0,0,1,0,0,"- ","- ",34.538520812988281,-120.06585693359375,"SANTA BARBARA",UNINCORPORATED,-120.09515380859375,34.602371215820312
92395169,2024,2024-05-21,9755,2024-04-16,1756,022601,,2,2,9,4200,0,1,3,,1,055,SR-1,"SAN ANTONIO RD WEST",2640.00,S,N,A,-,Y,SB,,1," ",M,31.959,H,,R,Y,2,0,4,5,A,-,01,23152,G,N,B,2,A,A,H,-,A,D,0,,,,,Y,Y,A,01,2,0,2,0,0,0,0,0,0,"- ","- ",34.774639129638672,-120.50482177734375,"SANTA BARBARA",UNINCORPORATED,-120.50482177734375,34.774600982666016
92399032,2024,2024-05-27,9760,2024-05-15,1921,022485,,3,2,5,4203,0,1,2,,2,011,"US-101 SB","MICHELTORENA ST O/C",968.00,N,N,A,-,Y,SB,,101," ",R,15.511,H,,L,Y,2,0,1,1,A,-,08,22107,,N,E,J,A,A,H,-,A,D,0,,,,,Y,,A,07,1,0,0,0,0,0,0,0,0,"- ","- ",34.423091888427734,-119.71734619140625,"SANTA BARBARA","SANTA BARBARA",-119.71726989746094,34.423171997070312
92401392,2024,2024-06-12,9760,2024-05-21,1317,023709,,2,1,4,4214,0,1,2,,2,020,"US-101 S/B","SR-217 OVERCROSSING",2694.00,N,N,A,-,Y,SB,,101," "," ",21.974,H,,L,N,2,0,1,2,A,-,03,22350,,N,B,C,A,A,D,-,A,D,0,,,Y,,Y,,C,02,1,0,0,0,0,0,0,0,1,"- ","- ",34.440361022949219,-119.82261657714844,"SANTA BARBARA",GOLETA,-119.82261657714844,34.440349578857422
92402072,2024,2024-05-30,9750,2024-05-18,1149,016469,,6,1,5,4204,0,1,2,,2,001,"US-101 N/B TO BROADWAY",BROADWAY,528.00,N,N,A,-,Y,,,,,,,,,,Y,2,0,3,2,A,-,03,22350,,N,A,C,A,A,H,-,A,D,0,,,,,Y,,A,01,1,1,1,0,0,0,0,0,0,"- ","- ",34.983158111572266,-120.43183135986328,"SANTA BARBARA","SANTA MARIA",-120.43193817138672,34.982460021972656
92403724,2024,2024-06-03,9750,2024-05-22,1215,016874,,3,1,9,4200,0,1,2,,2,001,"US-101 S/B (EL CAMINO REAL)","UNION VALLEY PARKWAY",12.00,N,N,A,-,Y,SB,,101," "," ",83.433,H,,L,Y,1,1,4,3,A,-,03,22350,,N,C,C,A,A,H,-,A,D,0,,,,,Y,,A,01,0,0,4,0,0,0,0,0,0,"- ","- ",34.880111694335938,-120.40917205810547,"SANTA BARBARA",UNINCORPORATED,-120.40914154052734,34.880123138427734
92411721,2024,2024-08-27,9760,2024-06-03,2018,023886,,1,2,9,4200,0,1,2,,2,010,"US 101 NORTHBOUND","PADARO LN",3590.00,N,N,A,-,Y,SB,,101," ",R,6.480,H,,R,Y,2,0,1,1,A,-,03,22350,,N,F,A,A,A,D,-,D,D,0,,,Y,,Y,,C,02,1,0,0,0,0,0,0,0,1,"- ","- ",34.416248321533203,-119.57115936279297,"SANTA BARBARA",UNINCORPORATED,-119.57115173339844,34.416217803955078
9241881,2021,2021-04-19,4203,2021-03-27,2126,2520,,6,5,5,4203,0,0,0,,0,,"HOLLISTER AV","AERO CAMINO",495.00,E,N,A,-,N,,,,,,,,,,Y,2,0,2,2,A,-,11,21954,A,N,G,B,E,A,H,-,C,D,0,Y,,,,Y,Y,N,60,2,0,0,0,1,0,0,0,0,"- ","- ",34.431549072265625,-119.84336853027344,"SANTA BARBARA","SANTA BARBARA",-119.84679412841797,34.431606292724609
9241884,2021,2023-06-19,4203,2021-03-24,1714,25605,14,3,5,5,4203,0,0,0,,0,002,"W MONTECITO ST","CHAPALA ST",129.00,W,N,A,-,N,,,,,,,,,,Y,1,1,0,2,D,-,00,,,N,H,G,A,A,H,-,A,D,0,,Y,,,Y,,-,"- ",0,0,0,0,0,1,0,0,0,"- ","- ",34.413570404052734,-119.69435882568359,"SANTA BARBARA","SANTA BARBARA",-119.69432830810547,34.413646697998047
92421611,2024,2024-06-24,9750,2024-06-14,1721,020549,,5,2,9,4200,0,3,5,,2,030,"SANTA MARIA MESA RD","CHARDONNAY LANE",1190.00,W,N,A,-,N,,,,,,,,,,Y,2,0,2,2,A,-,09,21801,A,N,D,C,A,A,H,-,A,D,0,,,,,Y,,A,07,1,0,1,0,0,0,0,0,0,"- ","- ",34.873378753662109,-120.26490020751953,"SANTA BARBARA",UNINCORPORATED,-120.26484680175781,34.873374938964844
92422118,2024,2024-06-24,9760,2024-06-18,1915,023727,,2,2,9,4200,0,3,5,,2,002,"GIBRALTAR ROAD","E CAMINO CIELO",4685.00,S,N,A,-,N,,,,,,,,,,N,2,0,1,2,A,-,05,21752,A,N,H,G,A,A,H,-,A,D,0,,Y,,,Y,Y,D,22,1,0,0,0,0,0,1,0,0,"- ","- ",34.481361389160156,-119.68486022949219,"SANTA BARBARA",UNINCORPORATED,-119.6846923828125,34.481773376464844
92424936,2024,2024-06-27,9760,2024-06-17,1810,023709,,1,2,9,4200,0,1,3,,1,022,SR-154,"WINDY GAP",148.00,W,N,A,-,Y,SB,,154," "," ",27.968,H,,R,Y,2,0,3,2,A,-,01,23152,A,N,E,I,A,A,H,-,A,D,0,,,,,Y,Y,A,07,1,2,0,0,0,0,0,0,0,"- ","- ",34.486011505126953,-119.78083038330078,"SANTA BARBARA",UNINCORPORATED,-119.7808837890625,34.486007690429688
92429000,2024,2024-07-02,9755,2024-06-22,1530,022681,,6,2,9,4200,0,1,2,,2,004,"US-101 N/B","SANTA ROSA RD",3485.00,S,N,A,-,Y,SB,,101," "," ",55.777,H,,R,Y,2,0,1,1,A,-,03,22350,,N,F,A,A,A,H,-,A,D,0,,,Y,,Y,,C,02,1,0,0,0,0,0,0,0,1,"- ","- ",34.593109130859375,-120.19423675537109,"SANTA BARBARA",UNINCORPORATED,-120.19425201416016,34.593109130859375
92432733,2024,2024-07-08,9760,2024-05-30,2323,020528,,4,3,9,4200,0,1,3,,1,022,SR-154,"PARADISE RD",3696.00,E,N,A,-,Y,SB,,154," "," ",22.270,H,,R,Y,2,0,14,2,A,-,01,23152,A,N,D,C,A,A,H,-,D,D,0,,,,,Y,Y,D,22,2,12,0,0,0,0,0,0,0,"- ","- ",34.532260894775391,-119.84612274169922,"SANTA BARBARA",UNINCORPORATED,-119.84610748291016,34.53228759765625
9244936,2021,2021-04-01,4202,2021-01-11,1746,230,4202,1,5,4,4202,0,0,0,,0,,"CYPRESS AV","3RD ST",70.00,W,N,A,-,N,,,,,,,,,,Y,2,0,1,2,A,-,08,22103,,N,D,C,A,A,H,-,C,D,0,,,Y,,Y,,A,01,1,0,0,0,0,0,0,0,1,"- ","- ",,,"SANTA BARBARA",LOMPOC,-120.44549560546875,34.637199401855469
9252324,2021,2021-04-19,4202,2021-02-02,1550,,4202,2,5,4,4202,0,0,0,,0,,"V ST","PINE AV",7.00,N,N,A,-,N,,,,,,,,,,N,2,0,1,2,A,-,12,22450,,N,B,F,A,A,H,-,A,A,0,,Y,,,Y,,A,01,1,0,0,0,0,0,1,0,0,"- ","- ",,,"SANTA BARBARA",LOMPOC,-120.47537231445312,34.650379180908203
9252837,2021,2021-04-27,4204,2021-03-31,0634,91006,03,3,5,5,4204,0,0,0,,0,001,"BLOSSER RD","ALVIN AV",600.00,S,N,A,-,N,,,,,,,,,,,2,0,1,2,A,-,08,22107,,N,B,C,A,A,H,-,A,D,0,,,Y,,Y,,A,01,1,0,0,0,0,0,0,0,0,"- ","- ",34.960601806640625,-120.45358276367188,"SANTA BARBARA","SANTA MARIA",-120.45353698730469,34.958942413330078
9253735,2021,2021-04-28,4202,2021-03-10,1234,,,3,5,4,4202,0,0,0,,0,,"N H ST","PINE AV",343.00,S,N,B,C,N,,,,,,,,,,N,2,0,1,2,A,-,11,21955,,N,G,B,D,B,H,-,A,D,0,Y,,,,Y,,N,60,1,0,0,0,1,0,0,0,0,"- ","- ",,,"SANTA BARBARA",LOMPOC,-120.45775604248047,34.649246215820312
9256458,2021,2023-06-20,4204,2021-07-10,2318,90276,007,6,5,5,4204,0,0,0,,0,001,"RT 135","EL CAMINO ST",135.00,S,N,A,-,Y,SB,5,135,-,-,16.120,H,-,N,N,1,1,0,4,A,-,00,21954,,F,G,B,D,A,H,-,C,A,0,Y,,,,Y,Y,N,60,0,0,0,1,0,0,0,0,0,"- ","- ",34.958549499511719,-120.43583679199219,"SANTA BARBARA","SANTA MARIA",-120.43575286865234,34.958091735839844
92595546,2024,2025-01-27,9755,2024-07-22,1353,023810,,1,1,9,4200,0,3,5,,2,050,"PURISIMA RD","MISSION GATE ROAD",2534.00,E,N,A,-,N,,,,,,,,,,Y,2,0,2,2,A,-,09,21801,A,N,A,C,A,A,H,-,A,D,0,,,,,Y,,D,22,1,1,0,0,0,0,0,0,0,"- ","- ",34.666019439697266,-120.41362762451172,"SANTA BARBARA",UNINCORPORATED,-120.41362762451172,34.666007995605469