CASE_ID,ACCIDENT_YEAR,PROC_DATE,JURIS,COLLISION_DATE,COLLISION_TIME,OFFICER_ID,REPORTING_DISTRICT,DAY_OF_WEEK,CHP_SHIFT,POPULATION,CNTY_CITY_LOC,SPECIAL_COND,BEAT_TYPE,CHP_BEAT_TYPE,CITY_DIVISION_LAPD,CHP_BEAT_CLASS,BEAT_NUMBER,PRIMARY_RD,SECONDARY_RD,DISTANCE,DIRECTION,INTERSECTION,WEATHER_1,WEATHER_2,STATE_HWY_IND,CALTRANS_COUNTY,CALTRANS_DISTRICT,STATE_ROUTE,ROUTE_SUFFIX,POSTMILE_PREFIX,POSTMILE,LOCATION_TYPE,RAMP_INTERSECTION,SIDE_OF_HWY,TOW_AWAY,COLLISION_SEVERITY,NUMBER_KILLED,NUMBER_INJURED,PARTY_COUNT,PRIMARY_COLL_FACTOR,PCF_CODE_OF_VIOL,PCF_VIOL_CATEGORY,PCF_VIOLATION,PCF_VIOL_SUBSECTION,HIT_AND_RUN,TYPE_OF_COLLISION,MVIW,PED_ACTION,ROAD_SURFACE,ROAD_COND_1,ROAD_COND_2,LIGHTING,CONTROL_DEVICE,CHP_ROAD_TYPE,PEDESTRIAN_ACCIDENT,BICYCLE_ACCIDENT,MOTORCYCLE_ACCIDENT,TRUCK_ACCIDENT,NOT_PRIVATE_PROPERTY,ALCOHOL_INVOLVED,STWD_VEHTYPE_AT_FAULT,CHP_VEHTYPE_AT_FAULT,COUNT_SEVERE_INJ,COUNT_VISIBLE_INJ,COUNT_COMPLAINT_PAIN,COUNT_PED_KILLED,COUNT_PED_INJURED,COUNT_BICYCLIST_KILLED,COUNT_BICYCLIST_INJURED,COUNT_MC_KILLED,COUNT_MC_INJURED,PRIMARY_RAMP,SECONDARY_RAMP,LATITUDE,LONGITUDE,COUNTY,CITY,POINT_X,POINT_Y
9261185,2021,2021-05-05,4200,2021-04-20,2310,5062,11,2,5,2,4212,0,0,0,,0,,"RT 246","MCMURRAY RD",0.00,,Y,A,-,Y,SB,5,246,-,-,26.370,I,5,W,N,2,0,1,2,A,-,11,21954,A,N,G,B,D,A,H,-,C,A,0,Y,,,,Y,,N,60,1,0,0,0,1,0,0,0,0,"- ","- ",,,"SANTA BARBARA",BUELLTON,-120.18874359130859,34.611629486083984
9273982,2021,2021-07-08,4203,2021-06-20,2152,2520,,7,5,5,4203,0,0,0,,0,006,"CLIFF DR","LAS POSITAS RD",0.00,,Y,G,-,N,,,225,,,,,,,N,2,0,1,1,A,-,03,22350,,N,H,A,A,A,H,-,C,D,0,,Y,,,Y,Y,-,"- ",1,0,0,0,0,0,1,0,0,"- ","- ",34.405109405517578,-119.73950958251953,"SANTA BARBARA","SANTA BARBARA",-119.73921966552734,34.405170440673828
9282808,2021,2021-07-19,4203,2021-06-15,2149,23133,38,2,5,5,4203,0,0,0,,0,005,"LAS POSITAS RD","CALLE REAL",0.00,,Y,A,-,N,,,,,,,,,,Y,2,0,3,2,A,-,12,21453,A,N,D,C,A,A,H,-,C,A,0,,,,,Y,Y,A,01,1,2,0,0,0,0,0,0,0,"- ","- ",34.427150726318359,-119.72882080078125,"SANTA BARBARA","SANTA BARBARA",-119.73374176025391,34.428592681884766
9283397,2021,2021-07-19,4203,2021-06-23,1912,25596,4,3,5,5,4203,0,0,0,,0,004,"DE LA VINA ST","CARRILLO ST",0.00,,Y,A,-,N,,,,,,,,,,,2,0,1,2,A,-,11,21950,B,N,G,B,B,A,H,-,A,A,0,Y,,,,Y,,N,60,1,0,0,0,1,0,0,0,0,"- ","- ",34.419399261474609,-119.70407867431641,"SANTA BARBARA","SANTA BARBARA",-119.70413970947266,34.419349670410156
9285064,2021,2021-07-13,4204,2021-06-13,2033,90822,4,7,5,5,4204,0,0,0,,0,001,BROADWAY,"ALVIN AV",0.00,,Y,A,-,N,,,135,,,,,,,Y,2,0,1,2,A,-,01,23152,A,F,A,G,A,A,H,-,E,A,0,,Y,,,Y,,A,01,1,0,0,0,0,0,1,0,0,"- ","- ",34.960498809814453,-120.43576049804688,"SANTA BARBARA","SANTA MARIA",-120.43582153320312,34.960502624511719
9286282,2021,2021-07-15,4203,2021-06-22,1325,25606,14,2,5,5,4203,0,0,0,,0,002,"CLIFF DR","RANCHERIA ST",590.00,W,N,A,-,N,,,,,,,,,,Y,2,0,1,1,A,-,03,22350,,N,E,I,A,A,H,-,A,D,0,,,Y,,Y,,C,02,1,0,0,0,0,0,0,0,1,"- ","- ",,,"SANTA BARBARA","SANTA BARBARA",-119.69876861572266,34.408138275146484
9291904,2020,2021-07-14,4200,2020-10-31,1402,5344,10,6,5,3,4205,0,0,0,,0,030,"CARPINTERIA AV","CARPINTERIA AV 5775",0.00,,Y,A,-,N,,,,,,,,,,N,2,0,1,2,A,-,07,21658,,F,G,G,A,A,H,-,A,D,0,,Y,,,Y,,-,"- ",1,0,0,0,0,0,1,0,0,"- ","- ",,,"SANTA BARBARA",CARPINTERIA,-119.50656600000001,34.390712000000001
92997301,2024,2024-07-31,9760,2024-07-25,2120,022291,,4,2,9,4200,0,3,5,,2,001,"HOT SPRINGS RD","OLIVE MILL ROAD",229.00,W,N,A,-,N,,,,,,,,,,Y,2,0,1,1,A,-,03,22350,,N,E,8,A,A,H,-,C,D,0,,,Y,,Y,,C,02,1,0,0,0,0,0,0,0,1,"- ","- ",34.428791046142578,-119.64164733886719,"SANTA BARBARA",UNINCORPORATED,-119.64111328125,34.429431915283203
9306180,2021,2021-09-30,4203,2021-08-01,0733,8825,12,7,5,5,4203,0,0,0,,0,002,"GARDEN ST","YANONALI ST",0.00,,Y,A,-,N,,,,,,,,,,Y,2,0,2,2,A,-,01,23152,A,N,D,C,A,A,H,-,A,A,0,,,,,Y,Y,D,22,1,1,0,0,0,0,0,0,0,"- ","- ",34.417228698730469,-119.68862152099609,"SANTA BARBARA","SANTA BARBARA",-119.68852233886719,34.417312622070312
9309724,2021,2021-08-24,4203,2021-06-27,1804,2661,,7,5,5,4203,0,0,0,,0,006,"CLIFF DR","YANKEE FARM RD",570.00,E,N,A,-,N,,,,,,,,,,Y,2,0,1,1,A,-,03,22350,,N,F,A,A,A,H,-,A,D,0,,,Y,,Y,,C,02,1,0,0,0,0,0,0,0,1,"- ","- ",34.406009674072266,-119.75006103515625,"SANTA BARBARA","SANTA BARBARA",-119.74791717529297,34.405624389648438
9312510,2021,2021-09-15,4204,2021-07-29,1533,23000,020,4,5,5,4204,0,0,0,,0,003,"BRADLEY RD","BETTERAVIA RD E",200.00,N,N,A,-,N,,,,,,,,,,Y,2,0,1,2,A,-,09,21804,A,N,A,C,A,A,H,-,A,A,0,,,,,Y,,A,01,1,0,0,0,0,0,0,0,0,"- ","- ",34.923568725585938,-120.42021942138672,"SANTA BARBARA","SANTA MARIA",-120.42205810546875,34.924289703369141
9313664,2021,2021-09-13,4204,2021-07-08,2152,90276,,4,5,5,4204,0,0,0,,0,003,"BATTLES RD","MILLER ST",0.00,,Y,A,-,N,,,,,,,,,,Y,2,0,4,2,A,-,01,23152,A,N,D,C,A,A,H,-,C,A,0,,,,,Y,,A,01,1,3,0,0,0,0,0,0,0,"- ","- ",34.930271148681641,-120.43202972412109,"SANTA BARBARA","SANTA MARIA",-120.43177795410156,34.931438446044922
9317503,2021,2021-09-02,4202,2021-01-18,1453,230,4202,1,5,4,4202,0,0,0,,0,,"O ST","APPLE AV",0.00,,Y,A,-,N,,,,,,,,,,N,2,0,1,4,A,-,03,22350,,N,C,E,A,A,H,-,A,D,0,,,,,Y,,M,44,1,0,0,0,0,0,0,0,0,"- ","- ",,,"SANTA BARBARA",LOMPOC,-120.46672058105469,34.644691467285156
9320225,2021,2021-12-23,4203,2021-11-04,1830,23766,35,4,5,5,4203,0,0,0,,0,005,"LAS POSITAS RD","STANLEY DR",142.00,N,N,A,-,N,,,,,,,,,,Y,1,1,0,2,A,-,11,21954,A,N,G,B,D,A,H,-,D,D,0,Y,,,,Y,,N,60,0,0,0,1,0,0,0,0,0,"- ","- ",34.433799743652344,-119.72857666015625,"SANTA BARBARA","SANTA BARBARA",-119.73368072509766,34.435688018798828
9320235,2021,2023-06-17,4204,2021-08-14,2310,90139,,6,5,5,4204,0,0,0,,0,,"MAHONEY RD","BLACK RD",0.00,,Y,A,-,N,,,,,,,,,,Y,1,1,0,2,A,-,00,21954,,F,G,B,E,A,H,-,D,D,0,Y,,,,Y,Y,N,60,0,0,0,1,0,0,0,0,0,"- ","- ",34.909168243408203,-120.49050903320312,"SANTA BARBARA","SANTA MARIA",-120.48958587646484,34.909164428710938
9320400,2021,2023-06-19,4203,2021-12-15,1002,8825,68,3,5,5,4203,0,0,0,,0,001,"CANON PERDIDO ST","QUARANTINA ST",0.00,,Y,A,-,N,,,,,,,,,,Y,1,1,0,2,A,-,09,21802,A,N,D,C,A,A,H,-,A,A,0,,,Y,,Y,,A,07,0,0,0,0,0,0,0,1,0,"- ","- ",34.427951812744141,-119.69258880615234,"SANTA BARBARA","SANTA BARBARA",-119.69268035888672,34.427978515625
9320608,2021,2022-04-15,4203,2021-12-11,0009,24079,15,6,5,5,4203,0,0,0,,0,002,"700 SHORELINE DR","LOMA ALTA DR",292.00,E,N,A,-,N,,,,,,,,,,Y,1,1,1,1,A,-,01,23152,A,N,E,I,A,A,H,-,C,D,0,,,,,Y,Y,A,01,1,0,0,0,0,0,0,0,0,"- ","- ",34.401241302490234,-119.69344329833984,"SANTA BARBARA","SANTA BARBARA",-119.69677734375,34.403148651123047
9320668,2022,2022-05-20,4203,2022-04-02,1621,25596,6,6,5,5,4203,0,0,0,,0,006,"CLIFF DR","LAS POSITAS RD",0.00,,Y,A,-,N,,,,,,,,,,,1,1,0,1,C,-,18,,,N,H,I,A,A,H,-,A,D,0,,Y,,,Y,,-,"- ",0,0,0,0,0,1,0,0,0,"- ","- ",34.403781890869141,-119.73484802246094,"SANTA BARBARA","SANTA BARBARA",-119.73932647705078,34.405387878417969
9320746,2021,2022-06-02,4204,2021-11-27,1851,90242,07,6,5,5,4204,0,0,0,,0,001,"ALVIN AV","MCCLELLAND ST",0.00,,Y,A,-,N,,,,,,,,,,Y,1,1,0,3,A,-,10,21950,A,N,G,B,B,A,H,-,C,D,0,Y,,,,Y,,D,22,0,0,0,1,0,0,0,0,0,"- ","- ",,,"SANTA BARBARA","SANTA MARIA",-120.43413543701172,34.960426330566406
9320845,2021,2022-07-15,4200,2021-12-24,1822,3077,10,5,5,3,4205,0,0,0,,0,030,"VIA REAL","RT 150",100.00,W,N,B,-,Y,SB,5,150,-,-,0.283,I,6,W,Y,1,1,0,1,A,-,08,22107,,N,E,I,A,A,H,-,D,D,0,,,,,Y,,A,01,0,0,0,0,0,0,0,0,0,"- ","- ",,,"SANTA BARBARA",CARPINTERIA,-119.48014831542969,34.384433746337891
9320931,2022,2022-07-20,4200,2022-05-31,1053,1267,14,2,5,4,4214,0,0,0,,0,080,"CATHEDRAL OAKS RD","WINDSOR AV",765.00,E,N,A,-,N,,,,,,,,,,N,1,1,1,2,C,-,18,,,N,H,A,A,A,B,-,A,D,0,,Y,,,Y,,-,"- ",0,1,0,0,0,1,1,0,0,"- ","- ",,,"SANTA BARBARA",GOLETA,-119.84215545654297,34.450939178466797
9320948,2022,2022-08-18,4202,2022-04-28,1407,,4202,4,5,4,4202,0,0,0,,0,,"R ST","MAPLE AV",0.00,,Y,A,-,N,,,,,,,,,,N,1,1,0,2,A,-,12,22450,A,F,H,G,A,A,H,-,A,A,0,,Y,,,Y,,L,04,0,0,0,0,0,1,0,0,0,"- ","- ",,,"SANTA BARBARA",LOMPOC,-120.47049713134766,34.645526885986328
9337099,2021,2021-10-26,4204,2021-09-04,2356,90342,8,6,5,5,4204,0,0,0,,0,001,"DONOVAN RD","CANYON DR",230.00,W,N,A,-,N,,,,,,,,,,Y,2,0,1,3,A,-,01,23152,A,N,C,E,A,A,H,-,C,D,0,,,,,Y,Y,A,01,1,0,0,0,0,0,0,0,0,"- ","- ",34.967708587646484,-120.4127197265625,"SANTA BARBARA","SANTA MARIA",-120.41350555419922,34.967533111572266
9339472,2021,2021-10-18,4202,2021-08-23,2119,239,4202,1,5,4,4202,0,0,0,,0,,"OCEAN AV","CIVIC CENTER PLZ",0.00,,Y,A,-,Y,SB,5,1,-,-,20.230,H,-,S,N,2,0,1,2,A,-,03,22350,,N,G,B,E,A,H,-,C,D,0,Y,,,,Y,Y,A,08,1,0,0,0,1,0,0,0,0,"- ","- ",,,"SANTA BARBARA",LOMPOC,-120.4525146484375,34.638877868652344
9339655,2021,2021-10-25,4200,2021-09-18,1400,3475,14,6,5,4,4214,0,0,0,,0,080,"STORKE RD","STORKE PLZ",0.00,,Y,A,-,N,,,,,,,,,,Y,2,0,1,2,A,-,09,21801,A,N,D,C,A,A,H,-,A,A,0,,,Y,,Y,,A,07,1,0,0,0,0,0,0,0,1,"- ","- ",,,"SANTA BARBARA",GOLETA,,
9350161,2021,2021-11-01,4202,2021-05-11,2030,230,4202,2,5,4,4202,0,0,0,,0,,"NORTH AV","I ST",90.00,E,N,A,-,N,,,,,,,,,,N,2,0,1,2,A,-,11,21954,A,N,G,B,D,A,H,-,C,D,0,Y,,,,Y,,N,60,1,0,0,0,1,0,0,0,0,"- ","- ",,,"SANTA BARBARA",LOMPOC,-120.45880126953125,34.653396606445312
9353016,2021,2021-11-16,4203,2021-10-05,1704,2712,34,2,5,5,4203,0,0,0,,0,004,"W PEDREGOSA ST","BATH ST",269.00,W,N,A,-,N,,,,,,,,,,N,2,0,1,2,A,-,08,22107,,N,B,G,A,A,H,-,A,D,0,,Y,,,Y,Y,L,04,1,0,0,0,0,0,1,0,0,"- ","- ",34.253410339355469,-119.43025970458984,"SANTA BARBARA","SANTA BARBARA",-119.71735382080078,34.42620849609375
9355437,2021,2021-11-08,4200,2021-09-11,0907,4609,14,6,5,4,4214,0,0,0,,0,060,"LOS CARNEROS RD","CASTILIAN DR",0.00,,Y,A,-,N,,,,,,,,,,N,2,0,1,2,A,-,01,23152,F,N,G,B,B,A,H,-,A,A,0,Y,,,,Y,,D,22,1,0,0,0,1,0,0,0,0,"- ","- ",,,"SANTA BARBARA",GOLETA,-119.85942840576172,34.431751251220703
9355636,2021,2021-11-01,4202,2021-09-27,2120,239,LOMPO,1,5,4,4202,0,0,0,,0,,"H ST","CENTRAL AV",0.00,,Y,B,-,Y,SB,5,1,-,-,22.068,I,5,N,Y,2,0,4,2,A,-,09,21453,C,N,A,C,A,B,H,-,C,A,0,,,Y,,Y,,A,01,1,0,3,0,0,0,0,0,1,"- ","- ",,,"SANTA BARBARA",LOMPOC,-120.45762634277344,34.660808563232422
9363056,2021,2021-12-22,4204,2021-11-03,2121,91221,,3,5,5,4204,0,0,0,,0,001,"FESLER ST","BRIAN ST",0.00,,Y,A,-,N,,,,,,,,,,,2,0,1,2,A,-,10,21950,A,F,G,B,B,A,H,-,C,A,0,Y,,,,Y,,A,08,1,0,0,0,1,0,0,0,0,"- ","- ",34.956298828125,-120.40981292724609,"SANTA BARBARA","SANTA MARIA",-120.409912109375,34.956287384033203
9363100,2021,2021-11-17,4204,2021-10-29,1321,90269,15,5,5,5,4204,0,0,0,,0,002,"WESTERN AV","COOK ST",0.00,,Y,A,-,N,,,,,,,,,,Y,2,0,3,5,A,-,03,22350,,N,D,C,A,A,H,-,A,D,0,,,,,Y,,A,07,2,0,1,0,0,0,0,0,0,"- ","- ",34.949371337890625,-120.44953155517578,"SANTA BARBARA","SANTA MARIA",-120.44938659667969,34.949592590332031
9363926,2021,2021-12-28,4200,2021-11-03,0820,4608,14,3,5,4,4214,0,0,0,,0,050,"STOW CANYON RD","CARLO DR",150.00,W,N,E,-,N,,,,,,,,,,N,2,0,1,2,A,-,11,21954,A,F,G,B,D,A,H,-,A,D,0,Y,,,,Y,,N,60,1,0,0,0,1,0,0,0,0,"- ","- ",,,"SANTA BARBARA",GOLETA,-119.83918762207031,34.449005126953125
9367369,2021,2021-12-13,4202,2021-10-19,1854,292,,2,5,4,4202,0,0,0,,0,,"PINE AV","G ST",60.00,W,N,A,-,N,,,,,,,,,,N,2,0,1,2,A,-,11,21950,B,F,G,B,D,A,H,-,C,A,0,Y,,,,Y,,N,60,1,0,0,0,1,0,0,0,0,"- ","- ",,,"SANTA BARBARA",LOMPOC,-120.45664978027344,34.650180816650391
93686433,2024,2024-08-06,9760,2024-07-26,"27  ",023828,,5,3,9,4200,0,1,2,,1,040,"US-101 SOUTHBOUND","DOS DOS PUEBLOS CANYON RD",1927.00,S,N,A,-,Y,SB,,101," "," ",29.719,H,,L,Y,2,0,1,1,A,-,08,22107,,N,E,I,A,A,H,-,D,D,0,,,,,Y,,A,01,1,0,0,0,0,0,0,0,0,"- ","- ",34.444061279296875,-119.95490264892578,"SANTA BARBARA",UNINCORPORATED,-119.95482635498047,34.444149017333984
9376598,2021,2022-02-04,4203,2021-12-04,1849,25605,24,6,5,5,4203,0,0,0,,0,006,"W MISSION ST","SAN PASCUAL",317.00,E,N,A,-,N,,,,,,,,,,Y,2,0,1,2,A,-,08,22108,,N,D,C,A,A,H,-,C,A,0,,,Y,,Y,,A,01,1,0,0,0,0,0,0,0,1,"- ","- ",,,"SANTA BARBARA","SANTA BARBARA",-119.72064208984375,34.425132751464844
9378453,2021,2021-12-08,4202,2021-11-07,0148,239,LOMPO,7,5,4,4202,0,0,0,,0,,"RT 246","7TH ST",0.00,,Y,E,-,Y,SB,5,1,-,-,19.251,I,5,S,Y,2,0,1,1,A,-,01,23152,B,N,E,J,A,B,H,-,C,A,0,,,Y,,Y,Y,C,02,1,0,0,0,0,0,0,0,1,"- ","- ",,,"SANTA BARBARA",LOMPOC,-120.43595123291016,34.641250610351562
9378859,2021,2022-01-04,4202,2021-10-01,1742,15651,4202,5,5,4,4202,0,0,0,,0,,"RT 1","NORTH AV",114.00,N,N,A,-,Y,SB,5,1,-,-,21.580,H,-,S,Y,2,0,1,2,A,-,08,22107,,N,B,C,A,A,-,-,A,-,0,,,Y,,Y,,C,02,1,0,0,0,0,0,0,0,1,"- ","- ",,,"SANTA BARBARA",LOMPOC,-120.45778656005859,34.653717041015625
9378963,2021,2022-02-14,4204,2021-11-20,1724,90373,00201,6,5,5,4204,0,0,0,,0,002,BROADWAY,"PARK AV",0.00,,Y,A,-,N,,,,,,,,,,Y,2,0,1,3,A,-,01,23152,A,N,D,E,A,A,H,-,C,A,0,,,,,Y,Y,A,01,1,0,0,0,0,0,0,0,0,"- ","- ",34.866409301757812,-120.44767761230469,"SANTA BARBARA","SANTA MARIA",-120.43597412109375,34.944496154785156
9378975,2021,2022-01-04,4200,2021-11-30,0634,3083,14,2,5,4,4214,0,0,0,,0,060,"FAIRVIEW OP","RT 101",0.00,,Y,A,-,Y,SB,5,101,-,-,22.710,R,4,S,Y,2,0,2,3,A,-,09,21453,B,N,G,B,B,A,H,-,A,A,0,Y,,,,Y,,A,01,1,1,0,0,2,0,0,0,0,"- ",SF,,,"SANTA BARBARA",GOLETA,-119.830758,34.440652
9383709,2021,2022-01-26,4204,2021-12-18,0904,90972,,6,5,5,4204,0,0,0,,0,003,"A ST","BATTLES RD",96.00,N,N,A,-,N,,,,,,,,,,N,2,0,1,2,A,-,10,21950,A,F,G,B,D,A,H,-,A,D,0,Y,,,,Y,,-,99,1,0,0,0,1,0,0,0,0,"- ","- ",34.931850433349609,-120.46349334716797,"SANTA BARBARA","SANTA MARIA",-120.46387481689453,34.932064056396484
9386056,2021,2022-01-14,4200,2021-12-11,1936,4974,14,6,5,4,4214,0,0,0,,0,080,"ELWOOD STATION RD","CALLE REAL",7.00,N,N,A,-,N,,,,,,,,,,N,2,0,1,2,A,-,10,21950,A,N,G,B,B,A,H,-,C,D,0,Y,,,,Y,,A,01,1,0,0,0,1,0,0,0,0,"- ","- ",,,"SANTA BARBARA",GOLETA,-119.88516235351562,34.432727813720703
9402981,2022,2022-02-17,4204,2022-01-06,1133,90415,,4,5,5,4204,0,0,0,,0,,"MARIPOSA WY","DE ARMOND PL",214.00,E,N,A,-,N,,,,,,,,,,Y,2,0,1,3,C,-,18,,,N,B,E,A,A,H,-,A,D,0,,,,,Y,Y,-,"- ",1,0,0,0,0,0,0,0,0,"- ","- ",34.939689636230469,-120.4305419921875,"SANTA BARBARA","SANTA MARIA",-120.42986297607422,34.939773559570312
9409307,2022,2022-03-10,4200,2022-02-08,0200,5590,14,2,5,4,4214,0,0,0,,0,080,"HOLLISTER AV","HOLLISTER AV 8300 BLOCK",0.00,,-,A,-,N,,,,,,,,,,N,2,0,5,1,A,-,08,22107,,F,E,I,A,A,H,-,C,D,0,,,,,Y,,A,07,1,4,0,0,0,0,0,0,0,"- ","- ",,,"SANTA BARBARA",GOLETA,,
9409768,2022,2022-06-03,4200,2022-02-23,1114,1267,14,3,5,4,4214,0,0,0,,0,040,"THE MARIA YGNACIO CREEK BICYCLE PATH","HOLLISTER AV",224.00,N,N,A,-,N,,,,,,,,,,N,2,0,1,1,B,-,22,,,N,H,A,A,A,G,-,A,D,0,,Y,,,Y,,L,04,1,0,0,0,0,0,1,0,0,"- ","- ",,,"SANTA BARBARA",GOLETA,,
9414532,2022,2022-04-07,4202,2022-02-03,1614,230,4202,4,5,4,4202,0,0,0,,0,,"RT 246","7TH ST",0.00,,Y,A,-,Y,SB,5,1,-,-,19.530,I,5,N,Y,2,0,3,2,A,-,09,21453,C,N,D,C,A,A,H,-,A,A,0,,,,,Y,,A,01,1,1,1,0,0,0,0,0,0,"- ","- ",,,"SANTA BARBARA",LOMPOC,-120.44031524658203,34.638889312744141
9416041,2022,2022-03-21,4202,2022-02-03,0758,230,4202,4,5,4,4202,0,0,0,,0,,"COLLEGE AV","M ST",11.00,W,N,A,-,N,,,,,,,,,,N,2,0,1,2,A,-,22,23123,,N,G,B,C,A,H,-,A,A,0,Y,,,,Y,,A,07,1,0,0,0,1,0,0,0,0,"- ","- ",,,"SANTA BARBARA",LOMPOC,-120.46419525146484,34.647079467773438
94353359,2024,2024-08-14,9750,2024-08-02,1734,023429,,5,2,9,4200,0,1,3,,1,064,"SR-166 E/B (CUYAMA HIGHWAY)","NORTH FORK VINEYARD",556.00,W,N,A,-,Y,SB,,166," "," ",54.302,H,,R,Y,2,0,3,1,A,-,08,22107,,N,E,I,A,A,H,-,A,D,0,,,,,Y,,D,22,1,1,1,0,0,0,0,0,0,"- ","- ",35.011501312255859,-119.84691619873047,"SANTA BARBARA",UNINCORPORATED,-119.84687805175781,35.01153564453125
94375876,2024,2024-08-29,9760,2024-08-18,1700,023546,,7,2,9,4200,0,1,2,,1,040,"US-101 N/B","REFUGIO ROAD",4594.00,N,N,A,-,Y,SB,,101," ",R,37.544,H,,R,Y,2,0,1,1,A,-,03,22350,,N,F,A,A,A,H,-,A,D,0,,,Y,,Y,,C,02,1,0,0,0,0,0,0,0,1,"- ","- ",34.461788177490234,-120.08357238769531,"SANTA BARBARA",UNINCORPORATED,-120.08357238769531,34.461803436279297
94378812,2024,2024-09-03,9755,2024-02-21,"847 ",023547,,3,1,9,4200,0,1,3,,1,055,"STATE ROUTE 1 SOUTHBOUND","SANTA LUCIA CANYON RD",0.00,,Y,A,-,Y,SB,,1," ",R,26.695,H,,L,Y,1,1,3,2,A,-,09,21802,A,N,D,C,A,B,H,-,A,A,0,,,,,Y,,A,01,1,2,0,0,0,0,0,0,0,"- ","- ",34.713199615478516,-120.48919677734375,"SANTA BARBARA",UNINCORPORATED,-120.48918914794922,34.713199615478516
94397885,2024,2024-09-17,9755,2024-09-06,1410,023976,,5,2,9,4200,0,1,3,,1,042,SR-154,"ARMOUR RANCH RD",6178.00,E,N,A,-,Y,SB,,154," ",R,11.303,H,,R,Y,2,0,5,5,A,-,08,22107,,N,A,2,A,A,H,-,A,D,0,,,,,Y,,A,01,3,2,0,0,0,0,0,0,0,"- ","- ",34.586849212646484,-120.01238250732422,"SANTA BARBARA",UNINCORPORATED,-120.01236724853516,34.586887359619141
94405468,2024,2024-09-24,9750,2024-09-12,"545 ",016469,,4,3,9,4200,0,3,5,,2,030,"FOXEN CANYON ROAD","DOMINION ROAD",1584.00,E,N,E,-,N,,,,,,,,,,Y,2,0,6,1,A,-,03,22350,,N,E,I,A,A,H,-,B,D,0,,,,,Y,,D,22,1,2,3,0,0,0,0,0,0,"- ","- ",34.908550262451172,-120.34162139892578,"SANTA BARBARA",UNINCORPORATED,-120.34235382080078,34.9085693359375
94411554,2024,2024-09-30,9760,2024-09-17,"855 ",017140,,2,1,9,4200,0,1,2,,2,010,"US-101 NORTHBOUND","NORTH PADARO LANE",2640.00,S,N,A,-,Y,SB,,101," ",R,6.668,H,,R,Y,2,0,1,2,A,-,03,22350,,N,B,2,A,A,D,-,A,D,0,,,Y,,Y,,C,02,1,0,0,0,0,0,0,0,1,"- ","- ",34.415740966796875,-119.574462890625,"SANTA BARBARA",UNINCORPORATED,-119.574462890625,34.415748596191406
94415386,2024,2024-10-01,9760,2024-07-03,1625,023326,,3,2,9,4200,0,1,2,,2,010,"US-101 NORTHBOUND","SAN YSIDRO ROAD",1056.00,S,N,A,-,Y,SB,,101," "," ",9.858,H,,R,Y,1,1,0,4,A,-,03,22350,,F,B,C,A,A,D,-,A,D,0,,,Y,,Y,,C,02,0,0,0,0,0,0,0,1,0,"- ","- ",34.421680450439453,-119.62882995605469,"SANTA BARBARA",UNINCORPORATED,-119.62883758544922,34.421657562255859
94417426,2024,2024-10-03,9750,2024-09-20,"537 ",016469,,5,3,9,4200,0,3,5,,2,030,"BETTERAVIA ROAD","ROSEMARY ROAD",1584.00,W,N,A,-,N,,,,,,,,,,Y,2,0,2,2,A,-,08,22107,,N,A,C,A,A,H,-,D,D,0,,,,,Y,,A,07,1,1,0,0,0,0,0,0,0,"- ","- ",34.923801422119141,-120.4063720703125,"SANTA BARBARA",UNINCORPORATED,-120.40591430664062,34.923816680908203
94423644,2023,2024-10-08,9750,2023-12-18,1624,017910,,1,2,9,4200,0,1,3,,1,064,"SR-166 (CUYAMA HIGHWAY)","ALISO CANYON ROAD",2112.00,E,N,B,-,Y,SB,,166," "," ",62.253,H,,R,Y,1,1,2,1,A,-,03,22350,,N,E,I,A,B,H,-,A,D,0,,,,,Y,,A,01,1,1,0,0,0,0,0,0,0,"- ","- ",34.964431762695312,-119.72236633300781,"SANTA BARBARA",UNINCORPORATED,-119.72235107421875,34.964458465576172
94423661,2024,2024-10-08,9750,2024-06-13,1634,020549,,4,2,9,4200,0,1,2,,2,003,"US-101 N/B (EL CAMINO REAL)","ALISO CANYON ROAD",7920.00,S,N,A,-,Y,SB,,101," "," ",67.270,H,,R,Y,1,1,4,3,A,-,08,22107,,N,A,D,A,A,H,-,A,D,0,,,,,Y,,A,01,3,1,0,0,0,0,0,0,0,"- ","- ",34.722969055175781,-120.21186828613281,"SANTA BARBARA",UNINCORPORATED,-120.21176910400391,34.723129272460938
9442401,2022,2022-04-29,4203,2022-03-30,1642,2661,63,3,5,5,4203,0,0,0,,0,001,"VOLUNTARIO ST","HUTASH ST",0.00,,Y,A,-,N,,,,,,,,,,Y,2,0,1,2,A,-,09,21802,A,N,D,C,A,A,H,-,A,A,0,,,Y,,Y,,A,07,1,0,0,0,0,0,0,0,1,"- ","- ",34.420921325683594,-119.6728515625,"SANTA BARBARA","SANTA BARBARA",-119.67282104492188,34.420921325683594
94424349,2023,2024-10-09,9755,2023-03-29,"543 ",019292,,3,3,9,4200,0,1,2,,2,004,"US-101 SOUTHBOUND",SR-1,4224.00,N,N,B,-,Y,SB,,101," ",R,49.624,H,,L,Y,2,0,11,4,A,-,03,22350,,N,G,1,E,B,H,-,D,D,0,Y,,,,Y,,A,08,2,2,7,0,3,0,0,0,0,"- ","- ",34.517871856689453,-120.21755981445312,"SANTA BARBARA",UNINCORPORATED,-120.21749114990234,34.517841339111328