CASE_ID,ACCIDENT_YEAR,PROC_DATE,JURIS,COLLISION_DATE,COLLISION_TIME,OFFICER_ID,REPORTING_DISTRICT,DAY_OF_WEEK,CHP_SHIFT,POPULATION,CNTY_CITY_LOC,SPECIAL_COND,BEAT_TYPE,CHP_BEAT_TYPE,CITY_DIVISION_LAPD,CHP_BEAT_CLASS,BEAT_NUMBER,PRIMARY_RD,SECONDARY_RD,DISTANCE,DIRECTION,INTERSECTION,WEATHER_1,WEATHER_2,STATE_HWY_IND,CALTRANS_COUNTY,CALTRANS_DISTRICT,STATE_ROUTE,ROUTE_SUFFIX,POSTMILE_PREFIX,POSTMILE,LOCATION_TYPE,RAMP_INTERSECTION,SIDE_OF_HWY,TOW_AWAY,COLLISION_SEVERITY,NUMBER_KILLED,NUMBER_INJURED,PARTY_COUNT,PRIMARY_COLL_FACTOR,PCF_CODE_OF_VIOL,PCF_VIOL_CATEGORY,PCF_VIOLATION,PCF_VIOL_SUBSECTION,HIT_AND_RUN,TYPE_OF_COLLISION,MVIW,PED_ACTION,ROAD_SURFACE,ROAD_COND_1,ROAD_COND_2,LIGHTING,CONTROL_DEVICE,CHP_ROAD_TYPE,PEDESTRIAN_ACCIDENT,BICYCLE_ACCIDENT,MOTORCYCLE_ACCIDENT,TRUCK_ACCIDENT,NOT_PRIVATE_PROPERTY,ALCOHOL_INVOLVED,STWD_VEHTYPE_AT_FAULT,CHP_VEHTYPE_AT_FAULT,COUNT_SEVERE_INJ,COUNT_VISIBLE_INJ,COUNT_COMPLAINT_PAIN,COUNT_PED_KILLED,COUNT_PED_INJURED,COUNT_BICYCLIST_KILLED,COUNT_BICYCLIST_INJURED,COUNT_MC_KILLED,COUNT_MC_INJURED,PRIMARY_RAMP,SECONDARY_RAMP,LATITUDE,LONGITUDE,COUNTY,CITY,POINT_X,POINT_Y
94424488,2024,2024-10-09,9760,2024-09-28,2200,023326,,6,3,9,4200,0,1,2,,1,030,"US-101 SOUTHBOUND","SIGNAL OIL",792.00,N,N,A,-,Y,SB,,101," "," ",28.560,H,,L,Y,2,0,3,2,A,-,01,23152,A,M,C,C,A,A,H,-,D,D,0,,,,,Y,Y,A,01,2,1,0,0,0,0,0,0,0,"- ","- ",34.439239501953125,-119.93549346923828,"SANTA BARBARA",UNINCORPORATED,-119.93549346923828,34.439235687255859
94429175,2024,2024-10-14,9760,2024-09-27,2120,023546,,5,2,9,4200,0,3,5,,2,002,"MAGNA VISTA ST","BAXTER STREET",50.00,S,N,A,-,N,,,,,,,,,,N,2,0,1,2,C,-,18,,,N,G,B,E,A,H,-,C,D,0,Y,,,,Y,Y,-,"- ",1,0,0,0,1,0,0,0,0,"- ","- ",34.434848785400391,-119.78684997558594,"SANTA BARBARA",UNINCORPORATED,-119.78679656982422,34.434913635253906
94435563,2024,2024-10-17,9750,2024-10-07,1305,016170,,1,1,9,4200,0,1,3,,1,022,"SR-1 (CABRILLO HIGHWAY)","BLACK ROAD",10560.00,N,N,A,-,Y,SB,,1," "," ",43.602,H,,R,Y,2,0,1,1,A,-,03,22350,,N,F,A,A,A,H,-,A,D,0,,,,,Y,,A,01,1,0,0,0,0,0,0,0,0,"- ","- ",34.897411346435547,-120.52263641357422,"SANTA BARBARA",UNINCORPORATED,-120.52262115478516,34.897434234619141
94450973,2024,2025-01-29,9755,2024-02-11,1536,022681,,7,2,9,4200,0,1,3,,1,053,"STATE ROUTE 246","MISSION GATE RD",3168.00,W,N,A,-,Y,SB,,246," "," ",10.750,H,,R,Y,1,1,1,2,A,-,01,23152,F,N,A,C,A,A,H,-,A,D,0,,,,,Y,,D,22,1,0,0,0,0,0,0,0,0,"- ","- ",34.655208587646484,-120.42568969726562,"SANTA BARBARA",UNINCORPORATED,-120.42568206787109,34.655208587646484
94456987,2024,2024-11-04,9755,2024-10-26,2000,023810,,6,2,9,4200,0,1,3,,1,042,"SR-154 W/B","PARADISE RD",1214.00,W,N,A,-,Y,SB,,154," "," ",21.372,H,,L,Y,2,0,3,2,A,-,08,22107,,N,D,2,A,A,H,-,D,D,0,,,,,Y,,A,01,1,1,1,0,0,0,0,0,0,"- ","- ",34.535171508789062,-119.86109924316406,"SANTA BARBARA",UNINCORPORATED,-119.86112213134766,34.535148620605469
94459983,2024,2024-11-06,9760,2024-10-30,2345,023912,,3,3,5,4203,0,1,2,,2,011,"US-101 SOUTHBOUND","MILPAS ST",40.00,N,N,A,-,Y,SB,,101," "," ",12.747,H,,L,Y,2,0,1,1,A,-,01,23152,A,N,E,I,A,A,H,-,C,D,0,,,Y,,Y,Y,C,02,1,0,0,0,0,0,0,0,1,"- ","- ",34.420059204101562,-119.67706298828125,"SANTA BARBARA","SANTA BARBARA",-119.67706298828125,34.420276641845703
94465317,2024,2024-11-12,9760,2024-10-30,2152,022926,,3,2,9,4200,0,3,5,,2,005,"EMBARCADERO DEL NORTE","PICASSO RD",0.00,,Y,A,-,N,,,,,,,,,,N,2,0,1,2,A,-,09,21802,A,N,H,G,A,A,H,-,C,A,0,,Y,,,Y,,-,"- ",1,0,0,0,0,0,1,0,0,"- ","- ",34.415058135986328,-119.85542297363281,"SANTA BARBARA",UNINCORPORATED,-119.85537719726562,34.415092468261719
94466053,2024,2024-11-12,9760,2024-11-04,"835 ",023913,,1,1,9,4200,0,3,5,,2,001,"SIERRA VISTA ROAD","BARKER PASS ROAD",0.00,,Y,A,-,N,,,,,,,,,,N,2,0,1,2,A,-,09,21802,A,N,H,G,A,A,H,-,A,A,0,,Y,,,Y,,D,22,1,0,0,0,0,0,1,0,0,"- ","- ",34.4404296875,-119.66706085205078,"SANTA BARBARA",UNINCORPORATED,-119.66743469238281,34.439884185791016
94470240,2024,2024-11-14,9750,2024-11-01,"221 ",020121,,5,3,9,4200,0,1,3,,1,023,"SR-135 N/B","BELL STREET",10032.00,N,N,A,-,Y,SB,,135," "," ",2.860,H,,R,Y,2,0,2,1,A,-,01,23152,A,N,E,I,A,A,H,-,D,D,0,,,,,Y,Y,A,01,2,0,0,0,0,0,0,0,0,"- ","- ",34.752300262451172,-120.31874847412109,"SANTA BARBARA",UNINCORPORATED,-120.31876373291016,34.752243041992188
94477560,2024,2024-11-20,9755,2024-11-12,"30  ",023976,,2,3,9,4200,0,1,3,,1,053,"SR-246 W/B","SWEENEY RD",294.00,E,N,A,-,Y,SB,,246," "," ",10.057,H,,L,Y,2,0,2,1,A,-,03,22350,,N,E,I,A,A,H,-,D,D,0,,,,,Y,,A,01,1,0,1,0,0,0,0,0,0,"- ","- ",34.645488739013672,-120.42919158935547,"SANTA BARBARA",UNINCORPORATED,-120.42914581298828,34.645458221435547
94477603,2024,2024-11-20,9760,2024-11-19,1400,017314,,2,2,9,4200,0,3,5,,2,005,"DEL PLAYA DRIVE","CAMINO PESCADERO",125.00,W,N,A,-,N,,,,,,,,,,N,2,0,1,2,A,-,06,21750,A,N,H,G,A,A,H,-,A,D,0,,Y,,,Y,,A,07,1,0,0,0,0,0,1,0,0,"- ","- ",34.409770965576172,-119.85923004150391,"SANTA BARBARA",UNINCORPORATED,-119.85912322998047,34.409755706787109
9447900,2022,2022-09-29,4203,2022-09-02,1122,22857,50,5,5,5,4203,0,0,0,,0,005,"LOS OLIVOS ST","ALAMEDA PADRE SERRA",0.00,,Y,A,-,N,,,,,,,,,,Y,2,0,1,2,A,-,09,21801,A,N,D,C,A,A,H,-,A,A,0,,,Y,,Y,,A,01,1,0,0,0,0,0,0,0,1,"- ","- ",34.439449310302734,-119.71312713623047,"SANTA BARBARA","SANTA BARBARA",-119.71311950683594,34.439041137695312
94481179,2024,2025-06-19,9760,2024-11-14,1621,022912,,4,2,9,4200,0,3,5,,2,005,"PARDALL ROAD","EMBARCADERO DEL NORTE",0.00,,Y,A,-,N,,,,,,,,,,N,2,0,1,2,A,-,08,22100,B,N,H,G,A,A,H,-,A,D,0,,Y,,,Y,,L,04,1,0,0,0,0,0,0,0,0,"- ","- ",34.413101196289062,-119.85594177246094,"SANTA BARBARA",UNINCORPORATED,-119.85539245605469,34.413093566894531
94482113,2024,2024-11-25,9750,2024-11-11,2144,020510,,1,2,9,4200,0,1,3,,1,021,"SR-135 S/B (ORCUTT EXPRESSWAY)","CLARK AVENUE U/C",1000.00,S,N,A,-,Y,SB,,135," ",R,10.226,H,,L,Y,2,0,2,2,A,-,01,23152,A,N,A,C,A,A,H,-,D,D,0,,,,,Y,Y,A,01,1,1,0,0,0,0,0,0,0,"- ","- ",34.862239837646484,-120.43698120117188,"SANTA BARBARA",UNINCORPORATED,-120.43704223632812,34.862247467041016
94493798,2024,2024-12-05,9760,2024-11-23,"802 ",020528,,6,1,9,4200,0,1,2,,1,040,"US-101 SB","EL CAPITAN STATE BECH ROAD",5280.00,N,N,B,C,Y,SB,,101," "," ",34.905,H,,L,Y,2,0,4,1,A,-,03,22350,,N,F,A,A,B,H,-,A,D,0,,,,,Y,,D,22,2,2,0,0,0,0,0,0,0,"- ","- ",34.464389801025391,-120.03962707519531,"SANTA BARBARA",UNINCORPORATED,-120.03959655761719,34.464141845703125
94494343,2024,2024-12-06,9750,2024-11-23,"145 ",020121,,6,3,9,4200,0,1,3,,1,011,"SR-166 (W. MAIN STREET)","HANSON WAY",345.00,W,N,A,-,Y,SB,,166," "," ",6.443,H,,R,Y,2,0,1,1,A,-,01,23152,A,M,E,8,A,A,H,-,D,D,0,,,,,Y,Y,A,01,1,0,0,0,0,0,0,0,0,"- ","- ",34.953380584716797,-120.46151733398438,"SANTA BARBARA",UNINCORPORATED,-120.46151733398438,34.953296661376953
94501877,2024,2024-12-13,9750,2024-12-09,1525,017910,,1,2,9,4200,0,3,5,,2,020,"HARRIS GRADE RD",SR-135,3696.00,S,N,A,-,N,,,,,,,,,,N,2,0,1,1,C,-,18,,,N,E,I,A,A,H,-,A,D,0,,,,,Y,,-,"- ",1,0,0,0,0,0,0,0,0,"- ","- ",34.756828308105469,-120.42762756347656,"SANTA BARBARA",UNINCORPORATED,-120.42747497558594,34.756904602050781
94502473,2024,2024-12-13,9760,2024-11-17,1808,023886,,7,2,9,4200,0,2,4,,1,021,"TURNPIKE ROAD","HOLLISTER AVE",0.00,,Y,A,-,N,,,,,,,,,,Y,2,0,1,2,A,-,12,21453,A,N,D,C,A,A,H,-,C,A,0,,,Y,,Y,Y,-,"- ",1,0,0,0,0,0,0,0,1,"- ","- ",34.436519622802734,-119.78954315185547,"SANTA BARBARA",UNINCORPORATED,-119.78945159912109,34.436527252197266
94502488,2024,2024-12-13,9760,2024-09-07,2500,023335,,6,4,9,4200,0,3,5,,2,001,"CASITAS PASS ROAD","STATE ROUTE 192",40.00,N,N,A,-,Y,SB,,192," "," ",18.026,H,,R,Y,1,1,0,1,A,-,01,23152,A,N,E,I,A,A,H,-,D,D,0,,,Y,,Y,Y,C,02,0,0,0,0,0,0,0,1,0,"- ","- ",34.406158447265625,-119.50508880615234,"SANTA BARBARA",UNINCORPORATED,-119.50511169433594,34.405982971191406
94502823,2024,2025-02-12,9750,2024-09-08,"523 ",020511,,7,3,9,4200,0,1,2,,2,001,"US-101 S/B (EL CAMINO REAL)","SANTA MARIA WAY",5280.00,N,N,A,-,Y,SB,,101," "," ",85.421,H,,L,Y,1,1,2,2,A,-,01,23152,A,N,A,C,A,A,H,-,D,D,0,,,,,Y,Y,A,07,1,1,0,0,0,0,0,0,0,"- ","- ",34.906700134277344,-120.41818237304688,"SANTA BARBARA",UNINCORPORATED,-120.41818237304688,34.906700134277344
94510099,2024,2024-12-19,9755,2024-11-21,1655,017378,,4,2,9,4200,0,1,3,,1,055,"RT 1","SANTA LUCIA CANYON RD.",0.00,,Y,A,-,Y,SB,,1," ",R,26.691,H,,R,Y,2,0,4,4,A,-,09,21802,A,N,D,2,A,A,H,-,D,A,0,,,,,Y,,A,07,1,3,0,0,0,0,0,0,0,"- ","- ",34.713180541992188,-120.48919677734375,"SANTA BARBARA",UNINCORPORATED,-120.48902893066406,34.713207244873047
94513568,2024,2024-12-23,9750,2024-12-17,"841 ",015915,,2,1,9,4200,0,1,3,,1,062,SR-166,"PINE CANYON ROAD",2640.00,E,N,A,-,Y,SB,,166," ",R,25.385,H,,R,N,2,0,1,3,A,-,08,22107,,N,A,C,A,A,H,-,A,D,0,,,,Y,Y,,-,"- ",1,0,0,0,0,0,0,0,0,"- ","- ",35.030670166015625,-120.18891143798828,"SANTA BARBARA",UNINCORPORATED,-120.18893432617188,35.030689239501953
94521385,2024,2024-12-31,9755,2024-12-27,1755,017378,,5,2,9,4200,0,1,3,,1,053,"RT 246","SWEENEY RD.",3168.00,E,N,B,-,Y,SB,,246," "," ",10.555,H,,R,Y,2,0,4,3,A,-,08,22107,,N,B,C,A,A,H,-,D,D,0,,,,,Y,,A,08,1,2,1,0,0,0,0,0,0,"- ","- ",34.652439117431641,-120.42653656005859,"SANTA BARBARA",UNINCORPORATED,-120.42656707763672,34.652446746826172
94540778,2025,2025-01-16,9760,2025-01-09,1809,022912,,4,2,9,4200,0,3,5,,2,002,"TURNPIKE ROAD","CAMINO DE VIDA",0.00,,Y,A,-,N,,,,,,,,,,Y,2,0,1,2,A,-,09,21802,A,N,A,C,A,A,H,-,C,D,0,,,,,Y,,A,07,1,0,0,0,0,0,0,0,0,"- ","- ",34.440601348876953,-119.78942108154297,"SANTA BARBARA",UNINCORPORATED,-119.7894287109375,34.440650939941406
94544153,2025,2025-01-21,9760,2025-01-11,1753,023912,,6,2,9,4200,0,1,3,,1,022,SR-154,"SAN MARCOS RD",4858.00,E,N,A,-,Y,SB,,154," "," ",28.073,H,,R,Y,2,0,2,3,A,-,05,21460,A,N,B,C,A,A,H,-,D,A,0,,,,,Y,,A,01,1,0,1,0,0,0,0,0,0,"- ","- ",34.484539031982422,-119.78103637695312,"SANTA BARBARA",UNINCORPORATED,-119.78112030029297,34.484523773193359
94544200,2025,2025-01-21,9760,2025-01-11,1920,023709,,6,2,5,4203,0,1,2,,2,011,"US-101 S/B","MISSION STREET",600.00,S,N,A,-,Y,SB,,101," ",R,15.564,H,,L,Y,2,0,1,1,A,-,08,22107,,N,E,8,A,A,H,-,D,D,0,,,,,Y,Y,D,22,1,0,0,0,0,0,0,0,0,"- ","- ",34.423599243164062,-119.71804809570312,"SANTA BARBARA","SANTA BARBARA",-119.71797180175781,34.423675537109375
94544681,2025,2025-01-21,9755,2025-01-13,1804,020483,,1,2,9,4200,0,1,3,,1,051,SR-1,"SANTA ROSA RD",1742.00,S,N,A,-,Y,SB,,1," "," ",17.426,H,,R,Y,2,0,1,1,A,-,03,22350,,N,F,A,A,A,H,-,D,D,0,,,Y,,Y,,C,02,1,0,0,0,0,0,0,0,1,"- ","- ",34.616790771484375,-120.42758941650391,"SANTA BARBARA",UNINCORPORATED,-120.42764282226562,34.616786956787109
94555500,2025,2025-01-30,9760,2025-01-26,1125,023965,,7,1,9,4200,0,1,3,,1,022,SR-154,"EAST CAMINO CIELO",1200.00,W,N,B,F,Y,SB,,154," "," ",24.211,H,,R,Y,2,0,1,1,A,-,03,22350,,N,B,I,A,C,H,-,A,D,0,,,,,Y,,A,07,1,0,0,0,0,0,0,0,0,"- ","- ",34.512779235839844,-119.824462890625,"SANTA BARBARA",UNINCORPORATED,-119.82462310791016,34.512767791748047
94555690,2025,2025-01-30,9750,2025-01-11,"625 ",020511,,6,1,9,4200,0,1,3,,1,012,"SR-1 (CABRILLO HIGHWAY)",SR-166,4435.00,S,N,A,-,Y,SB,,1," "," ",48.235,H,,R,Y,1,1,0,2,A,-,03,22350,,N,C,C,A,A,H,-,B,D,0,,,,Y,Y,,A,07,0,0,0,0,0,0,0,0,0,"- ","- ",34.945331573486328,-120.57418060302734,"SANTA BARBARA",UNINCORPORATED,-120.57418060302734,34.945331573486328
94567416,2025,2025-02-06,9750,2025-01-17,2335,023495,,5,3,9,4200,0,1,2,,2,002,"US-101 S/B (EL CAMINO REAL)","CLARK AVENUE",7392.00,S,N,A,-,Y,SB,,101," "," ",80.778,H,,L,Y,2,0,3,3,A,-,01,23152,A,N,B,E,E,A,H,-,D,D,0,Y,,,,Y,Y,A,01,2,0,1,0,1,0,0,0,0,"- ","- ",34.848659515380859,-120.38195037841797,"SANTA BARBARA",UNINCORPORATED,-120.38191223144531,34.848686218261719
94569208,2024,2025-02-06,9755,2024-02-29,1417,018728,,4,2,9,4200,0,1,2,,2,004,"US-101 SOUTHBOUND","OLD COAST HIGHWAY",4858.00,S,N,A,-,Y,SB,,101," ",R,50.215,H,,L,Y,2,0,1,1,C,-,18,,,N,F,A,A,D,D,G,A,D,0,,,,,Y,,-,"- ",1,0,0,0,0,0,0,0,0,"- ","- ",34.523529052734375,-120.20984649658203,"SANTA BARBARA",UNINCORPORATED,-120.20984649658203,34.523521423339844
94575505,2024,2025-02-12,9755,2024-09-29,1655,023530,,7,2,9,4200,0,1,3,,1,055,"STATE ROUTE 1 SOUTHBOUND","SANTA LUCIA CANYON RD",0.00,,Y,A,-,Y,SB,,1," ",R,26.693,H,,L,Y,1,1,3,2,A,-,09,21802,A,N,D,C,A,A,H,-,A,A,0,,,Y,,Y,,C,02,1,2,0,0,0,0,0,1,2,"- ","- ",34.713169097900391,-120.48916625976562,"SANTA BARBARA",UNINCORPORATED,-120.48918151855469,34.713169097900391
94582892,2025,2025-02-25,9750,2025-02-09,1850,020964,,7,2,5,4204,0,1,2,,2,001,US-101,"DONOVAN RD",2112.00,N,N,A,-,Y,SB,,101," "," ",90.106,H,,R,Y,2,0,1,2,A,-,01,23152,A,N,B,C,A,A,H,-,D,D,0,,,,,Y,Y,D,22,1,0,0,0,0,0,0,0,0,"- ","- ",34.973041534423828,-120.42620086669922,"SANTA BARBARA","SANTA MARIA",-120.42621612548828,34.973033905029297
9458309,2022,2022-10-13,4201,2022-05-07,1120,2028,51,6,5,2,4201,0,0,0,,0,,"GUADALUPE ST","GUADALUPE ST 859",0.00,,N,A,-,N,,,,,,,,,,Y,2,0,1,5,A,-,03,22350,,N,A,E,A,A,H,-,A,D,0,,,,,Y,,-,,1,0,0,0,0,0,0,0,0,"- ","- ",,,"SANTA BARBARA",GUADALUPE,-120.57102966308594,34.974639892578125
94586606,2024,2025-02-24,9750,2024-06-06,2236,020121,,4,3,9,4200,0,1,3,,1,021,"SR-135 S/B (ORCUTT EXPRESSWAY)","RICE RANCH ROAD",93.00,N,N,A,-,Y,SB,,135," ",R,10.037,H,,L,Y,1,1,0,1,A,-,01,23152,A,N,E,J,A,A,H,-,C,D,0,,,,,Y,Y,A,01,0,0,0,0,0,0,0,0,0,"- ","- ",34.859779357910156,-120.43836212158203,"SANTA BARBARA",UNINCORPORATED,-120.43840789794922,34.859813690185547
94589305,2025,2025-02-25,9750,2025-02-21,2211,023495,,5,3,9,4200,0,1,3,,1,063,"SR-166 E/B","CHIMINEAS RANCH RD",1901.00,W,N,A,-,Y,SLO,,166," "," ",45.882,H,,R,Y,2,0,1,1,A,-,01,23152,A,N,E,I,A,A,H,-,D,D,0,,,,,Y,Y,D,22,1,0,0,0,0,0,0,0,0,"- ","- ",35.061279296875,-119.97041320800781,"SANTA BARBARA",UNINCORPORATED,-119.97040557861328,35.061313629150391
94590298,2024,2025-02-26,9760,2024-11-29,"445 ",023709,,5,3,9,4200,0,1,3,,1,022,"STATE ROUTE 154 WESTBOUND","EAST CAMINO CIELO",1431.00,W,N,A,-,Y,SB,,154," "," ",24.148,H,,L,Y,1,1,0,1,A,-,01,23152,F,N,E,I,A,A,H,-,D,D,0,,,Y,,Y,,C,02,0,0,0,0,0,0,0,1,0,"- ","- ",34.513698577880859,-119.82470703125,"SANTA BARBARA",UNINCORPORATED,-119.82475280761719,34.513690948486328
94594422,2025,2025-03-03,9760,2025-02-16,1950,023709,,7,2,5,4203,0,1,2,,2,011,"US-101 N/B","CASTILLO ST",480.00,S,N,A,-,Y,SB,,101," ",R,14.078,H,,R,Y,2,0,1,1,A,-,08,22107,,N,E,9,A,A,H,-,D,D,0,,,,,Y,,A,07,1,0,0,0,0,0,0,0,0,"- ","- ",34.412578582763672,-119.69716644287109,"SANTA BARBARA","SANTA BARBARA",-119.69718933105469,34.412624359130859
94594486,2025,2025-03-03,9760,2025-03-01,"520 ",020423,,6,3,5,4203,0,1,2,,2,011,"US-101 N/B","GARDEN ST",500.00,S,N,A,-,Y,SB,,101," "," ",13.400,H,,R,Y,2,0,1,1,A,-,08,22107,,N,E,8,A,A,H,-,C,D,0,,,,,Y,,A,01,1,0,0,0,0,0,0,0,0,"- ","- ",34.419239044189453,-119.68843078613281,"SANTA BARBARA","SANTA BARBARA",-119.68836975097656,34.419147491455078
94597533,2024,2025-03-05,9755,2024-12-24,1000,016988,,2,1,9,4200,0,1,3,,1,055,"STATE ROUTE 1 SOUTHBOUND","CONSTELLATION ROAD",3696.00,S,N,B,-,Y,SB,,1," ",R,24.402,H,,L,Y,1,1,1,2,A,-,03,22350,,N,F,0,A,B,H,-,A,D,0,,,,,Y,,A,01,1,0,0,0,0,0,0,0,0,"- ","- ",34.693000793457031,-120.45870208740234,"SANTA BARBARA",UNINCORPORATED,-120.45876312255859,34.692977905273438
94603641,2025,2025-03-18,9755,2025-03-07,"858 ",019292,,5,1,9,4200,0,1,3,,1,053,SR-246,"MISSION GATE RD",2640.00,W,N,A,-,Y,SB,,246," "," ",10.823,H,,R,Y,2,0,3,2,A,-,03,22350,,N,A,C,A,A,H,-,A,D,0,,,,,Y,,A,07,2,0,1,0,0,0,0,0,0,"- ","- ",34.656269073486328,-120.42543029785156,"SANTA BARBARA",UNINCORPORATED,-120.42534637451172,34.65625
94624873,2024,2025-03-24,9755,2024-09-30,2125,022601,,1,2,9,4200,0,1,3,,1,042,"STATE ROUTE 154 WESTBOUND","MPM 17.06",600.00,E,N,A,-,Y,SB,,154," "," ",17.164,H,,L,Y,1,1,0,1,A,-,01,23152,A,N,E,8,A,A,H,-,D,D,0,,,,,Y,Y,A,01,0,0,0,0,0,0,0,0,0,"- ","- ",34.561660766601562,-119.92092132568359,"SANTA BARBARA",UNINCORPORATED,-119.92092895507812,34.561637878417969
94638277,2025,2025-04-07,9760,2025-03-24,1508,023913,,1,2,9,4200,0,2,S,,2,901,"OLIVE MILL RD","COAST VILLAGE RD",0.00,,Y,A,-,N,,,,,,,,,,N,2,0,1,2,A,-,09,21803,A,N,H,G,A,A,H,-,A,A,0,,Y,,,Y,,A,07,1,0,0,0,0,0,1,0,0,"- ","- ",34.421421051025391,-119.63986206054688,"SANTA BARBARA",UNINCORPORATED,-119.63995361328125,34.421653747558594
9464295,2022,2023-04-27,4203,2022-06-30,0336,24582,11,4,5,5,4203,0,0,0,,0,002,"CORONA DEL MAR","ORILLA DEL MAR",0.00,,Y,A,-,N,,,,,,,,,,N,1,1,0,2,A,-,11,21954,A,N,G,B,E,A,H,-,C,A,0,Y,,,,Y,,N,60,0,0,0,1,0,0,0,0,0,"- ","- ",34.417881011962891,-119.67130279541016,"SANTA BARBARA","SANTA BARBARA",-119.67102813720703,34.417690277099609
94653297,2024,2025-04-17,9760,2024-08-15,1232,021294,,4,1,9,4200,0,1,2,,1,040,"US-101 SOUTHBOUND","LAS VARAS CANYON ROAD",500.00,N,N,A,-,Y,SB,,101," "," ",30.564,H,,L,Y,1,1,0,3,A,-,08,22107,,N,B,2,F,A,H,-,A,D,0,Y,,,,Y,Y,-,"- ",0,0,0,1,0,0,0,0,0,"- ","- ",34.452430725097656,-119.96598052978516,"SANTA BARBARA",UNINCORPORATED,-119.96593475341797,34.452468872070312
94654979,2025,2025-04-18,9750,2025-04-10,"803 ",016469,,4,1,5,4204,0,1,2,,2,001,"US-101 S/B","STOWELL RD",2587.00,S,N,A,-,Y,SB,,101," "," ",87.116,H,,L,Y,2,0,2,3,A,-,03,22350,,M,C,C,A,A,H,-,A,D,0,,,,,Y,,A,07,1,1,0,0,0,0,0,0,0,"- ","- ",34.931270599365234,-120.41799163818359,"SANTA BARBARA","SANTA MARIA",-120.41795349121094,34.931270599365234
94669858,2025,2025-04-30,9760,2025-04-26,2323,023913,,6,3,9,4200,0,3,5,,2,002,"MODOC RD","VIA ZORRO",0.00,,Y,A,-,N,,,,,,,,,,Y,2,0,1,2,A,-,03,22350,,N,C,C,A,A,H,-,C,A,0,,,Y,,Y,,C,02,1,0,0,0,0,0,0,0,1,"- ","- ",34.436931610107422,-119.75679016113281,"SANTA BARBARA",UNINCORPORATED,-119.75938415527344,34.437023162841797
94669892,2025,2025-04-30,9750,2025-04-27,2132,023429,,7,2,5,4204,0,1,2,,2,001,"US-101 N/B TO MAIN STREET","NICHOLSON AVE",65.00,W,N,A,-,Y,,,,,,,,,,Y,2,0,1,1,A,-,01,23152,A,N,E,I,A,A,H,-,C,D,0,,,,,Y,Y,A,07,1,0,0,0,0,0,0,0,0,"- ","- ",34.95159912109375,-120.41689300537109,"SANTA BARBARA","SANTA MARIA",-120.417724609375,34.919227600097656
94671496,2025,2025-05-01,9750,2025-04-17,2500,024250,,4,4,9,4200,0,3,5,,2,030,"PALMER RD","PALMER ROAD",5808.00,S,N,A,-,N,,,,,,,,,,Y,2,0,1,1,A,-,01,23152,A,N,E,I,A,A,H,-,D,D,0,,,,,Y,Y,A,01,1,0,0,0,0,0,0,0,0,"- ","- ",34.828109741210938,-120.32624053955078,"SANTA BARBARA",UNINCORPORATED,,
94692341,2025,2025-05-19,9760,2025-05-08,1550,024468,,4,2,9,4200,0,1,2,,1,040,"US 101 SOUTHBOUND","ARROYO HONDO PRESERVE",2640.00,N,N,A,-,Y,SB,,101," "," ",41.655,H,,L,Y,2,0,1,1,A,-,08,22107,,N,E,I,A,A,H,-,A,D,0,,,,,Y,,A,08,1,0,0,0,0,0,0,0,0,"- ","- ",34.474071502685547,-120.15165710449219,"SANTA BARBARA",UNINCORPORATED,-120.15167236328125,34.474205017089844
94695339,2025,2025-05-21,9750,2025-05-11,"248 ",019648,,7,3,9,4200,0,1,2,,2,003,"US-101 S/B (EL CAMINO REAL)","ALISOS CANYON ROAD",7920.00,S,N,A,-,Y,SB,,101," "," ",67.204,H,,L,Y,2,0,1,1,A,-,01,23152,A,N,F,A,A,A,H,-,D,D,0,,,,,Y,Y,A,07,1,0,0,0,0,0,0,0,0,"- ","- ",34.722530364990234,-120.21082305908203,"SANTA BARBARA",UNINCORPORATED,-120.21083831787109,34.722503662109375
94697738,2025,2025-05-22,9760,2025-05-13,1843,023449,,2,2,9,4200,0,3,5,,2,005,"SABADO TARDE RD","CAMINO PESCADERO",0.00,,Y,A,-,N,,,,,,,,,,N,2,0,2,3,A,-,03,22350,,N,A,B,B,A,H,-,A,D,0,Y,,,,Y,,A,07,1,1,0,0,2,0,0,0,0,"- ","- ",34.410480499267578,-119.85881805419922,"SANTA BARBARA",UNINCORPORATED,-119.85870361328125,34.410446166992188
94703831,2025,2025-09-08,9750,2025-05-19,"824 ",020907,,1,1,9,4200,0,1,3,,1,023,SR-135,"BROWNE RANCH  RD.",792.00,N,N,A,-,Y,SB,,135," "," ",6.419,H,,R,N,2,0,2,2,A,-,08,22107,,N,A,C,A,A,H,-,A,D,0,,,,,Y,,A,01,1,1,0,0,0,0,0,0,0,"- ","- ",34.757251739501953,-120.38002777099609,"SANTA BARBARA",UNINCORPORATED,-120.38003540039062,34.757240295410156