CASE_ID,ACCIDENT_YEAR,PROC_DATE,JURIS,COLLISION_DATE,COLLISION_TIME,OFFICER_ID,REPORTING_DISTRICT,DAY_OF_WEEK,CHP_SHIFT,POPULATION,CNTY_CITY_LOC,SPECIAL_COND,BEAT_TYPE,CHP_BEAT_TYPE,CITY_DIVISION_LAPD,CHP_BEAT_CLASS,BEAT_NUMBER,PRIMARY_RD,SECONDARY_RD,DISTANCE,DIRECTION,INTERSECTION,WEATHER_1,WEATHER_2,STATE_HWY_IND,CALTRANS_COUNTY,CALTRANS_DISTRICT,STATE_ROUTE,ROUTE_SUFFIX,POSTMILE_PREFIX,POSTMILE,LOCATION_TYPE,RAMP_INTERSECTION,SIDE_OF_HWY,TOW_AWAY,COLLISION_SEVERITY,NUMBER_KILLED,NUMBER_INJURED,PARTY_COUNT,PRIMARY_COLL_FACTOR,PCF_CODE_OF_VIOL,PCF_VIOL_CATEGORY,PCF_VIOLATION,PCF_VIOL_SUBSECTION,HIT_AND_RUN,TYPE_OF_COLLISION,MVIW,PED_ACTION,ROAD_SURFACE,ROAD_COND_1,ROAD_COND_2,LIGHTING,CONTROL_DEVICE,CHP_ROAD_TYPE,PEDESTRIAN_ACCIDENT,BICYCLE_ACCIDENT,MOTORCYCLE_ACCIDENT,TRUCK_ACCIDENT,NOT_PRIVATE_PROPERTY,ALCOHOL_INVOLVED,STWD_VEHTYPE_AT_FAULT,CHP_VEHTYPE_AT_FAULT,COUNT_SEVERE_INJ,COUNT_VISIBLE_INJ,COUNT_COMPLAINT_PAIN,COUNT_PED_KILLED,COUNT_PED_INJURED,COUNT_BICYCLIST_KILLED,COUNT_BICYCLIST_INJURED,COUNT_MC_KILLED,COUNT_MC_INJURED,PRIMARY_RAMP,SECONDARY_RAMP,LATITUDE,LONGITUDE,COUNTY,CITY,POINT_X,POINT_Y
94711175,2025,2025-06-03,9760,2025-05-22,"811 ",023886,,4,1,9,4200,0,1,2,,2,010,US-101,"SAN YSIDRO ROAD",1000.00,S,N,A,-,Y,SB,,101," "," ",9.884,H,,R,Y,2,0,1,3,A,-,03,22350,,N,C,C,A,A,D,-,A,D,0,,,Y,,Y,,C,02,1,0,0,0,0,0,0,0,1,"- ","- ",34.421680450439453,-119.62931060791016,"SANTA BARBARA",UNINCORPORATED,-119.62925720214844,34.421791076660156
94713199,2025,2025-06-04,9755,2025-06-01,1156,020483,,7,1,9,4200,0,1,2,,2,004,US-101,"OLD COAST HIGHWAY",2640.00,S,N,A,-,Y,SB,,101," ",R,51.911,H,,R,Y,2,0,3,2,A,-,09,21801,A,N,D,C,A,A,H,-,A,D,0,,,,,Y,,A,01,1,2,0,0,0,0,0,0,0,"- ","- ",34.540111541748047,-120.19677734375,"SANTA BARBARA",UNINCORPORATED,-120.19687652587891,34.540138244628906
94714642,2025,2025-06-05,9755,2025-05-28,"223 ",022749,,3,3,9,4200,0,1,3,,1,042,SR-154,"MM 17.06",50.00,E,N,A,-,Y,SB,,154," "," ",16.970,H,,R,N,2,0,1,1,A,-,01,23152,A,N,E,8,A,A,H,-,D,D,0,,,,,Y,Y,A,01,1,0,0,0,0,0,0,0,0,"- ","- ",34.561359405517578,-119.92429351806641,"SANTA BARBARA",UNINCORPORATED,-119.92430114746094,34.561443328857422
9471783,2023,2023-11-30,4200,2023-10-05,1105,5652,14,4,5,4,4214,0,0,0,,0,060,"HOLLISTER AV","NECTARINE AV",45.00,S,N,A,-,N,,,,,,,,,,N,2,0,1,2,A,-,00,22016,,N,G,B,B,A,C,-,A,A,0,Y,,,,Y,,D,22,1,0,0,0,1,0,0,0,0,"- ","- ",,,"SANTA BARBARA",GOLETA,-119.82666015625,34.435848236083984
94723375,2025,2025-06-12,9760,2025-06-06,"854 ",023546,,5,1,9,4200,0,1,2,,1,040,"US-101 SOUTHBOUND","ARROYO QUEMADA LN",1320.00,N,N,B,-,Y,SB,,101," "," ",39.083,H,,L,N,2,0,1,1,A,-,08,22107,,N,E,I,A,A,H,-,A,D,0,,Y,,,Y,,L,04,1,0,0,0,0,0,1,0,0,"- ","- ",34.467369079589844,-120.1082763671875,"SANTA BARBARA",UNINCORPORATED,-120.1082763671875,34.467384338378906
94724013,2025,2025-06-12,9760,2025-05-02,2119,023912,,5,2,3,4205,0,1,3,,1,016,SR-150,"RINCON HILL ROAD",113.00,E,N,A,-,Y,SB,,150," "," ",0.574,H,,R,Y,2,0,1,1,A,-,03,22350,,N,E,I,A,A,H,-,D,D,0,,,Y,,Y,,C,02,1,0,0,0,0,0,0,0,1,"- ","- ",34.384788513183594,-119.47509765625,"SANTA BARBARA",CARPINTERIA,-119.47512054443359,34.384635925292969
9473312,2022,2022-08-11,4203,2022-07-14,1411,24576,62,4,5,5,4203,0,0,0,,0,001,"MILPAS ST","QUINIENTOS ST",0.00,,Y,A,-,N,,,,,,,,,,Y,2,0,2,2,A,-,09,21801,A,N,D,C,A,A,H,-,A,A,0,,,Y,,Y,,A,07,1,0,1,0,0,0,0,0,1,"- ","- ",34.421581268310547,-119.67900848388672,"SANTA BARBARA","SANTA BARBARA",-119.67890167236328,34.421615600585938
94735409,2025,2025-06-23,9760,2025-06-02,2215,024366,,1,3,9,4200,0,2,4,,1,021,"HOLLISTER AVENUE E/B","WALNUT LANE",680.00,E,N,A,-,N,,,,,,,,,,N,2,0,1,2,A,-,03,22350,,N,H,G,A,A,H,-,D,D,0,,Y,,,Y,,L,04,1,0,0,0,0,0,1,0,0,"- ","- ",34.434719085693359,-119.80007171630859,"SANTA BARBARA",UNINCORPORATED,-119.79998779296875,34.434768676757812
94736269,2025,2025-06-23,9755,2025-06-19,1423,017378,,4,2,9,4200,0,1,3,,1,051,SR-1,"JALAMA RD",10560.00,S,N,A,-,Y,SB,,1," ",R,13.004,H,,R,Y,2,0,1,1,A,-,01,23152,A,N,F,A,A,A,H,-,A,D,0,,,,,Y,Y,A,07,1,0,0,0,0,0,0,0,0,"- ","- ",34.580448150634766,-120.38033294677734,"SANTA BARBARA",UNINCORPORATED,-120.38039398193359,34.580352783203125
9474105,2022,2022-08-16,4203,2022-08-02,1915,23136,42,2,5,5,4203,0,0,0,,0,003,"STATE ST","MICHELTORENA ST",0.00,,Y,A,-,N,,,,,,,,,,Y,2,0,2,2,A,-,09,21801,A,N,D,C,A,A,H,-,A,A,0,,,Y,,Y,,A,01,1,0,1,0,0,0,0,0,1,"- ","- ",34.426151275634766,-119.70834350585938,"SANTA BARBARA","SANTA BARBARA",-119.70832061767578,34.426170349121094
94753735,2025,2025-07-08,9760,2025-06-20,2215,023965,,5,3,5,4203,0,1,2,,2,011,"US-101 SOUTHBOUND","CARRILLO STREET",1795.00,S,N,A,-,Y,SB,,101," ",R,15.127,H,,L,N,2,0,1,2,A,-,07,21658,A,M,F,A,A,A,H,-,D,D,0,,,Y,,Y,,-,99,1,0,0,0,0,0,0,0,1,"- ","- ",34.419521331787109,-119.71224975585938,"SANTA BARBARA","SANTA BARBARA",-119.71224975585938,34.419517517089844
94781104,2025,2025-07-29,9750,2025-06-14,2108,019648,,6,2,5,4204,0,1,2,,2,001,"US-101 NORTHBOUND TO MAIN STREET","NICHOLSON AVE",35.00,W,N,A,-,Y,,,,,,,,,,Y,1,1,0,2,A,-,08,22107,,N,E,I,A,A,H,-,C,A,0,,,,,Y,,A,01,0,0,0,0,0,0,0,0,0,"- ","- ",34.951728820800781,-120.41674041748047,"SANTA BARBARA","SANTA MARIA",-120.417724609375,34.919227600097656
9478735,2022,2022-08-11,4200,2022-07-11,1815,3475,14,1,5,4,4214,0,0,0,,0,080,"STORKE RD","BOLLAY DR",255.00,S,N,A,-,N,,,,,,,,,,Y,2,0,5,2,A,-,01,23152,A,N,D,C,A,A,H,-,A,A,0,,,,,Y,Y,A,01,2,0,3,0,0,0,0,0,0,"- ","- ",,,"SANTA BARBARA",GOLETA,-119.86975860595703,34.427360534667969
94812994,2025,2025-08-21,9755,2025-05-18,1800,022756,,7,2,9,4200,0,1,3,,1,051,"STATE ROUTE 1 NORTHBOUND","MPM 9.89",940.00,S,N,A,-,Y,SB,,1," "," ",9.725,H,,R,Y,1,3,2,4,A,-,06,21751,,N,A,2,A,A,H,-,A,D,0,,,,,Y,,A,01,2,0,0,0,0,0,0,0,0,"- ","- ",34.539218902587891,-120.35317230224609,"SANTA BARBARA",UNINCORPORATED,-120.35319519042969,34.539211273193359
94818271,2025,2025-08-26,9760,2025-03-22,2500,023886,,6,4,9,4200,0,1,3,,1,016,"STATE ROUTE 150 (CASITAS PASS ROAD)","GOBERNADOR CANYON ROAD",0.00,,Y,A,-,Y,SB,,150," "," ",2.190,H,,R,Y,1,1,0,1,A,-,01,23152,A,N,E,I,A,A,H,-,D,D,0,,,Y,,Y,Y,C,02,0,0,0,0,0,0,0,1,0,"- ","- ",34.396148681640625,-119.45378112792969,"SANTA BARBARA",UNINCORPORATED,-119.45378875732422,34.396022796630859
9485901,2022,2022-09-09,4203,2022-08-23,1324,24079,34,2,5,5,4203,0,0,0,,0,004,"CHAPALA ST","VALERIO ST",0.00,,Y,A,-,N,,,,,,,,,,,2,0,1,2,A,-,05,21650,,N,H,G,A,A,H,-,A,A,0,,Y,,,Y,,L,04,1,0,0,0,0,0,1,0,0,"- ","- ",34.426990509033203,-119.71201324462891,"SANTA BARBARA","SANTA BARBARA",-119.71193695068359,34.427017211914062
9489464,2022,2022-08-31,4202,2022-07-05,1448,230,4202,2,5,4,4202,0,0,0,,0,,"V ST","CENTRAL AV",540.00,S,N,A,-,N,,,,,,,,,,N,2,0,1,2,A,-,07,21658,A,N,B,G,A,A,H,-,A,D,0,,Y,,,Y,,A,01,1,0,0,0,0,0,1,0,0,"- ","- ",,,"SANTA BARBARA",LOMPOC,-120.4755859375,34.659763336181641
9492873,2022,2022-09-22,4200,2022-08-24,1728,3077,14,3,5,4,4214,0,0,0,,0,080,"CALLE REAL","CALAVERAS AV",0.00,,Y,A,-,N,,,,,,,,,,N,2,0,1,2,A,-,08,22107,,N,H,G,A,-,H,-,A,D,0,,Y,,,Y,,L,04,1,0,0,0,0,0,1,0,0,"- ","- ",,,"SANTA BARBARA",GOLETA,-119.87799835205078,34.432991027832031
9499993,2022,2022-09-30,4203,2022-09-06,0711,26178,56,2,5,5,4203,0,0,0,,0,005,"PRIMAVERA RD","CIENEGUITAS RD",0.00,,Y,A,-,N,,,,,,,,,,N,2,0,1,2,A,-,09,21801,A,N,D,G,A,A,H,-,A,A,0,,Y,,,Y,,A,01,1,0,0,0,0,0,1,0,0,"- ","- ",34.446701049804688,-119.75430297851562,"SANTA BARBARA","SANTA BARBARA",-119.75958251953125,34.447780609130859
9505847,2022,2022-11-22,4200,2022-09-20,1342,4950,14,2,5,4,4214,0,0,0,,0,060,"HOLLISTER AV","RUTHERFORD ST",129.00,E,N,A,-,N,,,,,,,,,,Y,2,0,1,2,A,-,08,22102,,N,D,C,A,A,H,-,A,D,0,,,Y,,Y,,A,07,1,0,0,0,0,0,0,0,0,"- ","- ",,,"SANTA BARBARA",GOLETA,-119.82481384277344,34.43572998046875
9517438,2022,2022-12-29,4203,2022-11-29,1909,6378,38,2,5,5,4203,0,0,0,,0,005,"STATE ST","ALAMAR AV",0.00,,Y,A,-,N,,,,,,,,,,N,2,0,1,2,A,-,08,22107,,N,A,C,A,A,H,-,C,A,0,,,Y,,Y,,C,02,1,0,0,0,0,0,0,0,1,"- ","- ",34.436988830566406,-119.71965789794922,"SANTA BARBARA","SANTA BARBARA",-119.72476959228516,34.43853759765625
9520005,2022,2022-12-14,4200,2022-08-30,1449,4950,14,2,5,4,4214,0,0,0,,0,060,"NECTARINE AV","MANDARIN DR",126.00,N,N,A,-,N,,,,,,,,,,N,1,1,0,2,A,-,11,21954,A,N,G,B,D,A,H,-,A,D,0,Y,,,,Y,,N,60,0,0,0,1,0,0,0,0,0,"- ","- ",,,"SANTA BARBARA",GOLETA,-119.82659912109375,34.437686920166016
9520188,2022,2023-03-06,4200,2022-10-21,1554,3475,14,5,5,4,4214,0,0,0,,0,080,"GLEN ANNIE RD","RT 101",0.00,,Y,B,-,Y,SB,5,101,-,-,24.284,R,4,N,N,1,1,0,2,A,-,12,21453,A,N,H,G,A,A,H,-,A,A,0,,Y,,,Y,,L,04,0,0,0,0,0,1,0,0,0,"- ",NF,34.435298919677734,-119.87106323242188,"SANTA BARBARA",GOLETA,-119.86268615722656,34.435951232910156
9520712,2022,2023-07-10,4203,2022-05-28,1655,775,4297,6,5,5,4203,0,0,0,,0,,"EL COLEGIO RD","STADIUM RD",0.00,,Y,A,-,N,,,,,,,,,,Y,1,3,5,3,A,-,01,23152,F,N,A,C,A,A,H,-,A,A,0,,,,,Y,,A,01,4,1,0,0,0,0,0,0,0,"- ","- ",,,"SANTA BARBARA","SANTA BARBARA",-119.85348510742188,34.417152404785156
9520984,2022,2022-11-21,4203,2022-10-07,1847,24093,62,5,5,5,4203,0,0,0,,0,001,"N MILPITAS ST","YANONALI ST",59.00,N,N,A,-,N,,,,,,,,,,N,2,0,1,2,A,-,11,21954,A,N,G,B,D,A,H,-,A,A,0,Y,,,,Y,,N,60,1,0,0,0,1,0,0,0,0,"- ","- ",34.423488616943359,-119.68154907226562,"SANTA BARBARA","SANTA BARBARA",-119.68162536621094,34.423599243164062
9543199,2022,2023-02-17,4204,2022-12-06,2112,20894,,2,5,5,4204,0,0,0,,0,,"MORRISON AV",BROADWAY,0.00,,Y,A,C,Y,SB,5,135,-,-,15.070,H,-,N,Y,2,0,2,4,A,-,01,23152,A,N,D,B,E,B,H,-,C,D,0,Y,,,,Y,Y,A,01,1,1,0,0,2,0,0,0,0,"- ","- ",34.943080902099609,-120.43580627441406,"SANTA BARBARA","SANTA MARIA",-120.43595886230469,34.942943572998047
9543639,2022,2023-01-13,4202,2022-11-04,2121,239,LOMPO,5,5,4,4202,0,0,0,,0,,"BELL AV","LINDA VISTA DR",424.00,E,N,A,-,N,,,,,,,,,,Y,2,0,1,2,A,-,01,23152,A,M,D,C,A,A,H,-,C,D,0,,,,,Y,Y,D,22,1,0,0,0,0,0,0,0,0,"- ","- ",,,"SANTA BARBARA",LOMPOC,-120.44344329833984,34.657478332519531
9546073,2023,2023-02-17,4203,2023-01-19,"845 ",24582,56,4,5,5,4203,0,0,0,,0,005,"CALLE REAL","PESETAS LN",0.00,,Y,A,-,N,,,,,,,,,,Y,2,0,1,2,A,-,09,21802,A,N,D,C,A,A,H,-,A,A,0,,,Y,,Y,,D,22,1,0,0,0,0,0,0,0,1,"- ","- ",34.441570281982422,-119.75821685791016,"SANTA BARBARA","SANTA BARBARA",-119.75840759277344,34.441505432128906
9557247,2023,2023-05-25,4203,2023-03-16,1229,24582,62,4,5,5,4203,0,0,0,,0,001,"N MILPAS ST","E MONTECITO ST",6.00,S,N,A,-,N,,,,,,,,,,N,2,0,1,2,A,-,03,22350,,N,D,C,A,A,H,-,A,A,0,,,Y,,Y,,C,02,1,0,0,0,0,0,0,0,1,"- ","- ",34.424461364746094,-119.68282318115234,"SANTA BARBARA","SANTA BARBARA",-119.68279266357422,34.424449920654297
9571676,2023,2023-04-29,4203,2023-03-22,1225,24079,35,3,5,5,4203,0,0,0,,0,004,"DE LA VINA ST","PADRE ST",50.00,S,N,B,C,N,,,,,,,,,,,2,0,1,2,A,-,08,22107,,N,H,G,A,B,H,-,A,D,0,,Y,,,Y,,L,04,1,0,0,0,0,0,1,0,0,"- ","- ",34.429679870605469,-119.71829223632812,"SANTA BARBARA","SANTA BARBARA",-119.71808624267578,34.429607391357422
9582024,2023,2023-05-24,4200,2023-04-07,1137,3077,14,5,5,4,4214,0,0,0,,0,060,"FAIRVIEW AV","MATTHEWS ST",0.00,,Y,A,-,N,,,,,,,,,,Y,2,0,4,2,A,-,09,21802,A,N,D,C,A,A,H,-,A,A,0,,,,,Y,,A,01,1,0,3,0,0,0,0,0,0,"- ","- ",34.430259704589844,-119.83071136474609,"SANTA BARBARA",GOLETA,-119.83068084716797,34.430282592773438
9587783,2023,2023-06-09,4203,2023-04-01,1907,7189,76,6,5,5,4203,0,0,0,,0,001,"HILLCREST RD","MISSION RIDGE RD",470.00,N,N,A,-,N,,,,,,,,,,Y,2,0,1,2,A,-,03,22350,,N,D,C,A,A,H,-,A,D,0,,,Y,,Y,,A,01,1,0,0,0,0,0,0,0,1,"- ","- ",34.444618225097656,-119.69609069824219,"SANTA BARBARA","SANTA BARBARA",-119.68984222412109,34.440708160400391
9589509,2023,2023-06-14,4200,2023-05-20,1909,5576,14,6,5,4,4214,0,0,0,,0,050,"CALLE REAL","N FAIRVIEW AV",332.00,E,N,B,-,N,,,,,,,,,,N,2,0,1,2,A,-,08,22107,,N,D,C,A,A,H,-,B,D,0,,,Y,,Y,,A,01,1,0,0,0,0,0,0,0,1,"- ","- ",,,"SANTA BARBARA",GOLETA,-119.82954406738281,34.441593170166016
9591222,2023,2023-07-13,4203,2023-05-19,1626,24582,38,5,5,5,4203,0,0,0,,0,005,"DE LA VINA ST","CALLE LAURELES",75.00,N,N,A,-,N,,,,,,,,,,N,2,0,1,2,A,-,17,22517,,N,B,G,A,A,H,-,A,A,0,,Y,,,Y,,A,01,1,0,0,0,0,0,1,0,0,"- ","- ",34.437290191650391,-119.72322845458984,"SANTA BARBARA","SANTA BARBARA",-119.72853851318359,34.438983917236328
9596631,2023,2023-08-03,4203,2023-06-13,"744 ",24079,35,2,5,5,4203,0,0,0,,0,004,"CHAPALA ST","PEDREGOSA ST",0.00,,Y,B,-,N,,,,,,,,,,N,2,0,1,2,A,-,09,21802,A,N,H,G,A,A,H,-,A,A,0,,Y,,,Y,,A,01,1,0,0,0,0,0,1,0,0,"- ","- ",34.428909301757812,-119.71454620361328,"SANTA BARBARA","SANTA BARBARA",-119.71453094482422,34.428871154785156
9601397,2023,2023-08-25,4203,2023-06-10,2212,25527,19,6,5,5,4203,0,0,0,,0,006,"CLIFF DR","LAS POSITAS RD",0.00,,Y,A,-,N,,,,,,,,,,Y,2,0,1,1,A,-,03,22350,,N,F,A,A,A,H,-,C,D,0,,,Y,,Y,,C,02,1,0,0,0,0,0,0,0,1,"- ","- ",34.405109405517578,-119.73950958251953,"SANTA BARBARA","SANTA BARBARA",-119.73932647705078,34.405387878417969
9603043,2023,2023-08-02,4203,2023-06-14,1602,24582,26,3,5,5,4203,0,0,0,,0,006,"LAS POSITAS RD","PORTESUELLO AV",0.00,,Y,A,-,N,,,,,,,,,,Y,2,0,2,2,A,-,12,21453,A,N,H,G,A,A,H,-,A,A,0,,Y,Y,,Y,,C,02,2,0,0,0,0,0,1,0,1,"- ","- ",34.4180908203125,-119.74124908447266,"SANTA BARBARA","SANTA BARBARA",-119.74122619628906,34.418132781982422
9604907,2023,2024-01-22,4203,2023-11-25,1545,25912,32,6,5,5,4203,0,0,0,,0,004,"W CARRILLO ST","ST VINCENT AVE",28.00,E,N,A,-,N,,,,,,,,,,N,2,0,1,2,A,-,08,22107,,N,H,G,A,A,H,-,A,D,0,,Y,,,Y,,L,04,1,0,0,0,0,0,1,0,0,"- ","- ",34.418949127197266,-119.70469665527344,"SANTA BARBARA","SANTA BARBARA",-119.70458984375,34.418930053710938
9605793,2023,2023-08-07,4203,2023-06-18,1049,6983,12,7,5,5,4203,0,0,0,,0,002,"CABRILLO BL","ANACAPA ST",0.00,,Y,B,-,N,,,,,,,,,,N,2,0,1,2,A,-,10,21950,A,N,G,B,B,A,H,-,A,A,0,Y,,,,Y,,A,07,1,0,0,0,1,0,0,0,0,"- ","- ",34.413108825683594,-119.68801116943359,"SANTA BARBARA","SANTA BARBARA",-119.68801116943359,34.413265228271484
9608627,2023,2023-08-22,4203,2023-06-08,1147,24582,12,4,5,5,4203,0,0,0,,0,002,"CABRILLO BL","HELENA AV",0.00,,Y,A,-,N,,,,,,,,,,N,2,0,1,2,A,-,09,21801,A,N,H,G,A,A,H,-,A,A,0,,Y,,,Y,,A,07,1,0,0,0,0,0,1,0,0,"- ","- ",34.410629272460938,-119.68406677246094,"SANTA BARBARA","SANTA BARBARA",-119.68856048583984,34.412761688232422
9612628,2023,2023-08-21,4202,2023-07-22,1807,80738,4202,6,5,4,4202,0,0,0,,0,,"V ST","WEST OAK AV",0.00,,N,A,-,N,,,,,,,,,,Y,2,0,1,2,A,-,03,22350,,N,A,C,A,A,H,-,A,D,0,,,Y,,Y,,C,02,1,0,0,0,0,0,0,0,1,"- ","- ",,,"SANTA BARBARA",LOMPOC,-120.475341796875,34.651988983154297
9616420,2023,2023-10-17,4202,2023-09-04,1437,80764,4202,1,5,4,4202,0,0,0,,0,,"U ST","OCEAN AV",111.00,S,N,A,-,N,,,,,,,,,,N,2,0,1,2,A,-,08,22107,,N,F,E,A,A,H,-,A,A,0,,,Y,,Y,,C,02,1,0,0,0,0,0,0,0,1,"- ","- ",,,"SANTA BARBARA",LOMPOC,-120.47435760498047,34.638805389404297
9616708,2023,2023-10-10,4203,2023-08-20,2128,25527,11,7,5,5,4203,0,0,0,,0,001,"S MILPAS","QUINIENTOS ST",53.00,S,N,C,-,N,,,,,,,,,,N,2,0,1,2,A,-,11,21954,A,N,G,B,D,B,H,-,C,A,0,Y,,,,Y,Y,N,60,1,0,0,0,1,0,0,0,0,"- ","- ",34.419410705566406,-119.67418670654297,"SANTA BARBARA","SANTA BARBARA",-119.67876434326172,34.421527862548828
9620791,2023,2023-10-23,4202,2023-09-22,1911,80818,4202,5,5,4,4202,0,0,0,,0,,"WALNUT AV","L ST",3.00,E,N,A,-,N,,,,,,,,,,N,2,0,2,3,A,-,03,22350,,F,G,B,B,A,H,-,B,D,0,Y,,,,Y,,A,01,2,0,0,0,2,0,0,0,0,"- ","- ",,,"SANTA BARBARA",LOMPOC,-120.46295166015625,34.640659332275391
9624850,2023,2023-10-03,4202,2023-02-11,"224 ",239,4202,6,5,4,4202,0,0,0,,0,,"A ST","CYPRESS AV",239.00,S,N,A,-,N,,,,,,,,,,Y,2,0,1,3,A,-,01,23152,A,N,C,E,A,A,H,-,C,D,0,,,,,Y,Y,A,01,1,0,0,0,0,0,0,0,0,"- ","- ",,,"SANTA BARBARA",LOMPOC,-120.44904327392578,34.636585235595703
9626958,2023,2023-12-02,4203,2023-10-07,1054,25912,16,6,5,5,4203,0,0,0,,0,006,"CLIFF DR","SALIDA DEL SOL",210.00,W,N,A,-,N,,,,,,,,,,Y,2,0,2,2,A,-,08,22107,,F,C,E,A,A,H,-,A,D,0,,,,,Y,,A,07,1,1,0,0,0,0,0,0,0,"- ","- ",34.401088714599609,-119.72026824951172,"SANTA BARBARA","SANTA BARBARA",-119.72025299072266,34.401161193847656
9638587,2023,2023-11-17,4200,2023-10-28,2324,3475,14,6,5,4,4214,0,0,0,,0,060,"HOLLISTER AV","NECTARINE AV",24.00,W,N,A,-,N,,,,,,,,,,N,2,0,1,2,A,-,07,21658,A,N,D,C,A,A,H,-,C,A,0,,,,,Y,Y,A,01,1,0,0,0,0,0,0,0,0,"- ","- ",,,"SANTA BARBARA",GOLETA,-119.82673645019531,34.435855865478516
9640287,2024,2024-07-26,4203,2024-02-24,"202 ",24079,44,6,5,5,4203,0,0,0,,0,003,"SANTA BARBARA ST","COTA ST",0.00,,Y,A,-,N,,,,,,,,,,Y,1,1,0,2,D,-,00,,,F,D,C,A,A,H,-,C,A,0,,,Y,,Y,,-,"- ",0,0,0,0,0,0,0,1,0,"- ","- ",34.419921875,-119.69455718994141,"SANTA BARBARA","SANTA BARBARA",-119.69450378417969,34.419887542724609
9640402,2024,2024-04-24,4203,2024-03-08,1848,24582,56,5,5,5,4203,0,0,0,,0,005,"3800 STATE ST","PLAZA LN",0.00,,Y,A,-,N,,,,,,,,,,N,1,1,0,2,A,-,10,21950,A,N,G,B,B,A,H,-,A,A,0,Y,,,,Y,,I,10,0,0,0,1,0,0,0,0,0,"- ","- ",34.439208984375,-119.74311828613281,"SANTA BARBARA","SANTA BARBARA",-119.74890899658203,34.440418243408203
9640782,2024,2024-09-11,4201,2024-07-31,1856,0083,SMSC,3,5,2,4201,0,0,0,,0,051,"GUADALUPE ST","5TH ST",0.00,,Y,E,-,N,,,,,,,,,,Y,1,1,0,1,A,-,08,22107,,N,E,I,A,A,H,-,A,D,0,,,,,Y,,-,,0,0,0,0,0,0,0,0,0,"- ","- ",,,"SANTA BARBARA",GUADALUPE,-120.57390594482422,34.964809417724609
9640847,2024,2024-08-06,4203,2024-06-29,2333,24576,15,6,5,5,4203,0,0,0,,0,002,"CLIFF DR","LOMA ALTA DR",650.00,W,N,A,-,N,,,,,,,,,,N,1,1,0,2,D,-,00,,,F,G,B,E,A,H,-,C,D,0,Y,,,,Y,,-,"- ",0,0,0,1,0,0,0,0,0,"- ","- ",34.404590606689453,-119.69712829589844,"SANTA BARBARA","SANTA BARBARA",-119.70336151123047,34.40557861328125
9640967,2024,2024-09-30,4204,2024-03-15,2125,91401,7,5,5,5,4204,0,0,0,,0,001,BROADWAY,"ALVIN AV",240.00,N,N,A,-,N,,,,,,,,,,Y,1,1,0,2,A,-,11,21954,A,N,G,B,D,A,H,-,C,A,0,Y,,,,Y,,N,60,0,0,0,1,0,0,0,0,0,"- ","- ",34.960498809814453,-120.43576049804688,"SANTA BARBARA","SANTA MARIA",-120.43572998046875,34.961097717285156
9641235,2023,2023-12-04,4203,2023-10-26,1501,25912,21,4,5,5,4203,0,0,0,,0,006,"CARILLO ST","MIRAMONTE DR",0.00,,Y,A,-,N,,,,,,,,,,Y,2,0,3,2,A,-,09,21802,A,N,D,C,A,A,H,-,A,A,0,,,,,Y,,A,07,1,0,2,0,0,0,0,0,0,"- ","- ",34.408050537109375,-119.71333312988281,"SANTA BARBARA","SANTA BARBARA",-119.71772003173828,34.409725189208984
9642560,2023,2023-12-21,4203,2023-11-21,1817,2106,62,2,5,5,4203,0,0,0,,0,001,"N MILPAS ST","GUTIERREZ ST",9.00,N,N,A,-,N,,,,,,,,,,N,2,0,1,2,A,-,12,21453,A,N,H,G,A,A,H,-,C,A,0,,Y,,,Y,,L,04,1,0,0,0,0,0,1,0,0,"- ","- ",34.425411224365234,-119.68406677246094,"SANTA BARBARA","SANTA BARBARA",-119.68408203125,34.425407409667969
9648876,2023,2024-01-02,4200,2023-10-19,1934,5784,14,4,5,4,4214,0,0,0,,0,080,"ELLWOOD BEACH DR",STREHLE,22.00,S,N,A,-,N,,,,,,,,,,N,2,0,1,3,A,-,01,21200,5,N,G,G,E,A,H,-,C,D,0,Y,Y,,,Y,Y,L,04,1,0,0,0,1,0,0,0,0,"- ","- ",,,"SANTA BARBARA",GOLETA,-119.88564300537109,34.425308227539062
9648973,2023,2024-01-04,4203,2023-10-01,2215,25790,21,7,5,5,4203,0,0,0,,0,006,"SAN PASCUAL ST","W FIGUEROA ST",216.00,N,N,A,-,N,,,,,,,,,,N,2,0,1,2,A,-,08,22107,,N,C,E,A,A,H,-,C,A,0,,,,,Y,,-,,1,0,0,0,0,0,0,0,0,"- ","- ",34.416599273681641,-119.71057891845703,"SANTA BARBARA","SANTA BARBARA",-119.71044158935547,34.416534423828125
9658158,2024,2024-03-05,4203,2024-01-12,1948,24093,12,5,5,5,4203,0,0,0,,0,001,"800 E CABRILLO BL","MILPAS ST",318.00,W,N,A,-,N,,,,,,,,,,N,2,0,1,2,A,-,11,21954,A,N,G,B,D,A,H,-,C,A,0,Y,,,,Y,Y,N,60,1,0,0,0,1,0,0,0,0,"- ","- ",34.416610717773438,-119.67250061035156,"SANTA BARBARA","SANTA BARBARA",-119.67325592041016,34.416572570800781
9661660,2023,2024-03-01,4203,2023-12-24,1425,2106,56,7,5,5,4203,0,0,0,,0,005,"RT 154","LA COLINA RD",347.00,N,N,A,-,N,,,,,,,,,,N,2,0,2,1,A,-,08,22107,,N,E,I,A,A,H,-,A,D,0,,,,,Y,,A,07,1,1,0,0,0,0,0,0,0,"- ","- ",34.443138122558594,-119.75462341308594,"SANTA BARBARA","SANTA BARBARA",-119.75984954833984,34.445194244384766