CASE_ID,ACCIDENT_YEAR,PROC_DATE,JURIS,COLLISION_DATE,COLLISION_TIME,OFFICER_ID,REPORTING_DISTRICT,DAY_OF_WEEK,CHP_SHIFT,POPULATION,CNTY_CITY_LOC,SPECIAL_COND,BEAT_TYPE,CHP_BEAT_TYPE,CITY_DIVISION_LAPD,CHP_BEAT_CLASS,BEAT_NUMBER,PRIMARY_RD,SECONDARY_RD,DISTANCE,DIRECTION,INTERSECTION,WEATHER_1,WEATHER_2,STATE_HWY_IND,CALTRANS_COUNTY,CALTRANS_DISTRICT,STATE_ROUTE,ROUTE_SUFFIX,POSTMILE_PREFIX,POSTMILE,LOCATION_TYPE,RAMP_INTERSECTION,SIDE_OF_HWY,TOW_AWAY,COLLISION_SEVERITY,NUMBER_KILLED,NUMBER_INJURED,PARTY_COUNT,PRIMARY_COLL_FACTOR,PCF_CODE_OF_VIOL,PCF_VIOL_CATEGORY,PCF_VIOLATION,PCF_VIOL_SUBSECTION,HIT_AND_RUN,TYPE_OF_COLLISION,MVIW,PED_ACTION,ROAD_SURFACE,ROAD_COND_1,ROAD_COND_2,LIGHTING,CONTROL_DEVICE,CHP_ROAD_TYPE,PEDESTRIAN_ACCIDENT,BICYCLE_ACCIDENT,MOTORCYCLE_ACCIDENT,TRUCK_ACCIDENT,NOT_PRIVATE_PROPERTY,ALCOHOL_INVOLVED,STWD_VEHTYPE_AT_FAULT,CHP_VEHTYPE_AT_FAULT,COUNT_SEVERE_INJ,COUNT_VISIBLE_INJ,COUNT_COMPLAINT_PAIN,COUNT_PED_KILLED,COUNT_PED_INJURED,COUNT_BICYCLIST_KILLED,COUNT_BICYCLIST_INJURED,COUNT_MC_KILLED,COUNT_MC_INJURED,PRIMARY_RAMP,SECONDARY_RAMP,LATITUDE,LONGITUDE,COUNTY,CITY,POINT_X,POINT_Y
9670287,2024,2024-05-23,4203,2024-03-18,1921,24319,14,1,5,5,4203,0,0,0,,0,003,"OLIVE ST","FIGUEROA ST",103.00,N,N,A,-,N,,,,,,,,,,Y,2,0,1,4,A,-,08,22107,,N,B,E,A,A,H,-,B,D,0,,,Y,,Y,,C,02,1,0,0,0,0,0,0,0,1,"- ","- ",34.427490234375,-119.69725799560547,"SANTA BARBARA","SANTA BARBARA",-119.69773864746094,34.427967071533203
9670714,2023,2024-02-27,4203,2023-10-27,1642,23094,72,5,5,5,4203,0,0,0,,0,001,"SUMMIT RD","RAMETTO RD",116.00,N,N,A,-,N,,,,,,,,,,,2,0,2,2,A,-,05,21651,B,N,G,-,E,A,H,-,A,A,0,Y,Y,,,Y,Y,M,91,1,1,0,0,1,0,1,0,0,"- ","- ",34.428001403808594,-119.65560150146484,"SANTA BARBARA","SANTA BARBARA",-119.65560913085938,34.427757263183594
9673629,2024,2024-04-25,4203,2024-02-13,1522,24079,52,2,5,5,4203,0,0,0,,0,005,"STATE ST","HITCHCOCK WY",0.00,,Y,A,-,N,,,,,,,,,,N,2,0,1,2,A,-,03,22350,,N,H,G,A,A,H,-,A,A,0,,Y,,,Y,,M,91,1,0,0,0,0,0,1,0,0,"- ","- ",34.440399169921875,-119.74449157714844,"SANTA BARBARA","SANTA BARBARA",-119.74445343017578,34.440391540527344
9686606,2024,2024-07-15,4200,2024-05-19,1438,5749,14,7,5,4,4214,0,0,0,,0,080,"CATHEDRAL OAKS RD","EVERGREEN DR",162.00,E,N,B,-,N,,,,,,,,,,Y,2,0,1,2,A,-,03,22350,,F,D,E,A,A,H,-,A,D,0,,,,,Y,Y,A,01,1,0,0,0,0,0,0,0,0,"- ","- ",,,"SANTA BARBARA",GOLETA,-119.88775634765625,34.441551208496094
9692255,2024,2024-05-22,4203,2024-03-29,1035,24582,28,5,5,5,4203,0,0,0,,0,006,"MODOC RD","LAS POSITAS RD",86.00,E,N,A,-,N,,,,,,,,,,Y,2,0,2,1,C,-,18,,,N,E,I,A,A,H,-,A,A,0,,,,,Y,,-,"- ",2,0,0,0,0,0,0,0,0,"- ","- ",34.424648284912109,-119.73024749755859,"SANTA BARBARA","SANTA BARBARA",-119.73460388183594,34.425941467285156
9692256,2024,2024-05-22,4203,2024-03-10,1029,26946,13,7,5,5,4203,0,0,0,,0,002,"W CABRILLO BLVD","CHAPALA ST",2.00,E,N,A,-,N,,,,,,,,,,N,2,0,1,1,C,-,18,,,N,H,G,A,A,H,-,A,A,0,,Y,,,Y,,-,"- ",1,0,0,0,0,0,1,0,0,"- ","- ",34.409099578857422,-119.68589782714844,"SANTA BARBARA","SANTA BARBARA",-119.69032287597656,34.41119384765625
9699806,2024,2024-06-07,4203,2024-04-03,1304,24582,66,3,5,5,4203,0,0,0,,0,001,"N ALISOS ST","0RTEGA ST",202.00,N,N,A,-,N,,,,,,,,,,N,2,0,1,1,C,-,18,,,N,H,A,A,A,H,-,A,A,0,,Y,,,Y,Y,-,"- ",1,0,0,0,0,0,1,0,0,"- ","- ",34.429309844970703,-119.68672943115234,"SANTA BARBARA","SANTA BARBARA",,
9702715,2024,2024-07-24,4203,2024-05-18,1708,26710,33,6,5,5,4203,0,0,0,,0,004,"MICHELTORENA ST","DE LA VINA ST",0.00,,Y,A,B,N,,,,,,,,,,N,2,0,1,2,A,-,12,21453,A,N,H,G,A,A,H,-,A,A,0,,Y,,,Y,,L,04,1,0,0,0,0,0,1,0,0,"- ","- ",34.424068450927734,-119.71060180664062,"SANTA BARBARA","SANTA BARBARA",-119.71056365966797,34.424045562744141
9714532,2024,2024-07-15,4203,2024-02-12,1549,25932,66,1,5,5,4203,0,0,0,,0,001,"N MILPAS ST","E DE LA GUERRA ST",0.00,,Y,A,-,N,,,,,,,,,,N,2,0,1,2,A,-,06,21755,,N,A,C,A,A,H,-,A,A,0,,,Y,,Y,,C,03,1,0,0,0,0,0,0,0,1,"- ","- ",34.429229736328125,-119.68911743164062,"SANTA BARBARA","SANTA BARBARA",-119.68917846679688,34.42913818359375
9716460,2024,2024-07-25,4200,2024-06-07,1231,5751,14,5,5,4,4214,0,0,0,,0,060,"N FAIRVIEW AV","S FAIRVIEW AV",0.00,,Y,A,-,N,,,,,,,,,,N,2,0,2,3,A,-,09,21802,A,N,D,C,A,A,H,-,A,A,0,,,,,Y,,A,01,2,0,0,0,0,0,0,0,0,"- ","- ",,,"SANTA BARBARA",GOLETA,-119.83235931396484,34.439193725585938
9719462,2024,2025-04-04,4202,2024-06-27,1555,239,LOMPO,4,5,4,4202,0,0,0,,0,,"ALLEY BTWN G & F","CYPRESS AV",55.00,N,N,A,-,N,,,,,,,,,,Y,2,0,4,5,A,-,03,22350,,F,G,B,E,A,H,-,A,D,0,Y,,,,Y,,A,01,1,1,2,0,2,0,0,0,0,"- ","- ",,,"SANTA BARBARA",LOMPOC,-120.45536041259766,34.637439727783203
9719702,2024,2024-08-23,4200,2024-07-07,1258,5831,14,7,5,4,4214,0,0,0,,0,050,"GLEN ANNIE RD","CALLE REAL",0.00,,Y,A,-,N,,,,,,,,,,Y,2,0,1,2,A,-,08,22107,,N,D,C,A,A,H,-,A,A,0,,,Y,,Y,,A,01,1,0,0,0,0,0,0,0,1,"- ","- ",,,"SANTA BARBARA",GOLETA,-119.87116241455078,34.4351806640625
9720231,2024,2024-08-29,4200,2024-07-02,2237,5460,14,2,5,4,4214,0,0,0,,0,050,"LOS CARNEROS RD","RT 101",0.00,,Y,A,-,Y,SB,5,101,-,-,23.520,R,4,N,Y,2,0,1,1,A,-,01,23152,B,N,E,I,A,A,H,-,C,A,0,,,,,Y,Y,A,01,1,0,0,0,0,0,0,0,0,"- ",NO,,,"SANTA BARBARA",GOLETA,-119.84728240966797,34.438079833984375
9720510,2024,2024-08-20,4203,2024-07-18,1201,24582,44,4,5,5,4203,0,0,0,,0,003,"DE LA GUERRA ST","SALSIPUEDES ST",0.00,,Y,A,-,N,,,,,,,,,,Y,2,0,3,2,A,-,01,23153,A,F,D,C,A,A,H,-,A,D,0,,,,,Y,Y,A,01,1,0,2,0,0,0,0,0,0,"- ","- ",34.425949096679688,-119.69248962402344,"SANTA BARBARA","SANTA BARBARA",-119.69252777099609,34.425998687744141
9724380,2024,2024-09-09,4203,2024-07-16,1700,24837,28,2,5,5,4203,0,0,0,,0,006,"MODOC RD","CALLE DE LOS AMIGOS",0.00,,Y,A,-,N,,,,,,,,,,N,2,0,1,2,A,-,12,22450,A,N,H,C,A,A,H,-,A,A,0,,,Y,,Y,,O,05,1,0,0,0,0,0,0,0,1,"- ","- ",34.432758331298828,-119.74848937988281,"SANTA BARBARA","SANTA BARBARA",-119.74807739257812,34.432777404785156
9726271,2024,2024-09-06,4200,2024-06-22,1035,4733,14,6,5,2,4206,0,0,0,,0,,"ALAMO PINTADO RD","MISSION DR",231.00,N,N,A,-,N,,,,,,,,,,N,2,0,1,2,A,-,10,21950,,N,A,G,A,A,H,-,A,D,0,,Y,,,Y,,A,01,1,0,0,0,0,0,1,0,0,"- ","- ",,,"SANTA BARBARA",SOLVANG,-120.12860107421875,34.599254608154297
9726300,2024,2024-08-27,4200,2024-07-25,1003,5751,14,4,5,4,4214,0,0,0,,0,050,"CALLE REAL","N FAIRVIEW AV",515.00,W,N,A,-,N,,,,,,,,,,N,2,0,2,2,A,-,03,22350,,N,C,C,A,A,H,-,A,D,0,,,Y,,Y,,C,02,1,1,0,0,0,0,0,0,2,"- ","- ",,,"SANTA BARBARA",GOLETA,-119.83204650878906,34.440914154052734
9726431,2024,2024-08-27,4203,2024-07-05,"715 ",23094,11,5,5,5,4203,0,0,0,,0,001,"S MILPAS ST","CACIQUE ST",2.00,S,N,A,-,N,,,,,,,,,,N,2,0,1,2,D,-,00,,,F,G,B,B,A,H,-,A,A,0,Y,,,,Y,,-,"- ",1,0,0,0,1,0,0,0,0,"- ","- ",34.419601440429688,-119.67630004882812,"SANTA BARBARA","SANTA BARBARA",-119.67634582519531,34.419765472412109
9726548,2024,2024-08-29,4203,2024-08-06,1804,26677,48,2,5,5,4203,0,0,0,,0,003,"E LOS OLIVIOS ST","ALAMEDA PADRE SERRA",231.00,W,N,A,-,N,,,,,,,,,,Y,2,0,1,1,A,-,03,22350,,N,F,A,A,A,H,-,A,D,0,,,Y,,Y,,C,02,1,0,0,0,0,0,0,0,1,"- ","- ",34.438671112060547,-119.71296691894531,"SANTA BARBARA","SANTA BARBARA",-119.71310424804688,34.439670562744141
9733343,2024,2024-09-26,4203,2024-08-28,"809 ",27207,52,3,5,5,4203,0,0,0,,0,005,"STATE ST","ONTARE RD",46.00,E,N,A,-,N,,,,,,,,,,N,2,0,1,2,A,-,08,22107,,N,H,G,A,A,H,-,A,A,0,,Y,,,Y,,D,22,1,0,0,0,0,0,1,0,0,"- ","- ",34.439060211181641,-119.73497009277344,"SANTA BARBARA","SANTA BARBARA",-119.73993682861328,34.440418243408203
9736325,2024,2024-09-24,4203,2024-08-23,1350,24582,21,5,5,5,4203,0,0,0,,0,006,"W CARRILLO ST","SAN ANDRES ST",335.00,E,N,A,-,N,,,,,,,,,,N,2,0,1,2,A,-,05,21460,A,N,D,C,A,A,H,-,A,A,0,,,,,Y,,A,01,1,0,0,0,0,0,0,0,0,"- ","- ",34.414901733398438,-119.71070098876953,"SANTA BARBARA","SANTA BARBARA",-119.70956420898438,34.414970397949219
9744043,2024,2024-10-21,4203,2024-08-23,2018,25527,42,5,5,5,4203,0,0,0,,0,004,"STATE ST","SOLA ST",126.00,N,N,A,-,N,,,,,,,,,,N,2,0,1,2,D,-,00,,,N,H,G,A,A,H,-,C,D,0,,Y,,,Y,Y,-,"- ",1,0,0,0,0,0,1,0,0,"- ","- ",34.423408508300781,-119.70220947265625,"SANTA BARBARA","SANTA BARBARA",-119.70734405517578,34.425468444824219
9744136,2024,2024-10-18,4203,2024-08-29,1806,25527,34,4,5,5,4203,0,0,0,,0,003,"STATE ST","1ST W ARRELLAGA ST",99.00,S,N,A,-,N,,,,,,,,,,N,2,0,1,2,A,-,03,22350,,N,H,G,A,A,H,-,A,A,0,,Y,,,Y,,L,04,1,0,0,0,0,0,1,0,0,"- ","- ",34.427101135253906,-119.70960998535156,"SANTA BARBARA","SANTA BARBARA",-119.70934295654297,34.426921844482422
9745579,2024,2024-10-24,4203,2024-06-16,1505,25932,77,7,5,5,4203,0,0,0,,0,001,"MOUNTAIN DR","EL CIELITO RD",243.00,S,N,A,-,N,,,,,,,,,,N,2,0,1,2,A,-,05,21202,A,N,H,G,A,A,H,-,A,D,0,,Y,,,Y,,L,04,1,0,0,0,0,0,1,0,0,"- ","- ",34.445999145507812,-119.68299865722656,"SANTA BARBARA","SANTA BARBARA",-119.6895751953125,34.449127197265625
9746572,2024,2024-11-05,4203,2024-09-17,1527,24079,20,2,5,5,4203,0,0,0,,0,002,"W CANON PERDIDO ST","SAN PASCUAL ST",2.00,W,N,A,-,N,,,,,,,,,,N,2,0,1,2,A,-,12,22450,A,N,H,G,A,A,H,-,A,A,0,,Y,,,Y,,L,04,1,0,0,0,0,0,1,0,0,"- ","- ",34.414279937744141,-119.70735931396484,"SANTA BARBARA","SANTA BARBARA",-119.70732116699219,34.414226531982422
9751631,2024,2024-11-06,4203,2024-08-08,1730,24215,35,4,5,5,4203,0,0,0,,0,004,"W MISSION ST","DE LA VINA ST",68.00,E,N,A,-,N,,,,,,,,,,N,2,0,1,2,D,-,00,,,F,H,G,A,A,H,-,A,D,0,,Y,,,Y,,-,"- ",1,0,0,0,0,0,1,0,0,"- ","- ",34.428928375244141,-119.71672821044922,"SANTA BARBARA","SANTA BARBARA",-119.71682739257812,34.428882598876953
9752838,2024,2024-11-07,4203,2024-08-09,1521,26909,14,5,5,5,4203,0,0,0,,0,002,"CASTILLO ST","W HALEY ST",280.00,S,N,A,-,N,,,,,,,,,,N,2,0,1,1,A,-,03,22350,,N,H,G,A,B,H,-,A,A,0,,Y,,,Y,,L,04,1,0,0,0,0,0,1,0,0,"- ","- ",34.411121368408203,-119.69496154785156,"SANTA BARBARA","SANTA BARBARA",-119.70065307617188,34.413089752197266
9753105,2024,2024-11-12,4203,2024-09-26,1447,24582,20,4,5,5,4203,0,0,0,,0,002,"SAN PASCUAL ST","FREMONT PL",6.00,E,N,A,-,N,,,,,,,,,,N,2,0,2,2,A,-,05,21650,,N,D,J,A,A,H,-,A,A,0,,,,,Y,,M,94,1,1,0,0,0,0,0,0,0,"- ","- ",34.410980224609375,-119.70292663574219,"SANTA BARBARA","SANTA BARBARA",-119.70290374755859,34.410919189453125
9753992,2024,2024-11-26,4203,2024-09-20,"818 ",24582,44,5,5,5,4203,0,0,0,,0,003,"E ORTEGA ST","SALSIPUEDES ST",186.00,E,N,A,-,N,,,,,,,,,,N,2,0,1,2,A,-,03,22350,,N,H,G,A,A,H,-,A,A,0,,Y,,,Y,,M,91,1,0,0,0,0,0,1,0,0,"- ","- ",34.425010681152344,-119.69123077392578,"SANTA BARBARA","SANTA BARBARA",-119.69086456298828,34.425453186035156
9754455,2024,2024-12-02,4203,2024-10-08,1351,24079,12,2,5,5,4203,0,0,0,,0,002,"HELENA AV","YANONALI ST",3.00,N,N,A,-,N,,,,,,,,,,N,2,0,1,1,A,-,08,22107,,N,H,G,A,A,H,-,A,D,0,,Y,,,Y,,L,04,1,0,0,0,0,0,1,0,0,"- ","- ",34.414440155029297,-119.69103240966797,"SANTA BARBARA","SANTA BARBARA",-119.6910400390625,34.414596557617188
9754460,2024,2024-12-05,4202,2024-10-27,1218,81112,LOMPO,7,5,4,4202,0,0,0,,0,,"N H ST","WEST OAK AV",125.00,S,N,A,-,N,,,,,,,,,,N,2,0,1,2,B,-,22,,,N,D,G,A,A,H,-,A,D,0,,Y,,,Y,,M,91,1,0,0,0,0,0,1,0,0,"- ","- ",,,"SANTA BARBARA",LOMPOC,-120.45774078369141,34.651454925537109
9757606,2024,2024-12-09,4203,2024-04-13,2157,26909,50,6,5,5,4203,0,0,0,,0,005,"STATE ST","PUEBLO ST",36.00,S,N,B,F,N,,,,,,,,,,N,2,0,1,1,C,-,18,,,N,H,G,A,B,H,-,C,D,0,,Y,,,Y,,-,"- ",1,0,0,0,0,0,1,0,0,"- ","- ",34.433631896972656,-119.71852111816406,"SANTA BARBARA","SANTA BARBARA",-119.71842956542969,34.433525085449219
9757607,2024,2024-12-09,4203,2024-04-06,1311,24582,40,6,5,5,4203,0,0,0,,0,003,"STATE ST","COTA ST",113.00,N,N,A,-,N,,,,,,,,,,N,2,0,1,2,D,-,00,,,F,H,G,A,A,H,-,A,D,0,,Y,,,Y,,-,"- ",1,0,0,0,0,0,1,0,0,"- ","- ",34.417678833007812,-119.69674682617188,"SANTA BARBARA","SANTA BARBARA",-119.69707489013672,34.417934417724609
9762252,2024,2024-12-31,4203,2024-09-05,1707,25508,55,4,5,5,4203,0,0,0,,0,005,"STATE ST","HOPE AV",0.00,,Y,A,-,N,,,,,,,,,,N,2,0,1,2,A,-,11,21456,B,N,G,B,B,A,H,-,A,A,0,Y,,,,Y,,N,60,1,0,0,0,1,0,0,0,0,"- ","- ",34.440448760986328,-119.74671936035156,"SANTA BARBARA","SANTA BARBARA",-119.74671936035156,34.440479278564453
9762284,2024,2024-12-31,4203,2024-09-28,1045,24582,33,6,5,5,4203,0,0,0,,0,004,"CHAPALA ST","MICHELTORENA ST",257.00,S,N,A,-,N,,,,,,,,,,Y,2,0,1,1,A,-,03,22350,,N,E,I,A,A,H,-,A,A,0,,,,,Y,,D,22,1,0,0,0,0,0,0,0,0,"- ","- ",34.425090789794922,-119.70950317382812,"SANTA BARBARA","SANTA BARBARA",-119.70879364013672,34.424686431884766
9762502,2024,2024-12-24,4203,2024-12-07,2333,27210,45,6,5,5,4203,0,0,0,,0,003,"CARRILLO ST","SANTA BARBARA ST",0.00,,Y,A,-,N,,,,,,,,,,Y,2,0,5,2,A,-,01,23152,A,N,D,C,A,A,H,-,C,A,0,,,,,Y,Y,A,01,2,2,1,0,0,0,0,0,0,"- ","- ",34.423721313476562,-119.69959259033203,"SANTA BARBARA","SANTA BARBARA",-119.69963836669922,34.423641204833984
9764462,2024,2025-01-24,4203,2024-11-21,1655,26223,11,4,5,5,4203,0,0,0,,0,005,"HOLLISTER AV","AERO CAMINO",670.00,S,N,A,-,N,,,,,,,,,,N,2,0,1,2,A,-,08,22107,,N,A,G,A,A,H,-,A,D,0,,Y,,,Y,,A,08,1,0,0,0,0,0,1,0,0,"- ","- ",34.431610107421875,-119.84633636474609,"SANTA BARBARA","SANTA BARBARA",-119.85057830810547,34.431072235107422
9765237,2024,2025-02-12,4203,2024-12-08,1538,27323,63,7,5,5,4203,0,0,0,,0,001,"CACIQUE ST","SOUTH VOLUNTARIO ST",0.00,,Y,A,-,N,,,,,,,,,,Y,2,0,1,2,D,-,00,,,F,D,G,A,A,H,-,A,A,0,,Y,,,Y,,-,"- ",1,0,0,0,0,0,1,0,0,"- ","- ",34.421829223632812,-119.67408752441406,"SANTA BARBARA","SANTA BARBARA",-119.67408752441406,34.421840667724609
9767808,2024,2024-12-17,4203,2024-11-29,1858,27319,45,5,5,5,4203,0,0,0,,0,003,"E FIGUEROA ST","E FIGUEROA ST 400",22.00,S,N,A,-,N,,,,,,,,,,Y,2,0,2,4,A,-,01,23152,A,N,C,E,A,A,H,-,D,D,0,,,,,Y,Y,A,07,1,0,1,0,0,0,0,0,0,"- ","- ",34.426410675048828,-119.69898986816406,"SANTA BARBARA","SANTA BARBARA",-119.70317077636719,34.422409057617188
9776284,2025,2025-02-04,4203,2025-01-11,1556,24582,9,6,5,5,4203,0,0,0,,0,002,"STEARNS WHARF","CABRILLO BL",0.00,,Y,A,-,N,,,,,,,,,,Y,2,0,6,13,A,-,03,22350,,N,B,C,F,A,H,-,A,D,0,Y,,,,Y,,A,08,1,5,0,0,4,0,0,0,0,"- ","- ",34.410110473632812,-119.68467712402344,"SANTA BARBARA","SANTA BARBARA",-119.68919372558594,34.412185668945312
9776424,2024,2025-02-06,4203,2024-10-31,1841,27210,20,4,5,5,4203,0,0,0,,0,002,"SAN PASCUAL","ORTEGA ST",56.00,S,N,A,-,N,,,,,,,,,,Y,2,0,1,3,C,-,18,,,N,C,E,A,A,H,-,C,D,0,,,,,Y,,-,"- ",1,0,0,0,0,0,0,0,0,"- ","- ",34.412380218505859,-119.70487213134766,"SANTA BARBARA","SANTA BARBARA",-119.70467376708984,34.412239074707031
9781114,2024,2025-02-07,4203,2024-11-22,1006,24582,52,5,5,5,4203,0,0,0,,0,005,"STATE ST","BROADMOOR PLZ",10.00,E,N,A,-,N,,,,,,,,,,N,2,0,1,2,A,-,11,21456,B,N,G,B,B,A,H,-,A,A,0,Y,,,,Y,,N,60,1,0,0,0,1,0,0,0,0,"- ","- ",34.440521240234375,-119.73660278320312,"SANTA BARBARA","SANTA BARBARA",-119.73741912841797,34.440410614013672
9781119,2024,2025-02-07,4203,2024-11-30,2253,24837,43,6,5,5,4203,0,0,0,,0,003,"HALEY ST","SANTA BARBARA ST",0.00,,Y,A,-,N,,,,,,,,,,Y,2,0,1,2,A,-,05,21650,,F,H,G,A,A,H,-,C,A,0,,Y,,,Y,,M,91,1,0,0,0,0,0,1,0,0,"- ","- ",34.418968200683594,-119.69331359863281,"SANTA BARBARA","SANTA BARBARA",-119.69322967529297,34.418960571289062
9786088,2024,2025-04-01,4204,2024-05-02,1506,22113,21,4,5,5,4204,0,0,0,,0,003,"SKYWAY DR","HANGAR ST",0.00,,Y,A,-,N,,,,,,,,,,Y,1,1,0,2,A,-,09,21802,A,N,D,C,A,A,H,-,A,A,0,,,,,Y,,-,,0,0,0,0,0,0,0,0,0,"- ","- ",34.904781341552734,-120.45140075683594,"SANTA BARBARA","SANTA MARIA",-120.45151519775391,34.904575347900391
9786248,2024,2025-05-03,4204,2024-08-01,"915 ",90415,014,4,5,5,4204,0,0,0,,0,002,"STOWELL ST","BRADLEY RD",0.00,,Y,A,-,N,,,,,,,,,,Y,1,2,1,2,A,-,12,21453,A,N,D,C,A,A,H,-,A,A,0,,,,,Y,,A,01,0,1,0,0,0,0,0,0,0,"- ","- ",34.938278198242188,-120.41947174072266,"SANTA BARBARA","SANTA MARIA",-120.41941833496094,34.938343048095703
9786296,2024,2025-05-20,4204,2024-08-25,"113 ",91519,21,7,5,5,4204,0,0,0,,0,003,"SKYWAY DR","AUTO PARK DR",290.00,W,N,A,-,N,,,,,,,,,,Y,1,1,1,2,A,-,01,23152,A,N,A,C,A,A,H,-,C,D,0,,,,Y,Y,Y,F,26,0,1,0,0,0,0,0,0,0,"- ","- ",34.894699096679688,-120.43916320800781,"SANTA BARBARA","SANTA MARIA",-120.43995666503906,34.894859313964844
9790378,2025,2025-05-09,4203,2025-02-10,1632,27324,30,1,5,5,4203,0,0,0,,0,004,"CASTILLO ST","HALEY ST",54.00,S,N,A,-,N,,,,,,,,,,N,2,0,1,1,A,-,03,22350,,N,F,A,A,A,H,-,A,A,0,,,Y,,Y,,C,02,1,0,0,0,0,0,0,0,1,"- ","- ",34.412700653076172,-119.69988250732422,"SANTA BARBARA","SANTA BARBARA",-119.70003509521484,34.412754058837891
9790480,2025,2025-03-20,4200,2025-02-28,"739 ",5747,,5,5,2,4206,0,0,0,,0,,"MISSION DR","MISSION DR 1210",0.00,,N,A,-,Y,SB,5,246,-,-,28.570,H,-,E,Y,2,0,1,1,B,-,22,,,N,H,I,A,A,H,-,A,D,0,,,,,Y,,A,01,1,0,0,0,0,0,0,0,0,"- ","- ",,,"SANTA BARBARA",SOLVANG,-120.15416717529297,34.595615386962891
9792276,2025,2025-03-18,4203,2025-02-17,"127 ",25595,40,1,5,5,4203,0,0,0,,0,004,"GUTIERREZ ST","MOTOR WY",5.00,W,N,A,-,N,,,,,,,,,,N,2,0,1,1,C,-,18,,,N,H,A,A,A,H,-,C,A,0,,,,,Y,,-,"- ",1,0,0,0,0,0,0,0,0,"- ","- ",34.415340423583984,-119.69467163085938,"SANTA BARBARA","SANTA BARBARA",-119.69464874267578,34.415439605712891
9793090,2025,2025-03-18,4203,2025-02-24,"921 ",24576,51,1,5,5,4203,0,0,0,,0,005,"STATE ST","CALLE LAURELES",0.00,,Y,A,-,N,,,,,,,,,,,2,0,1,2,A,-,09,21801,A,N,A,C,A,A,H,-,A,A,0,,,Y,,Y,,A,01,1,0,0,0,0,0,0,0,1,"- ","- ",34.440418243408203,-119.72821807861328,"SANTA BARBARA","SANTA BARBARA",-119.7281494140625,34.440372467041016
9793503,2024,2025-03-14,4203,2024-10-12,2158,25912,5,6,5,5,4203,0,0,0,,0,005,"LA CUMBRE PLAZA LN","PLAZA AV",61.00,W,N,A,-,N,,,,,,,,,,N,2,0,1,2,D,-,00,,,F,H,G,A,A,H,-,C,D,0,,Y,,,Y,,-,"- ",1,0,0,0,0,0,1,0,0,"- ","- ",34.438831329345703,-119.74942016601562,"SANTA BARBARA","SANTA BARBARA",-119.74931335449219,34.438800811767578
9799617,2025,2025-04-03,4202,2025-02-02,1142,81112,LOMPO,7,5,4,4202,0,0,0,,0,,"E OCEAN AV","S E ST",15.00,E,N,A,-,N,,,,,,,,,,N,2,0,1,2,A,-,09,21804,A,N,D,G,A,A,H,-,A,D,0,,Y,,Y,Y,,F,26,1,0,0,0,0,0,1,0,0,"- ","- ",,,"SANTA BARBARA",LOMPOC,-120.45401763916016,34.638950347900391
9805726,2025,2025-05-16,4200,2025-03-30,"730 ",5832,14,7,5,4,4214,0,0,0,,0,050,"CATHEDRAL OAKS RD","HIDDEN LN",10.00,W,N,C,-,N,,,,,,,,,,Y,2,0,1,1,A,-,01,23152,F,N,E,I,A,B,H,-,A,D,0,,,,,Y,,A,01,1,0,0,0,0,0,0,0,0,"- ","- ",,,"SANTA BARBARA",GOLETA,-119.82749938964844,34.451480865478516
9809900,2025,2025-05-30,4203,2025-04-26,1933,7897,45,6,5,5,4203,0,0,0,,0,003,"GARDEN ST","CARRILLO ST",60.00,N,N,A,-,N,,,,,,,,,,N,2,0,2,1,A,-,01,23152,A,N,H,G,A,A,D,-,B,D,0,,Y,,,Y,Y,L,04,1,1,0,0,0,0,2,0,0,"- ","- ",34.423999786376953,-119.697998046875,"SANTA BARBARA","SANTA BARBARA",-119.69862365722656,34.424785614013672
9817272,2025,2025-06-27,4203,2025-06-10,1924,27541,28,2,5,5,4203,0,0,0,,0,006,"LAS POSITAS RD","RT 101",0.00,,Y,A,-,Y,SB,5,101,-,-,16.321,R,4,S,Y,2,0,3,2,A,-,12,21453,A,N,D,C,A,A,H,-,A,A,0,,,,,Y,Y,A,01,1,1,1,0,0,0,0,0,0,"- ",SF,34.427829742431641,-119.73355102539062,"SANTA BARBARA","SANTA BARBARA",-119.72971343994141,34.427158355712891
9826106,2024,2025-06-17,4203,2024-11-08,2118,25912,53,5,5,5,4203,0,0,0,,0,005,"STATE ST","HITCHCOCK WY",12.00,W,N,A,-,N,,,,,,,,,,N,2,0,1,1,A,-,03,22350,,N,F,A,A,A,H,-,C,A,0,,Y,,,Y,,M,91,1,0,0,0,0,0,1,0,0,"- ","- ",34.440361022949219,-119.74462127685547,"SANTA BARBARA","SANTA BARBARA",-119.74449157714844,34.440391540527344
9828241,2025,2025-07-02,4203,2025-05-04,1440,23136,56,7,5,5,4203,0,0,0,,0,005,"PESETAS LN","LA COLINA RD",78.00,S,N,A,-,N,,,,,,,,,,N,2,0,1,2,A,-,03,22350,,M,H,G,A,A,H,-,A,D,0,,Y,,,Y,,L,04,1,0,0,0,0,0,1,0,0,"- ","- ",34.444019317626953,-119.75839996337891,"SANTA BARBARA","SANTA BARBARA",-119.7584228515625,34.444015502929688